7	6			18	8
8					18
9	6			39	8
10					39
11	9		0	0	8
12					0
13	4	0x008e	290	64	8
14					64
15	4	0x008e	16418	64	8
16					64
17	4	0x008e	32546	64	8
18					64
19	4	0x008e	48674	64	8
20					64
21	4	0x008e	64802	4	8
22					4
23	4	0x0083	0	2	10
24					0
25	12	0x008c	16	1	9
26					0
27	12	0x008c	19	1	9
28					0
29	4	0x0083	0	64	72
30					0
31	4	0x0083	0	64	72
32					0
33	4	0x0083	0	64	72
34					0
35	4	0x0083	0	8	16
36					0
37	4	0x0083	0	54	62
38					0
39	4	0x0084	57862	4	8
40					4
41	4	0x008e	290	64	8
42					64
43	4	0x008e	16418	64	8
44					64
45	4	0x008e	32546	64	8
46					64
47	4	0x008e	48674	64	8
48					64
49	4	0x008e	64802	4	8
50					4
51	4	0x008e	16674	2	8
52					2
53	4	0x008e	2594	2	8
54					2
55	4	0x0083	0	2	10
56					0
57	4	0x008e	16418	2	8
58					2
59	4	0x0083	0	2	10
60					0
61	4	0x0083	0	2	10
62					0
63	4	0x0083	0	2	10
64					0
65	4	0x0083	0	2	10
66					0
67	4	0x0083	0	2	10
68					0
69	4	0x008e	290	64	8
70					64
71	4	0x008e	16418	64	8
72					64
73	4	0x008e	32546	64	8
74					64
75	4	0x008e	48674	64	8
76					64
77	4	0x008e	64802	4	8
78					4
79	4	0x0083	0	2	10
80					0
81	12	0x008c	16	1	9
82					0
83	12	0x008c	19	1	9
84					0
85	4	0x0083	0	64	72
86					0
87	4	0x0083	0	64	72
88					0
89	4	0x0083	0	64	72
90					0
91	4	0x0083	0	8	16
92					0
93	4	0x0083	0	54	62
94					0
95	4	0x0084	57862	4	8
96					4
97	4	0x008e	290	64	8
98					64
99	4	0x008e	16418	64	8
100					64
101	4	0x008e	32546	64	8
102					64
103	4	0x008e	48674	64	8
104					64
105	4	0x008e	64802	4	8
106					4
107	4	0x008e	16674	2	8
108					2
109	4	0x008e	2594	2	8
110					2
111	4	0x0083	0	2	10
112					0
113	4	0x008e	16418	2	8
114					2
115	4	0x0083	0	2	10
116					0
117	4	0x0083	0	2	10
118					0
119	4	0x0083	0	2	10
120					0
121	4	0x0083	0	2	10
122					0
123	4	0x0083	0	2	10
124					0
125	4	0x008e	290	64	8
126					64
127	4	0x008e	16418	64	8
128					64
129	4	0x008e	32546	64	8
130					64
131	4	0x008e	48674	64	8
132					64
133	4	0x008e	64802	4	8
134					4
135	4	0x0083	0	2	10
136					0
137	12	0x008c	16	1	9
138					0
139	12	0x008c	19	1	9
140					0
141	4	0x0083	0	64	72
142					0
143	4	0x0083	0	64	72
144					0
145	4	0x0083	0	64	72
146					0
147	4	0x0083	0	8	16
148					0
149	4	0x0083	0	54	62
150					0
151	4	0x0084	57862	4	8
152					4
153	4	0x008e	290	64	8
154					64
155	4	0x008e	16418	64	8
156					64
157	4	0x008e	32546	64	8
158					64
159	4	0x008e	48674	64	8
160					64
161	4	0x008e	64802	4	8
162					4
163	4	0x008e	16674	2	8
164					2
165	4	0x008e	2594	2	8
166					2
167	4	0x0083	0	2	10
168					0
169	4	0x008e	16418	2	8
170					2
171	4	0x008e	290	64	8
172					64
173	4	0x008e	16418	64	8
174					64
175	4	0x008e	32546	64	8
176					64
177	4	0x008e	48674	64	8
178					64
179	4	0x008e	64802	4	8
180					4
181	4	0x008e	16674	2	8
182					2
183	12	0x008e	11	1	8
184					1
185	4	0x0083	0	64	72
186					0
187	4	0x0083	0	64	72
188					0
189	4	0x0083	0	64	72
190					0
191	4	0x0083	0	8	16
192					0
193	4	0x0083	0	54	62
194					0
195	4	0x0083	0	54	62
196					0
197	4	0x0083	0	2	10
198					0
199	12	0x008c	16	1	9
200					0
201	12	0x008c	19	1	9
202					0
203	4	0x008e	290	64	8
204					64
205	4	0x008e	16418	64	8
206					64
207	4	0x008e	32546	64	8
208					64
209	4	0x008e	48674	64	8
210					64
211	4	0x008e	64802	4	8
212					4
213	4	0x0083	0	2	10
214					0
215	4	0x0083	0	2	10
216					0
217	4	0x0083	0	2	10
218					0
219	4	0x0083	0	4	12
220					0
221	4	0x0083	0	4	12
222					0
223	4	0x0083	0	4	12
224					0
225	4	0x0083	0	4	12
226					0
227	4	0x0083	0	4	12
228					0
229	4	0x0083	0	4	12
230					0
231	4	0x0083	0	4	12
232					0
233	4	0x0083	0	4	12
234					0
235	4	0x0083	0	4	12
236					0
237	4	0x0083	0	4	12
238					0
239	4	0x0083	0	4	12
240					0
241	4	0x0083	0	4	12
242					0
243	4	0x0083	0	2	10
244					0
245	4	0x008e	290	64	8
246					64
247	4	0x008e	16418	64	8
248					64
249	4	0x008e	32546	64	8
250					64
251	4	0x008e	48674	64	8
252					64
253	4	0x008e	64802	4	8
254					4
255	4	0x008e	16674	2	8
256					2
257	4	0x008e	290	64	8
258					64
259	4	0x008e	16418	64	8
260					64
261	4	0x008e	32546	64	8
262					64
263	4	0x008e	48674	64	8
264					64
265	4	0x008e	64802	4	8
266					4
267	4	0x008e	16674	2	8
268					2
269	4	0x008e	290	64	8
270					64
271	4	0x008e	16418	64	8
272					64
273	4	0x008e	32546	64	8
274					64
275	4	0x008e	48674	64	8
276					64
277	4	0x008e	64802	4	8
278					4
279	4	0x008e	16674	2	8
280					2
281	4	0x0084	57952	16	8
282					16
283	4	0x0083	0	64	72
284					0
285	4	0x0083	0	64	72
286					0
287	4	0x0083	0	64	72
288					0
289	4	0x0083	0	8	16
290					0
291	4	0x0083	0	54	62
292					0
293	4	0x0083	0	54	62
294					0
295	4	0x0083	0	2	10
296					0
297	12	0x008c	16	1	9
298					0
299	12	0x008c	19	1	9
300					0
301	4	0x008e	290	64	8
302					64
303	4	0x008e	16418	64	8
304					64
305	4	0x008e	32546	64	8
306					64
307	4	0x008e	48674	64	8
308					64
309	4	0x008e	64802	4	8
310					4
311	4	0x0083	0	2	10
312					0
313	4	0x0083	0	2	10
314					0
315	4	0x0083	0	2	10
316					0
317	4	0x0083	0	4	12
318					0
319	4	0x0083	0	4	12
320					0
321	4	0x0083	0	4	12
322					0
323	4	0x0083	0	4	12
324					0
325	4	0x0083	0	4	12
326					0
327	4	0x0083	0	4	12
328					0
329	4	0x0083	0	4	12
330					0
331	4	0x0083	0	4	12
332					0
333	4	0x0083	0	4	12
334					0
335	4	0x0083	0	4	12
336					0
337	4	0x0083	0	4	12
338					0
339	4	0x0083	0	4	12
340					0
341	4	0x0083	0	2	10
342					0
343	4	0x0083	0	2	10
344					0
345	4	0x0083	0	2	10
346					0
347	4	0x0083	0	36	44
348					0
349	4	0x0083	0	2	10
350					0
351	4	0x0083	0	2	10
352					0
353	4	0x0083	0	2	10
354					0
355	4	0x0083	0	4	12
356					0
357	4	0x0083	0	4	12
358					0
359	4	0x0083	0	4	12
360					0
361	4	0x0083	0	4	12
362					0
363	4	0x0083	0	4	12
364					0
365	4	0x0083	0	4	12
366					0
367	4	0x0083	0	4	12
368					0
369	4	0x0083	0	4	12
370					0
371	4	0x0083	0	4	12
372					0
373	4	0x0083	0	4	12
374					0
375	4	0x0083	0	4	12
376					0
377	4	0x0083	0	4	12
378					0
379	4	0x0083	0	2	10
380					0
381	4	0x0083	0	2	10
382					0
383	4	0x0083	0	2	10
384					0
385	4	0x0083	0	2	10
386					0
387	4	0x0084	57968	16	8
388					16
389	4	0x0084	57952	16	8
390					16
391	4	0x0083	0	36	44
392					0
393	4	0x0082	1	8	16
394					0
397	4	0x0082	1	8	16
398					0
401	4	0x0082	1	8	16
402					0
405	4	0x0083	0	2	10
406					0
407	4	0x0083	0	2	10
408					0
409	4	0x0083	0	2	10
410					0
411	4	0x0083	0	2	10
412					0
413	4	0x0083	0	2	10
414					0
415	4	0x0083	0	2	10
416					0
417	4	0x0083	0	2	10
418					0
419	4	0x0083	0	2	10
420					0
421	4	0x008e	290	64	8
422					64
423	4	0x008e	16418	64	8
424					64
425	4	0x008e	32546	64	8
426					64
427	4	0x008e	48674	64	8
428					64
429	4	0x008e	64802	4	8
430					4
431	4	0x008e	16674	2	8
432					2
433	4	0x0083	0	2	10
434					0
435	4	0x0083	0	2	10
436					0
437	4	0x0083	0	2	10
438					0
439	4	0x008e	290	64	8
440					64
441	4	0x008e	16418	64	8
442					64
443	4	0x008e	32546	64	8
444					64
445	4	0x008e	48674	64	8
446					64
447	4	0x008e	64802	4	8
448					4
449	4	0x008e	16674	2	8
450					2
451	4	0x0083	0	2	10
452					0
453	4	0x0083	0	2	10
454					0
455	4	0x0083	0	2	10
456					0
457	4	0x0083	0	2	10
458					0
459	4	0x0083	0	2	10
460					0
461	4	0x0083	0	2	10
462					0
463	4	0x0083	0	2	10
464					0
465	4	0x0082	1	8	16
466					0
469	4	0x0082	1	8	16
470					0
473	4	0x0082	1	8	16
474					0
477	4	0x008e	16674	2	8
478					2
479	12	0x008e	28	1	8
480					1
481	4	0x008e	18466	4	8
482					4
483	4	0x0083	0	40	48
484					0
485	4	0x0083	0	10	18
486					0
487	4	0x0083	0	2	10
488					0
489	4	0x0083	0	2	10
490					0
491	4	0x0082	1	8	16
492					0
495	4	0x0082	1	8	16
496					0
499	4	0x0083	0	6	14
500					0
501	4	0x0083	0	4	12
502					0
503	4	0x0083	0	4	12
504					0
505	4	0x0083	0	4	12
506					0
507	4	0x0083	0	2	10
508					0
509	4	0x0083	0	2	10
510					0
511	4	0x0083	0	2	10
512					0
513	4	0x0083	0	2	10
514					0
515	4	0x0083	0	2	10
516					0
517	4	0x0082	1	8	16
518					0
521	4	0x0083	0	46	54
522					0
523	4	0x0083	0	2	10
524					0
525	4	0x0083	0	2	10
526					0
527	4	0x008e	16418	3	8
528					3
529	4	0x0083	0	2	10
530					0
531	4	0x0083	0	16	24
532					0
533	4	0x0083	0	2	10
534					0
535	4	0x0083	0	2	10
536					0
537	4	0x0083	0	2	10
538					0
539	4	0x0083	0	2	10
540					0
541	4	0x0083	0	2	10
542					0
543	4	0x0083	0	2	10
544					0
545	4	0x0083	0	2	10
546					0
547	4	0x0083	0	2	10
548					0
549	4	0x008e	290	64	8
550					64
551	4	0x008e	16418	64	8
552					64
553	4	0x008e	32546	64	8
554					64
555	4	0x008e	48674	64	8
556					64
557	4	0x008e	64802	4	8
558					4
559	4	0x008e	16674	2	8
560					2
561	4	0x008e	16418	3	8
562					3
563	4	0x008e	16930	4	8
564					4
565	4	0x0082	0	8	16
566					0
571	4	0x008e	16418	2	8
572					2
573	4	0x008e	290	64	8
574					64
575	4	0x008e	16418	64	8
576					64
577	4	0x008e	32546	64	8
578					64
579	4	0x008e	48674	64	8
580					64
581	4	0x008e	64802	4	8
582					4
583	4	0x008e	16674	2	8
584					2
585	4	0x0082	0	8	16
586					0
591	4	0x008e	16418	2	8
592					2
593	4	0x008e	290	64	8
594					64
595	4	0x008e	16418	64	8
596					64
597	4	0x008e	32546	64	8
598					64
599	4	0x008e	48674	64	8
600					64
601	4	0x008e	64802	4	8
602					4
603	4	0x008e	16674	2	8
604					2
605	4	0x0082	0	8	16
606					0
611	4	0x008e	16418	2	8
612					2
613	4	0x008e	290	64	8
614					64
615	4	0x008e	16418	64	8
616					64
617	4	0x008e	32546	64	8
618					64
619	4	0x008e	48674	64	8
620					64
621	4	0x008e	64802	4	8
622					4
623	4	0x008e	16674	2	8
624					2
625	4	0x0082	0	8	16
626					0
631	4	0x008e	16418	2	8
632					2
633	4	0x008e	290	64	8
634					64
635	4	0x008e	16418	64	8
636					64
637	4	0x008e	32546	64	8
638					64
639	4	0x008e	48674	64	8
640					64
641	4	0x008e	64802	4	8
642					4
643	4	0x008e	16674	2	8
644					2
645	4	0x0082	0	8	16
646					0
651	4	0x008e	16418	2	8
652					2
653	4	0x008e	290	64	8
654					64
655	4	0x008e	16418	64	8
656					64
657	4	0x008e	32546	64	8
658					64
659	4	0x008e	48674	64	8
660					64
661	4	0x008e	64802	4	8
662					4
663	4	0x008e	16674	2	8
664					2
665	4	0x0082	0	8	16
666					0
671	4	0x008e	16418	2	8
672					2
673	4	0x008e	290	64	8
674					64
675	4	0x008e	16418	64	8
676					64
677	4	0x008e	32546	64	8
678					64
679	4	0x008e	48674	64	8
680					64
681	4	0x008e	64802	4	8
682					4
683	4	0x008e	16674	2	8
684					2
685	4	0x0082	0	8	16
686					0
691	4	0x008e	16418	2	8
692					2
693	4	0x008e	290	64	8
694					64
695	4	0x008e	16418	64	8
696					64
697	4	0x008e	32546	64	8
698					64
699	4	0x008e	48674	64	8
700					64
701	4	0x008e	64802	4	8
702					4
703	4	0x008e	16674	2	8
704					2
705	4	0x0082	0	8	16
706					0
711	4	0x008e	16418	2	8
712					2
713	4	0x008e	290	64	8
714					64
715	4	0x008e	16418	64	8
716					64
717	4	0x008e	32546	64	8
718					64
719	4	0x008e	48674	64	8
720					64
721	4	0x008e	64802	4	8
722					4
723	4	0x008e	16674	2	8
724					2
725	4	0x0082	0	8	16
726					0
731	4	0x008e	16418	2	8
732					2
733	4	0x008e	290	64	8
734					64
735	4	0x008e	16418	64	8
736					64
737	4	0x008e	32546	64	8
738					64
739	4	0x008e	48674	64	8
740					64
741	4	0x008e	64802	4	8
742					4
743	4	0x008e	16674	2	8
744					2
745	4	0x0082	0	8	16
746					0
751	4	0x008e	16418	2	8
752					2
753	4	0x008e	290	64	8
754					64
755	4	0x008e	16418	64	8
756					64
757	4	0x008e	32546	64	8
758					64
759	4	0x008e	48674	64	8
760					64
761	4	0x008e	64802	4	8
762					4
763	4	0x008e	16674	2	8
764					2
765	4	0x0082	0	8	16
766					0
771	4	0x008e	16418	2	8
772					2
773	4	0x008e	290	64	8
774					64
775	4	0x008e	16418	64	8
776					64
777	4	0x008e	32546	64	8
778					64
779	4	0x008e	48674	64	8
780					64
781	4	0x008e	64802	4	8
782					4
783	4	0x008e	16674	2	8
784					2
785	4	0x0082	0	8	16
786					0
791	4	0x008e	16418	2	8
792					2
793	4	0x008e	290	64	8
794					64
795	4	0x008e	16418	64	8
796					64
797	4	0x008e	32546	64	8
798					64
799	4	0x008e	48674	64	8
800					64
801	4	0x008e	64802	4	8
802					4
803	4	0x008e	16674	2	8
804					2
805	4	0x0082	0	8	16
806					0
811	4	0x008e	16418	2	8
812					2
813	4	0x008e	290	64	8
814					64
815	4	0x008e	16418	64	8
816					64
817	4	0x008e	32546	64	8
818					64
819	4	0x008e	48674	64	8
820					64
821	4	0x008e	64802	4	8
822					4
823	4	0x008e	16674	2	8
824					2
825	4	0x0082	0	8	16
826					0
831	4	0x008e	16418	2	8
832					2
833	4	0x008e	290	64	8
834					64
835	4	0x008e	16418	64	8
836					64
837	4	0x008e	32546	64	8
838					64
839	4	0x008e	48674	64	8
840					64
841	4	0x008e	64802	4	8
842					4
843	4	0x008e	16674	2	8
844					2
845	4	0x0082	0	8	16
846					0
851	4	0x008e	16418	2	8
852					2
853	4	0x008e	290	64	8
854					64
855	4	0x008e	16418	64	8
856					64
857	4	0x008e	32546	64	8
858					64
859	4	0x008e	48674	64	8
860					64
861	4	0x008e	64802	4	8
862					4
863	4	0x008e	16674	2	8
864					2
865	4	0x0082	0	8	16
866					0
871	4	0x008e	16418	2	8
872					2
873	4	0x008e	290	64	8
874					64
875	4	0x008e	16418	64	8
876					64
877	4	0x008e	32546	64	8
878					64
879	4	0x008e	48674	64	8
880					64
881	4	0x008e	64802	4	8
882					4
883	4	0x008e	16674	2	8
884					2
885	4	0x0082	0	8	16
886					0
891	4	0x008e	16418	2	8
892					2
893	4	0x008e	290	64	8
894					64
895	4	0x008e	16418	64	8
896					64
897	4	0x008e	32546	64	8
898					64
899	4	0x008e	48674	64	8
900					64
901	4	0x008e	64802	4	8
902					4
903	4	0x008e	16674	2	8
904					2
905	4	0x0082	0	8	16
906					0
911	4	0x008e	16418	2	8
912					2
913	4	0x008e	290	64	8
914					64
915	4	0x008e	16418	64	8
916					64
917	4	0x008e	32546	64	8
918					64
919	4	0x008e	48674	64	8
920					64
921	4	0x008e	64802	4	8
922					4
923	4	0x008e	16674	2	8
924					2
925	4	0x0082	0	8	16
926					0
931	4	0x008e	16418	2	8
932					2
933	4	0x008e	290	64	8
934					64
935	4	0x008e	16418	64	8
936					64
937	4	0x008e	32546	64	8
938					64
939	4	0x008e	48674	64	8
940					64
941	4	0x008e	64802	4	8
942					4
943	4	0x008e	16674	2	8
944					2
945	4	0x0082	0	8	16
946					0
951	4	0x008e	16418	2	8
952					2
953	4	0x008e	290	64	8
954					64
955	4	0x008e	16418	64	8
956					64
957	4	0x008e	32546	64	8
958					64
959	4	0x008e	48674	64	8
960					64
961	4	0x008e	64802	4	8
962					4
963	4	0x008e	16674	2	8
964					2
965	4	0x0082	0	8	16
966					0
971	4	0x008e	16418	2	8
972					2
973	4	0x008e	290	64	8
974					64
975	4	0x008e	16418	64	8
976					64
977	4	0x008e	32546	64	8
978					64
979	4	0x008e	48674	64	8
980					64
981	4	0x008e	64802	4	8
982					4
983	4	0x008e	16674	2	8
984					2
985	4	0x0082	0	8	16
986					0
991	4	0x008e	16418	2	8
992					2
993	4	0x008e	290	64	8
994					64
995	4	0x008e	16418	64	8
996					64
997	4	0x008e	32546	64	8
998					64
999	4	0x008e	48674	64	8
1000					64
1001	4	0x008e	64802	4	8
1002					4
1003	4	0x008e	16674	2	8
1004					2
1005	4	0x0082	0	8	16
1006					0
1011	4	0x008e	16418	2	8
1012					2
1013	4	0x008e	290	64	8
1014					64
1015	4	0x008e	16418	64	8
1016					64
1017	4	0x008e	32546	64	8
1018					64
1019	4	0x008e	48674	64	8
1020					64
1021	4	0x008e	64802	4	8
1022					4
1023	4	0x008e	16674	2	8
1024					2
1025	4	0x0082	0	8	16
1026					0
1031	4	0x008e	16418	2	8
1032					2
1033	4	0x008e	290	64	8
1034					64
1035	4	0x008e	16418	64	8
1036					64
1037	4	0x008e	32546	64	8
1038					64
1039	4	0x008e	48674	64	8
1040					64
1041	4	0x008e	64802	4	8
1042					4
1043	4	0x008e	16674	2	8
1044					2
1045	4	0x0082	0	8	16
1046					0
1051	4	0x008e	16418	2	8
1052					2
1053	4	0x008e	290	64	8
1054					64
1055	4	0x008e	16418	64	8
1056					64
1057	4	0x008e	32546	64	8
1058					64
1059	4	0x008e	48674	64	8
1060					64
1061	4	0x008e	64802	4	8
1062					4
1063	4	0x008e	16674	2	8
1064					2
1065	4	0x0082	0	8	16
1066					0
1071	4	0x008e	16418	2	8
1072					2
1073	4	0x008e	290	64	8
1074					64
1075	4	0x008e	16418	64	8
1076					64
1077	4	0x008e	32546	64	8
1078					64
1079	4	0x008e	48674	64	8
1080					64
1081	4	0x008e	64802	4	8
1082					4
1083	4	0x008e	16674	2	8
1084					2
1085	4	0x0082	0	8	16
1086					0
1091	4	0x008e	16418	2	8
1092					2
1093	4	0x008e	290	64	8
1094					64
1095	4	0x008e	16418	64	8
1096					64
1097	4	0x008e	32546	64	8
1098					64
1099	4	0x008e	48674	64	8
1100					64
1101	4	0x008e	64802	4	8
1102					4
1103	4	0x008e	16674	2	8
1104					2
1105	4	0x0082	0	8	16
1106					0
1111	4	0x008e	16418	2	8
1112					2
1113	4	0x008e	290	64	8
1114					64
1115	4	0x008e	16418	64	8
1116					64
1117	4	0x008e	32546	64	8
1118					64
1119	4	0x008e	48674	64	8
1120					64
1121	4	0x008e	64802	4	8
1122					4
1123	4	0x008e	16674	2	8
1124					2
1125	4	0x0082	0	8	16
1126					0
1131	4	0x008e	16418	2	8
1132					2
1133	4	0x008e	290	64	8
1134					64
1135	4	0x008e	16418	64	8
1136					64
1137	4	0x008e	32546	64	8
1138					64
1139	4	0x008e	48674	64	8
1140					64
1141	4	0x008e	64802	4	8
1142					4
1143	4	0x008e	16674	2	8
1144					2
1145	4	0x0082	0	8	16
1146					0
1151	4	0x008e	16418	2	8
1152					2
1153	4	0x008e	290	64	8
1154					64
1155	4	0x008e	16418	64	8
1156					64
1157	4	0x008e	32546	64	8
1158					64
1159	4	0x008e	48674	64	8
1160					64
1161	4	0x008e	64802	4	8
1162					4
1163	4	0x008e	16674	2	8
1164					2
1165	4	0x0082	0	8	16
1166					0
1171	4	0x008e	16418	2	8
1172					2
1173	4	0x008e	290	64	8
1174					64
1175	4	0x008e	16418	64	8
1176					64
1177	4	0x008e	32546	64	8
1178					64
1179	4	0x008e	48674	64	8
1180					64
1181	4	0x008e	64802	4	8
1182					4
1183	4	0x008e	16674	2	8
1184					2
1185	4	0x0082	0	8	16
1186					0
1191	4	0x008e	16418	2	8
1192					2
1193	4	0x008e	290	64	8
1194					64
1195	4	0x008e	16418	64	8
1196					64
1197	4	0x008e	32546	64	8
1198					64
1199	4	0x008e	48674	64	8
1200					64
1201	4	0x008e	64802	4	8
1202					4
1203	4	0x008e	16674	2	8
1204					2
1205	4	0x0082	0	8	16
1206					0
1211	4	0x008e	16418	2	8
1212					2
1213	4	0x008e	290	64	8
1214					64
1215	4	0x008e	16418	64	8
1216					64
1217	4	0x008e	32546	64	8
1218					64
1219	4	0x008e	48674	64	8
1220					64
1221	4	0x008e	64802	4	8
1222					4
1223	4	0x008e	16674	2	8
1224					2
1225	4	0x0082	0	8	16
1226					0
1231	4	0x008e	16418	2	8
1232					2
1233	4	0x008e	290	64	8
1234					64
1235	4	0x008e	16418	64	8
1236					64
1237	4	0x008e	32546	64	8
1238					64
1239	4	0x008e	48674	64	8
1240					64
1241	4	0x008e	64802	4	8
1242					4
1243	4	0x008e	16674	2	8
1244					2
1245	4	0x0082	0	8	16
1246					0
1251	4	0x008e	16418	2	8
1252					2
1253	4	0x008e	290	64	8
1254					64
1255	4	0x008e	16418	64	8
1256					64
1257	4	0x008e	32546	64	8
1258					64
1259	4	0x008e	48674	64	8
1260					64
1261	4	0x008e	64802	4	8
1262					4
1263	4	0x008e	16674	2	8
1264					2
1265	4	0x0082	0	8	16
1266					0
1271	4	0x008e	16418	2	8
1272					2
1273	4	0x008e	290	64	8
1274					64
1275	4	0x008e	16418	64	8
1276					64
1277	4	0x008e	32546	64	8
1278					64
1279	4	0x008e	48674	64	8
1280					64
1281	4	0x008e	64802	4	8
1282					4
1283	4	0x008e	16674	2	8
1284					2
1285	4	0x0082	0	8	16
1286					0
1291	4	0x008e	16418	2	8
1292					2
1293	4	0x008e	290	64	8
1294					64
1295	4	0x008e	16418	64	8
1296					64
1297	4	0x008e	32546	64	8
1298					64
1299	4	0x008e	48674	64	8
1300					64
1301	4	0x008e	64802	4	8
1302					4
1303	4	0x008e	16674	2	8
1304					2
1305	4	0x0082	0	8	16
1306					0
1311	4	0x008e	16418	2	8
1312					2
1313	4	0x008e	290	64	8
1314					64
1315	4	0x008e	16418	64	8
1316					64
1317	4	0x008e	32546	64	8
1318					64
1319	4	0x008e	48674	64	8
1320					64
1321	4	0x008e	64802	4	8
1322					4
1323	4	0x008e	16674	2	8
1324					2
1325	4	0x0082	0	8	16
1326					0
1331	4	0x008e	16418	2	8
1332					2
1333	4	0x008e	290	64	8
1334					64
1335	4	0x008e	16418	64	8
1336					64
1337	4	0x008e	32546	64	8
1338					64
1339	4	0x008e	48674	64	8
1340					64
1341	4	0x008e	64802	4	8
1342					4
1343	4	0x008e	16674	2	8
1344					2
1345	4	0x0082	0	8	16
1346					0
1351	4	0x008e	16418	2	8
1352					2
1353	4	0x008e	290	64	8
1354					64
1355	4	0x008e	16418	64	8
1356					64
1357	4	0x008e	32546	64	8
1358					64
1359	4	0x008e	48674	64	8
1360					64
1361	4	0x008e	64802	4	8
1362					4
1363	4	0x008e	16674	2	8
1364					2
1365	4	0x0082	0	8	16
1366					0
1371	4	0x008e	16418	2	8
1372					2
1373	4	0x008e	290	64	8
1374					64
1375	4	0x008e	16418	64	8
1376					64
1377	4	0x008e	32546	64	8
1378					64
1379	4	0x008e	48674	64	8
1380					64
1381	4	0x008e	64802	4	8
1382					4
1383	4	0x008e	16674	2	8
1384					2
1385	4	0x0082	0	8	16
1386					0
1391	4	0x008e	16418	2	8
1392					2
1393	4	0x008e	290	64	8
1394					64
1395	4	0x008e	16418	64	8
1396					64
1397	4	0x008e	32546	64	8
1398					64
1399	4	0x008e	48674	64	8
1400					64
1401	4	0x008e	64802	4	8
1402					4
1403	4	0x008e	16674	2	8
1404					2
1405	4	0x0082	0	8	16
1406					0
1411	4	0x008e	16418	2	8
1412					2
1413	4	0x008e	290	64	8
1414					64
1415	4	0x008e	16418	64	8
1416					64
1417	4	0x008e	32546	64	8
1418					64
1419	4	0x008e	48674	64	8
1420					64
1421	4	0x008e	64802	4	8
1422					4
1423	4	0x008e	16674	2	8
1424					2
1425	4	0x0082	0	8	16
1426					0
1431	4	0x008e	16418	2	8
1432					2
1433	4	0x008e	290	64	8
1434					64
1435	4	0x008e	16418	64	8
1436					64
1437	4	0x008e	32546	64	8
1438					64
1439	4	0x008e	48674	64	8
1440					64
1441	4	0x008e	64802	4	8
1442					4
1443	4	0x008e	16674	2	8
1444					2
1445	4	0x0082	0	8	16
1446					0
1451	4	0x008e	16418	2	8
1452					2
1453	4	0x008e	290	64	8
1454					64
1455	4	0x008e	16418	64	8
1456					64
1457	4	0x008e	32546	64	8
1458					64
1459	4	0x008e	48674	64	8
1460					64
1461	4	0x008e	64802	4	8
1462					4
1463	4	0x008e	16674	2	8
1464					2
1465	4	0x0082	0	8	16
1466					0
1471	4	0x008e	16418	2	8
1472					2
1473	4	0x008e	290	64	8
1474					64
1475	4	0x008e	16418	64	8
1476					64
1477	4	0x008e	32546	64	8
1478					64
1479	4	0x008e	48674	64	8
1480					64
1481	4	0x008e	64802	4	8
1482					4
1483	4	0x008e	16674	2	8
1484					2
1485	4	0x0082	0	8	16
1486					0
1491	4	0x008e	16418	2	8
1492					2
1493	4	0x008e	290	64	8
1494					64
1495	4	0x008e	16418	64	8
1496					64
1497	4	0x008e	32546	64	8
1498					64
1499	4	0x008e	48674	64	8
1500					64
1501	4	0x008e	64802	4	8
1502					4
1503	4	0x008e	16674	2	8
1504					2
1505	4	0x0082	0	8	16
1506					0
1511	4	0x008e	16418	2	8
1512					2
1513	4	0x008e	290	64	8
1514					64
1515	4	0x008e	16418	64	8
1516					64
1517	4	0x008e	32546	64	8
1518					64
1519	4	0x008e	48674	64	8
1520					64
1521	4	0x008e	64802	4	8
1522					4
1523	4	0x008e	16674	2	8
1524					2
1525	4	0x0082	0	8	16
1526					0
1531	4	0x008e	16418	2	8
1532					2
1533	4	0x008e	290	64	8
1534					64
1535	4	0x008e	16418	64	8
1536					64
1537	4	0x008e	32546	64	8
1538					64
1539	4	0x008e	48674	64	8
1540					64
1541	4	0x008e	64802	4	8
1542					4
1543	4	0x008e	16674	2	8
1544					2
1545	4	0x0082	0	8	16
1546					0
1551	4	0x008e	16418	2	8
1552					2
1553	4	0x008e	290	64	8
1554					64
1555	4	0x008e	16418	64	8
1556					64
1557	4	0x008e	32546	64	8
1558					64
1559	4	0x008e	48674	64	8
1560					64
1561	4	0x008e	64802	4	8
1562					4
1563	4	0x008e	16674	2	8
1564					2
1565	4	0x0082	0	8	16
1566					0
1571	4	0x008e	16418	2	8
1572					2
1573	4	0x008e	290	64	8
1574					64
1575	4	0x008e	16418	64	8
1576					64
1577	4	0x008e	32546	64	8
1578					64
1579	4	0x008e	48674	64	8
1580					64
1581	4	0x008e	64802	4	8
1582					4
1583	4	0x008e	16674	2	8
1584					2
1585	4	0x0082	0	8	16
1586					0
1591	4	0x008e	16418	2	8
1592					2
1593	4	0x008e	290	64	8
1594					64
1595	4	0x008e	16418	64	8
1596					64
1597	4	0x008e	32546	64	8
1598					64
1599	4	0x008e	48674	64	8
1600					64
1601	4	0x008e	64802	4	8
1602					4
1603	4	0x008e	16674	2	8
1604					2
1605	4	0x0082	0	8	16
1606					0
1611	4	0x008e	16418	2	8
1612					2
1613	4	0x008e	290	64	8
1614					64
1615	4	0x008e	16418	64	8
1616					64
1617	4	0x008e	32546	64	8
1618					64
1619	4	0x008e	48674	64	8
1620					64
1621	4	0x008e	64802	4	8
1622					4
1623	4	0x008e	16674	2	8
1624					2
1625	4	0x0082	0	8	16
1626					0
1631	4	0x008e	16418	2	8
1632					2
1633	4	0x008e	290	64	8
1634					64
1635	4	0x008e	16418	64	8
1636					64
1637	4	0x008e	32546	64	8
1638					64
1639	4	0x008e	48674	64	8
1640					64
1641	4	0x008e	64802	4	8
1642					4
1643	4	0x008e	16674	2	8
1644					2
1645	4	0x0082	0	8	16
1646					0
1651	4	0x008e	16418	2	8
1652					2
1653	4	0x008e	290	64	8
1654					64
1655	4	0x008e	16418	64	8
1658					64
1659	4	0x008e	32546	64	8
1660					64
1661	4	0x008e	48674	64	8
1662					64
1663	4	0x008e	64802	4	8
1664					4
1665	4	0x008e	16674	2	8
1666					2
1667	4	0x0082	0	8	16
1668					0
1673	4	0x008e	16418	2	8
1674					2
1675	4	0x008e	290	64	8
1676					64
1677	4	0x008e	16418	64	8
1678					64
1679	4	0x008e	32546	64	8
1680					64
1681	4	0x008e	48674	64	8
1682					64
1683	4	0x008e	64802	4	8
1684					4
1685	4	0x008e	16674	2	8
1686					2
1687	4	0x0082	0	8	16
1688					0
1693	4	0x008e	16418	2	8
1694					2
1695	4	0x008e	290	64	8
1698					64
1699	4	0x008e	16418	64	8
1700					64
1701	4	0x008e	32546	64	8
1702					64
1703	4	0x008e	48674	64	8
1704					64
1705	4	0x008e	64802	4	8
1706					4
1707	4	0x008e	16674	2	8
1708					2
1709	4	0x0082	0	8	16
1710					0
1717	4	0x008e	16418	2	8
1718					2
1719	4	0x008e	290	64	8
1720					64
1721	4	0x008e	16418	64	8
1722					64
1723	4	0x008e	32546	64	8
1724					64
1725	4	0x008e	48674	64	8
1726					64
1727	4	0x008e	64802	4	8
1728					4
1729	4	0x008e	16674	2	8
1730					2
1731	4	0x0082	0	8	16
1732					0
1737	4	0x008e	16418	2	8
1738					2
1739	4	0x008e	290	64	8
1740					64
1741	4	0x008e	16418	64	8
1742					64
1743	4	0x008e	32546	64	8
1744					64
1745	4	0x008e	48674	64	8
1748					64
1749	4	0x008e	64802	4	8
1750					4
1751	4	0x008e	16674	2	8
1752					2
1753	4	0x0082	0	8	16
1754					0
1759	4	0x008e	16418	2	8
1760					2
1761	4	0x008e	290	64	8
1762					64
1763	4	0x008e	16418	64	8
1764					64
1765	4	0x008e	32546	64	8
1766					64
1767	4	0x008e	48674	64	8
1768					64
1769	4	0x008e	64802	4	8
1770					4
1771	4	0x008e	16674	2	8
1772					2
1773	4	0x0082	0	8	16
1774					0
1779	4	0x008e	16418	2	8
1780					2
1781	4	0x008e	290	64	8
1782					64
1783	4	0x008e	16418	64	8
1784					64
1785	4	0x008e	32546	64	8
1786					64
1787	4	0x008e	48674	64	8
1788					64
1789	4	0x008e	64802	4	8
1790					4
1791	4	0x008e	16674	2	8
1792					2
1793	4	0x0082	0	8	16
1794					0
1799	4	0x008e	16418	2	8
1800					2
1801	4	0x008e	290	64	8
1802					64
1803	4	0x008e	16418	64	8
1804					64
1805	4	0x008e	32546	64	8
1806					64
1807	4	0x008e	48674	64	8
1808					64
1809	4	0x008e	64802	4	8
1810					4
1811	4	0x008e	16674	2	8
1812					2
1813	4	0x0082	0	8	16
1814					0
1819	4	0x008e	16418	2	8
1820					2
1821	4	0x008e	290	64	8
1822					64
1823	4	0x008e	16418	64	8
1824					64
1825	4	0x008e	32546	64	8
1826					64
1827	4	0x008e	48674	64	8
1828					64
1829	4	0x008e	64802	4	8
1830					4
1831	4	0x008e	16674	2	8
1832					2
1833	4	0x0082	0	8	16
1834					0
1839	4	0x008e	16418	2	8
1840					2
1841	4	0x008e	290	64	8
1842					64
1843	4	0x008e	16418	64	8
1844					64
1845	4	0x008e	32546	64	8
1846					64
1847	4	0x008e	48674	64	8
1848					64
1849	4	0x008e	64802	4	8
1850					4
1851	4	0x008e	16674	2	8
1852					2
1853	4	0x0082	0	8	16
1854					0
1859	4	0x008e	16418	2	8
1860					2
1861	4	0x008e	290	64	8
1862					64
1863	4	0x008e	16418	64	8
1864					64
1865	4	0x008e	32546	64	8
1866					64
1867	4	0x008e	48674	64	8
1868					64
1869	4	0x008e	64802	4	8
1870					4
1871	4	0x008e	16674	2	8
1872					2
1873	4	0x0082	0	8	16
1874					0
1879	4	0x008e	16418	2	8
1880					2
1881	4	0x008e	290	64	8
1882					64
1883	4	0x008e	16418	64	8
1884					64
1885	4	0x008e	32546	64	8
1886					64
1887	4	0x008e	48674	64	8
1890					64
1891	4	0x008e	64802	4	8
1892					4
1893	4	0x008e	16674	2	8
1894					2
1895	4	0x0082	0	8	16
1896					0
1901	4	0x008e	16418	2	8
1902					2
1903	4	0x008e	290	64	8
1904					64
1905	4	0x008e	16418	64	8
1906					64
1907	4	0x008e	32546	64	8
1908					64
1909	4	0x008e	48674	64	8
1910					64
1911	4	0x008e	64802	4	8
1912					4
1913	4	0x008e	16674	2	8
1916					2
1917	4	0x0082	0	8	16
1918					0
1923	4	0x008e	16418	2	8
1924					2
1925	4	0x008e	290	64	8
1926					64
1927	4	0x008e	16418	64	8
1928					64
1929	4	0x008e	32546	64	8
1930					64
1931	4	0x008e	48674	64	8
1932					64
1933	4	0x008e	64802	4	8
1934					4
1935	4	0x008e	16674	2	8
1936					2
1937	4	0x0082	0	8	16
1938					0
1943	4	0x008e	16418	2	8
1944					2
1945	4	0x008e	290	64	8
1946					64
1947	4	0x008e	16418	64	8
1948					64
1949	4	0x008e	32546	64	8
1950					64
1951	4	0x008e	48674	64	8
1952					64
1953	4	0x008e	64802	4	8
1954					4
1955	4	0x008e	16674	2	8
1956					2
1957	4	0x0082	0	8	16
1958					0
1963	4	0x008e	16418	2	8
1964					2
1965	4	0x008e	290	64	8
1966					64
1967	4	0x008e	16418	64	8
1968					64
1969	4	0x008e	32546	64	8
1972					64
1973	4	0x008e	48674	64	8
1974					64
1975	4	0x008e	64802	4	8
1976					4
1977	4	0x008e	16674	2	8
1978					2
1979	4	0x0082	0	8	16
1980					0
1985	4	0x008e	16418	2	8
1986					2
1987	4	0x008e	290	64	8
1988					64
1989	4	0x008e	16418	64	8
1990					64
1991	4	0x008e	32546	64	8
1992					64
1993	4	0x008e	48674	64	8
1994					64
1995	4	0x008e	64802	4	8
1996					4
1997	4	0x008e	16674	2	8
1998					2
1999	4	0x0082	0	8	16
2000					0
2005	4	0x008e	16418	2	8
2006					2
2007	4	0x008e	290	64	8
2008					64
2009	4	0x008e	16418	64	8
2010					64
2011	4	0x008e	32546	64	8
2012					64
2013	4	0x008e	48674	64	8
2014					64
2015	4	0x008e	64802	4	8
2016					4
2017	4	0x008e	16674	2	8
2018					2
2019	4	0x0082	0	8	16
2020					0
2025	4	0x008e	16418	2	8
2026					2
2027	4	0x008e	290	64	8
2028					64
2029	4	0x008e	16418	64	8
2030					64
2031	4	0x008e	32546	64	8
2034					64
2035	4	0x008e	48674	64	8
2036					64
2037	4	0x008e	64802	4	8
2038					4
2039	4	0x008e	16674	2	8
2040					2
2041	4	0x0082	0	8	16
2042					0
2047	4	0x008e	16418	2	8
2048					2
2049	4	0x008e	290	64	8
2050					64
2051	4	0x008e	16418	64	8
2052					64
2053	4	0x008e	32546	64	8
2054					64
2055	4	0x008e	48674	64	8
2056					64
2057	4	0x008e	64802	4	8
2058					4
2059	4	0x008e	16674	2	8
2060					2
2061	4	0x0082	0	8	16
2062					0
2067	4	0x008e	16418	2	8
2068					2
2069	4	0x008e	290	64	8
2070					64
2071	4	0x008e	16418	64	8
2072					64
2073	4	0x008e	32546	64	8
2074					64
2075	4	0x008e	48674	64	8
2076					64
2077	4	0x008e	64802	4	8
2078					4
2079	4	0x008e	16674	2	8
2080					2
2081	4	0x0082	0	8	16
2082					0
2087	4	0x008e	16418	2	8
2090					2
2091	4	0x008e	290	64	8
2092					64
2093	4	0x008e	16418	64	8
2094					64
2095	4	0x008e	32546	64	8
2096					64
2097	4	0x008e	48674	64	8
2098					64
2099	4	0x008e	64802	4	8
2100					4
2101	4	0x008e	16674	2	8
2102					2
2103	4	0x0082	0	8	16
2104					0
2109	4	0x008e	16418	2	8
2110					2
2111	4	0x008e	290	64	8
2112					64
2113	4	0x008e	16418	64	8
2114					64
2115	4	0x008e	32546	64	8
2116					64
2117	4	0x008e	48674	64	8
2118					64
2119	4	0x008e	64802	4	8
2120					4
2121	4	0x008e	16674	2	8
2122					2
2123	4	0x0082	0	8	16
2124					0
2129	4	0x008e	16418	2	8
2130					2
2131	4	0x008e	290	64	8
2132					64
2133	4	0x008e	16418	64	8
2134					64
2135	4	0x008e	32546	64	8
2136					64
2137	4	0x008e	48674	64	8
2138					64
2139	4	0x008e	64802	4	8
2140					4
2141	4	0x008e	16674	2	8
2142					2
2143	4	0x0082	0	8	16
2144					0
2149	4	0x008e	16418	2	8
2150					2
2151	4	0x008e	290	64	8
2152					64
2153	4	0x008e	16418	64	8
2154					64
2155	4	0x008e	32546	64	8
2156					64
2157	4	0x008e	48674	64	8
2158					64
2159	4	0x008e	64802	4	8
2160					4
2161	4	0x008e	16674	2	8
2162					2
2163	4	0x0082	0	8	16
2164					0
2171	4	0x008e	16418	2	8
2172					2
2173	4	0x008e	290	64	8
2174					64
2175	4	0x008e	16418	64	8
2176					64
2177	4	0x008e	32546	64	8
2178					64
2179	4	0x008e	48674	64	8
2180					64
2181	4	0x008e	64802	4	8
2182					4
2183	4	0x008e	16674	2	8
2184					2
2185	4	0x0082	0	8	16
2186					0
2191	4	0x008e	16418	2	8
2192					2
2193	4	0x008e	290	64	8
2194					64
2195	4	0x008e	16418	64	8
2196					64
2197	4	0x008e	32546	64	8
2198					64
2199	4	0x008e	48674	64	8
2200					64
2201	4	0x008e	64802	4	8
2202					4
2203	4	0x008e	16674	2	8
2204					2
2205	4	0x0082	0	8	16
2206					0
2211	4	0x008e	16418	2	8
2212					2
2213	4	0x008e	290	64	8
2214					64
2215	4	0x008e	16418	64	8
2216					64
2217	4	0x008e	32546	64	8
2218					64
2219	4	0x008e	48674	64	8
2220					64
2221	4	0x008e	64802	4	8
2222					4
2223	4	0x008e	16674	2	8
2224					2
2225	4	0x0082	0	8	16
2226					0
2231	4	0x008e	16418	2	8
2232					2
2233	4	0x008e	290	64	8
2234					64
2235	4	0x008e	16418	64	8
2236					64
2237	4	0x008e	32546	64	8
2238					64
2239	4	0x008e	48674	64	8
2240					64
2241	4	0x008e	64802	4	8
2242					4
2243	4	0x008e	16674	2	8
2244					2
2245	4	0x0082	0	8	16
2246					0
2251	4	0x008e	16418	2	8
2252					2
2253	4	0x008e	290	64	8
2254					64
2255	4	0x008e	16418	64	8
2256					64
2257	4	0x008e	32546	64	8
2258					64
2259	4	0x008e	48674	64	8
2260					64
2261	4	0x008e	64802	4	8
2262					4
2263	4	0x008e	16674	2	8
2264					2
2265	4	0x0082	0	8	16
2266					0
2271	4	0x008e	16418	2	8
2272					2
2273	4	0x008e	290	64	8
2274					64
2275	4	0x008e	16418	64	8
2276					64
2277	4	0x008e	32546	64	8
2278					64
2279	4	0x008e	48674	64	8
2280					64
2281	4	0x008e	64802	4	8
2282					4
2283	4	0x008e	16674	2	8
2284					2
2285	4	0x0082	0	8	16
2286					0
2291	4	0x008e	16418	2	8
2292					2
2293	4	0x008e	290	64	8
2294					64
2295	4	0x008e	16418	64	8
2296					64
2297	4	0x008e	32546	64	8
2298					64
2299	4	0x008e	48674	64	8
2300					64
2301	4	0x008e	64802	4	8
2302					4
2303	4	0x008e	16674	2	8
2304					2
2305	4	0x0082	0	8	16
2306					0
2311	4	0x008e	16418	2	8
2312					2
2313	4	0x008e	290	64	8
2314					64
2315	4	0x008e	16418	64	8
2316					64
2317	4	0x008e	32546	64	8
2318					64
2319	4	0x008e	48674	64	8
2320					64
2321	4	0x008e	64802	4	8
2322					4
2323	4	0x008e	16674	2	8
2324					2
2325	4	0x0082	0	8	16
2326					0
2331	4	0x008e	16418	2	8
2332					2
2333	4	0x008e	290	64	8
2334					64
2335	4	0x008e	16418	64	8
2336					64
2337	4	0x008e	32546	64	8
2338					64
2339	4	0x008e	48674	64	8
2340					64
2341	4	0x008e	64802	4	8
2342					4
2343	4	0x008e	16674	2	8
2344					2
2345	4	0x0082	0	8	16
2346					0
2351	4	0x008e	16418	2	8
2352					2
2353	4	0x008e	290	64	8
2354					64
2355	4	0x008e	16418	64	8
2356					64
2357	4	0x008e	32546	64	8
2358					64
2359	4	0x008e	48674	64	8
2360					64
2361	4	0x008e	64802	4	8
2362					4
2363	4	0x008e	16674	2	8
2364					2
2365	4	0x0082	0	8	16
2366					0
2371	4	0x008e	16418	2	8
2372					2
2373	4	0x008e	290	64	8
2374					64
2375	4	0x008e	16418	64	8
2376					64
2377	4	0x008e	32546	64	8
2378					64
2379	4	0x008e	48674	64	8
2380					64
2381	4	0x008e	64802	4	8
2382					4
2383	4	0x008e	16674	2	8
2384					2
2385	4	0x0082	0	8	16
2386					0
2391	4	0x008e	16418	2	8
2392					2
2393	4	0x008e	290	64	8
2394					64
2395	4	0x008e	16418	64	8
2396					64
2397	4	0x008e	32546	64	8
2398					64
2399	4	0x008e	48674	64	8
2400					64
2401	4	0x008e	64802	4	8
2402					4
2403	4	0x008e	16674	2	8
2404					2
2405	4	0x0082	0	8	16
2406					0
2411	4	0x008e	16418	2	8
2412					2
2413	4	0x008e	290	64	8
2414					64
2415	4	0x008e	16418	64	8
2416					64
2417	4	0x008e	32546	64	8
2418					64
2419	4	0x008e	48674	64	8
2420					64
2421	4	0x008e	64802	4	8
2422					4
2423	4	0x008e	16674	2	8
2424					2
2425	4	0x0082	0	8	16
2426					0
2431	4	0x008e	16418	2	8
2432					2
2433	4	0x008e	290	64	8
2434					64
2435	4	0x008e	16418	64	8
2436					64
2437	4	0x008e	32546	64	8
2438					64
2439	4	0x008e	48674	64	8
2440					64
2441	4	0x008e	64802	4	8
2442					4
2443	4	0x008e	16674	2	8
2444					2
2445	4	0x0082	0	8	16
2446					0
2451	4	0x008e	16418	2	8
2452					2
2453	4	0x008e	290	64	8
2454					64
2455	4	0x008e	16418	64	8
2456					64
2457	4	0x008e	32546	64	8
2458					64
2459	4	0x008e	48674	64	8
2460					64
2461	4	0x008e	64802	4	8
2462					4
2463	4	0x008e	16674	2	8
2464					2
2465	4	0x0082	0	8	16
2466					0
2471	4	0x008e	16418	2	8
2472					2
2473	4	0x008e	290	64	8
2474					64
2475	4	0x008e	16418	64	8
2476					64
2477	4	0x008e	32546	64	8
2478					64
2479	4	0x008e	48674	64	8
2480					64
2481	4	0x008e	64802	4	8
2482					4
2483	4	0x008e	16674	2	8
2484					2
2485	4	0x0082	0	8	16
2486					0
2491	4	0x008e	16418	2	8
2492					2
2493	4	0x008e	290	64	8
2494					64
2495	4	0x008e	16418	64	8
2496					64
2497	4	0x008e	32546	64	8
2498					64
2499	4	0x008e	48674	64	8
2500					64
2501	4	0x008e	64802	4	8
2502					4
2503	4	0x008e	16674	2	8
2504					2
2505	4	0x0082	0	8	16
2506					0
2511	4	0x008e	16418	2	8
2512					2
2513	4	0x008e	290	64	8
2514					64
2515	4	0x008e	16418	64	8
2516					64
2517	4	0x008e	32546	64	8
2518					64
2519	4	0x008e	48674	64	8
2520					64
2521	4	0x008e	64802	4	8
2522					4
2523	4	0x008e	16674	2	8
2524					2
2525	4	0x0082	0	8	16
2526					0
2531	4	0x008e	16418	2	8
2532					2
2533	4	0x008e	290	64	8
2534					64
2535	4	0x008e	16418	64	8
2536					64
2537	4	0x008e	32546	64	8
2538					64
2539	4	0x008e	48674	64	8
2540					64
2541	4	0x008e	64802	4	8
2542					4
2543	4	0x008e	16674	2	8
2544					2
2545	4	0x0082	0	8	16
2546					0
2551	4	0x008e	16418	2	8
2552					2
2553	4	0x008e	290	64	8
2554					64
2555	4	0x008e	16418	64	8
2556					64
2557	4	0x008e	32546	64	8
2558					64
2559	4	0x008e	48674	64	8
2560					64
2561	4	0x008e	64802	4	8
2562					4
2563	4	0x008e	16674	2	8
2564					2
2565	4	0x0082	0	8	16
2566					0
2571	4	0x008e	16418	2	8
2572					2
2573	4	0x008e	290	64	8
2574					64
2575	4	0x008e	16418	64	8
2576					64
2577	4	0x008e	32546	64	8
2578					64
2579	4	0x008e	48674	64	8
2580					64
2581	4	0x008e	64802	4	8
2582					4
2583	4	0x008e	16674	2	8
2584					2
2585	4	0x0082	0	8	16
2586					0
2591	4	0x008e	16418	2	8
2592					2
2593	4	0x008e	290	64	8
2594					64
2595	4	0x008e	16418	64	8
2596					64
2597	4	0x008e	32546	64	8
2598					64
2599	4	0x008e	48674	64	8
2600					64
2601	4	0x008e	64802	4	8
2602					4
2603	4	0x008e	16674	2	8
2604					2
2605	4	0x0082	0	8	16
2606					0
2611	4	0x008e	16418	2	8
2612					2
2613	4	0x008e	290	64	8
2614					64
2615	4	0x008e	16418	64	8
2616					64
2617	4	0x008e	32546	64	8
2618					64
2619	4	0x008e	48674	64	8
2620					64
2621	4	0x008e	64802	4	8
2622					4
2623	4	0x008e	16674	2	8
2624					2
2625	4	0x0082	0	8	16
2626					0
2631	4	0x008e	16418	2	8
2632					2
2633	4	0x008e	290	64	8
2634					64
2635	4	0x008e	16418	64	8
2636					64
2637	4	0x008e	32546	64	8
2638					64
2639	4	0x008e	48674	64	8
2640					64
2641	4	0x008e	64802	4	8
2642					4
2643	4	0x008e	16674	2	8
2644					2
2645	4	0x0082	0	8	16
2646					0
2651	4	0x008e	16418	2	8
2652					2
2653	4	0x008e	290	64	8
2654					64
2655	4	0x008e	16418	64	8
2656					64
2657	4	0x008e	32546	64	8
2658					64
2659	4	0x008e	48674	64	8
2660					64
2661	4	0x008e	64802	4	8
2662					4
2663	4	0x008e	16674	2	8
2664					2
2665	4	0x0082	0	8	16
2666					0
2671	4	0x008e	16418	2	8
2672					2
2673	4	0x008e	290	64	8
2674					64
2675	4	0x008e	16418	64	8
2676					64
2677	4	0x008e	32546	64	8
2678					64
2679	4	0x008e	48674	64	8
2680					64
2681	4	0x008e	64802	4	8
2682					4
2683	4	0x008e	16674	2	8
2684					2
2685	4	0x0082	0	8	16
2686					0
2691	4	0x008e	16418	2	8
2692					2
2693	4	0x008e	290	64	8
2694					64
2695	4	0x008e	16418	64	8
2696					64
2697	4	0x008e	32546	64	8
2698					64
2699	4	0x008e	48674	64	8
2700					64
2701	4	0x008e	64802	4	8
2702					4
2703	4	0x008e	16674	2	8
2704					2
2705	4	0x0082	0	8	16
2706					0
2711	4	0x008e	16418	2	8
2712					2
2713	4	0x008e	290	64	8
2714					64
2715	4	0x008e	16418	64	8
2716					64
2717	4	0x008e	32546	64	8
2718					64
2719	4	0x008e	48674	64	8
2720					64
2721	4	0x008e	64802	4	8
2722					4
2723	4	0x008e	16674	2	8
2724					2
2725	4	0x0082	0	8	16
2726					0
2731	4	0x008e	16418	2	8
2732					2
2733	4	0x008e	290	64	8
2734					64
2735	4	0x008e	16418	64	8
2736					64
2737	4	0x008e	32546	64	8
2738					64
2739	4	0x008e	48674	64	8
2740					64
2741	4	0x008e	64802	4	8
2742					4
2743	4	0x008e	16674	2	8
2744					2
2745	4	0x0082	0	8	16
2746					0
2751	4	0x008e	16418	2	8
2752					2
2753	4	0x008e	290	64	8
2754					64
2755	4	0x008e	16418	64	8
2756					64
2757	4	0x008e	32546	64	8
2758					64
2759	4	0x008e	48674	64	8
2760					64
2761	4	0x008e	64802	4	8
2762					4
2763	4	0x008e	16674	2	8
2764					2
2765	4	0x0082	0	8	16
2766					0
2771	4	0x008e	16418	2	8
2772					2
2773	4	0x008e	290	64	8
2774					64
2775	4	0x008e	16418	64	8
2776					64
2777	4	0x008e	32546	64	8
2778					64
2779	4	0x008e	48674	64	8
2780					64
2781	4	0x008e	64802	4	8
2782					4
2783	4	0x008e	16674	2	8
2784					2
2785	4	0x0082	0	8	16
2786					0
2791	4	0x008e	16418	2	8
2792					2
2793	4	0x008e	290	64	8
2794					64
2795	4	0x008e	16418	64	8
2796					64
2797	4	0x008e	32546	64	8
2798					64
2799	4	0x008e	48674	64	8
2800					64
2801	4	0x008e	64802	4	8
2802					4
2803	4	0x008e	16674	2	8
2804					2
2805	4	0x0082	0	8	16
2806					0
2811	4	0x008e	16418	2	8
2812					2
2813	4	0x008e	290	64	8
2814					64
2815	4	0x008e	16418	64	8
2816					64
2817	4	0x008e	32546	64	8
2818					64
2819	4	0x008e	48674	64	8
2820					64
2821	4	0x008e	64802	4	8
2822					4
2823	4	0x008e	16674	2	8
2824					2
2825	4	0x0082	0	8	16
2826					0
2831	4	0x008e	16418	2	8
2832					2
2833	4	0x008e	290	64	8
2834					64
2835	4	0x008e	16418	64	8
2836					64
2837	4	0x008e	32546	64	8
2838					64
2839	4	0x008e	48674	64	8
2840					64
2841	4	0x008e	64802	4	8
2842					4
2843	4	0x008e	16674	2	8
2844					2
2845	4	0x0082	0	8	16
2846					0
2851	4	0x008e	16418	2	8
2852					2
2853	4	0x008e	290	64	8
2854					64
2855	4	0x008e	16418	64	8
2856					64
2857	4	0x008e	32546	64	8
2858					64
2859	4	0x008e	48674	64	8
2860					64
2861	4	0x008e	64802	4	8
2862					4
2863	4	0x008e	16674	2	8
2864					2
2865	4	0x0082	0	8	16
2866					0
2871	4	0x008e	16418	2	8
2872					2
2873	4	0x008e	290	64	8
2874					64
2875	4	0x008e	16418	64	8
2876					64
2877	4	0x008e	32546	64	8
2878					64
2879	4	0x008e	48674	64	8
2880					64
2881	4	0x008e	64802	4	8
2882					4
2883	4	0x008e	16674	2	8
2884					2
2885	4	0x0082	0	8	16
2886					0
2891	4	0x008e	16418	2	8
2892					2
2893	4	0x008e	290	64	8
2894					64
2895	4	0x008e	16418	64	8
2896					64
2897	4	0x008e	32546	64	8
2898					64
2899	4	0x008e	48674	64	8
2900					64
2901	4	0x008e	64802	4	8
2902					4
2903	4	0x008e	16674	2	8
2904					2
2905	4	0x0082	0	8	16
2906					0
2911	4	0x008e	16418	2	8
2912					2
2913	4	0x008e	290	64	8
2914					64
2915	4	0x008e	16418	64	8
2916					64
2917	4	0x008e	32546	64	8
2918					64
2919	4	0x008e	48674	64	8
2920					64
2921	4	0x008e	64802	4	8
2922					4
2923	4	0x008e	16674	2	8
2924					2
2925	4	0x0082	0	8	16
2926					0
2931	4	0x008e	16418	2	8
2932					2
2933	4	0x008e	290	64	8
2934					64
2935	4	0x008e	16418	64	8
2936					64
2937	4	0x008e	32546	64	8
2938					64
2939	4	0x008e	48674	64	8
2940					64
2941	4	0x008e	64802	4	8
2942					4
2943	4	0x008e	16674	2	8
2944					2
2945	4	0x0082	0	8	16
2946					0
2951	4	0x008e	16418	2	8
2952					2
2953	4	0x008e	290	64	8
2954					64
2955	4	0x008e	16418	64	8
2956					64
2957	4	0x008e	32546	64	8
2958					64
2959	4	0x008e	48674	64	8
2960					64
2961	4	0x008e	64802	4	8
2962					4
2963	4	0x008e	16674	2	8
2964					2
2965	4	0x0082	0	8	16
2966					0
2971	4	0x008e	16418	2	8
2972					2
2973	4	0x008e	290	64	8
2974					64
2975	4	0x008e	16418	64	8
2976					64
2977	4	0x008e	32546	64	8
2978					64
2979	4	0x008e	48674	64	8
2980					64
2981	4	0x008e	64802	4	8
2982					4
2983	4	0x008e	16674	2	8
2984					2
2985	4	0x0082	0	8	16
2986					0
2991	4	0x008e	16418	2	8
2992					2
2993	4	0x008e	290	64	8
2994					64
2995	4	0x008e	16418	64	8
2996					64
2997	4	0x008e	32546	64	8
2998					64
2999	4	0x008e	48674	64	8
3000					64
3001	4	0x008e	64802	4	8
3002					4
3003	4	0x008e	16674	2	8
3004					2
3005	4	0x0082	0	8	16
3006					0
3011	4	0x008e	16418	2	8
3012					2
3013	4	0x008e	290	64	8
3014					64
3015	4	0x008e	16418	64	8
3016					64
3017	4	0x008e	32546	64	8
3018					64
3019	4	0x008e	48674	64	8
3020					64
3021	4	0x008e	64802	4	8
3022					4
3023	4	0x008e	16674	2	8
3024					2
3025	4	0x0082	0	8	16
3026					0
3031	4	0x008e	16418	2	8
3032					2
3033	4	0x008e	290	64	8
3034					64
3035	4	0x008e	16418	64	8
3036					64
3037	4	0x008e	32546	64	8
3038					64
3039	4	0x008e	48674	64	8
3040					64
3041	4	0x008e	64802	4	8
3042					4
3043	4	0x008e	16674	2	8
3044					2
3045	4	0x0082	0	8	16
3046					0
3051	4	0x008e	16418	2	8
3052					2
3053	4	0x008e	290	64	8
3054					64
3055	4	0x008e	16418	64	8
3056					64
3057	4	0x008e	32546	64	8
3058					64
3059	4	0x008e	48674	64	8
3060					64
3061	4	0x008e	64802	4	8
3062					4
3063	4	0x008e	16674	2	8
3064					2
3065	4	0x0082	0	8	16
3066					0
3071	4	0x008e	16418	2	8
3072					2
3073	4	0x008e	290	64	8
3074					64
3075	4	0x008e	16418	64	8
3076					64
3077	4	0x008e	32546	64	8
3078					64
3079	4	0x008e	48674	64	8
3080					64
3081	4	0x008e	64802	4	8
3082					4
3083	4	0x008e	16674	2	8
3084					2
3085	4	0x0082	0	8	16
3086					0
3091	4	0x008e	16418	2	8
3092					2
3093	4	0x008e	290	64	8
3094					64
3095	4	0x008e	16418	64	8
3096					64
3097	4	0x008e	32546	64	8
3098					64
3099	4	0x008e	48674	64	8
3100					64
3101	4	0x008e	64802	4	8
3102					4
3103	4	0x008e	16674	2	8
3104					2
3105	4	0x0082	0	8	16
3106					0
3111	4	0x008e	16418	2	8
3112					2
3113	4	0x008e	290	64	8
3114					64
3115	4	0x008e	16418	64	8
3116					64
3117	4	0x008e	32546	64	8
3118					64
3119	4	0x008e	48674	64	8
3120					64
3121	4	0x008e	64802	4	8
3122					4
3123	4	0x008e	16674	2	8
3124					2
3125	4	0x0082	0	8	16
3126					0
3131	4	0x008e	16418	2	8
3132					2
3133	4	0x008e	290	64	8
3134					64
3135	4	0x008e	16418	64	8
3136					64
3137	4	0x008e	32546	64	8
3138					64
3139	4	0x008e	48674	64	8
3140					64
3141	4	0x008e	64802	4	8
3142					4
3143	4	0x008e	16674	2	8
3144					2
3145	4	0x0082	0	8	16
3146					0
3151	4	0x008e	16418	2	8
3152					2
3153	4	0x008e	290	64	8
3154					64
3155	4	0x008e	16418	64	8
3156					64
3157	4	0x008e	32546	64	8
3158					64
3159	4	0x008e	48674	64	8
3160					64
3161	4	0x008e	64802	4	8
3162					4
3163	4	0x008e	16674	2	8
3164					2
3165	4	0x0082	0	8	16
3166					0
3171	4	0x008e	16418	2	8
3172					2
3173	4	0x008e	290	64	8
3174					64
3175	4	0x008e	16418	64	8
3176					64
3177	4	0x008e	32546	64	8
3178					64
3179	4	0x008e	48674	64	8
3180					64
3181	4	0x008e	64802	4	8
3182					4
3183	4	0x008e	16674	2	8
3184					2
3185	4	0x0082	0	8	16
3186					0
3191	4	0x008e	16418	2	8
3192					2
3193	4	0x008e	290	64	8
3194					64
3195	4	0x008e	16418	64	8
3196					64
3197	4	0x008e	32546	64	8
3198					64
3199	4	0x008e	48674	64	8
3200					64
3201	4	0x008e	64802	4	8
3202					4
3203	4	0x008e	16674	2	8
3204					2
3205	4	0x0082	0	8	16
3206					0
3211	4	0x008e	16418	2	8
3212					2
3213	4	0x008e	290	64	8
3214					64
3215	4	0x008e	16418	64	8
3216					64
3217	4	0x008e	32546	64	8
3218					64
3219	4	0x008e	48674	64	8
3220					64
3221	4	0x008e	64802	4	8
3222					4
3223	4	0x008e	16674	2	8
3224					2
3225	4	0x0082	0	8	16
3226					0
3231	4	0x008e	16418	2	8
3232					2
3233	4	0x008e	290	64	8
3234					64
3235	4	0x008e	16418	64	8
3236					64
3237	4	0x008e	32546	64	8
3238					64
3239	4	0x008e	48674	64	8
3240					64
3241	4	0x008e	64802	4	8
3242					4
3243	4	0x008e	16674	2	8
3244					2
3245	4	0x0082	0	8	16
3246					0
3251	4	0x008e	16418	2	8
3252					2
3253	4	0x008e	290	64	8
3254					64
3255	4	0x008e	16418	64	8
3256					64
3257	4	0x008e	32546	64	8
3258					64
3259	4	0x008e	48674	64	8
3260					64
3261	4	0x008e	64802	4	8
3262					4
3263	4	0x008e	16674	2	8
3264					2
3265	4	0x0082	0	8	16
3266					0
3271	4	0x008e	16418	2	8
3272					2
3273	4	0x008e	290	64	8
3274					64
3275	4	0x008e	16418	64	8
3276					64
3277	4	0x008e	32546	64	8
3278					64
3279	4	0x008e	48674	64	8
3280					64
3281	4	0x008e	64802	4	8
3282					4
3283	4	0x008e	16674	2	8
3284					2
3285	4	0x0082	0	8	16
3286					0
3291	4	0x008e	16418	2	8
3292					2
3293	4	0x008e	290	64	8
3294					64
3295	4	0x008e	16418	64	8
3296					64
3297	4	0x008e	32546	64	8
3298					64
3299	4	0x008e	48674	64	8
3300					64
3301	4	0x008e	64802	4	8
3302					4
3303	4	0x008e	16674	2	8
3304					2
3305	4	0x0082	0	8	16
3306					0
3311	4	0x008e	16418	2	8
3312					2
3313	4	0x008e	290	64	8
3314					64
3315	4	0x008e	16418	64	8
3316					64
3317	4	0x008e	32546	64	8
3318					64
3319	4	0x008e	48674	64	8
3320					64
3321	4	0x008e	64802	4	8
3322					4
3323	4	0x008e	16674	2	8
3324					2
3325	4	0x0082	0	8	16
3326					0
3331	4	0x008e	16418	2	8
3332					2
3333	4	0x008e	290	64	8
3334					64
3335	4	0x008e	16418	64	8
3336					64
3337	4	0x008e	32546	64	8
3338					64
3339	4	0x008e	48674	64	8
3340					64
3341	4	0x008e	64802	4	8
3342					4
3343	4	0x008e	16674	2	8
3344					2
3345	4	0x0082	0	8	16
3346					0
3351	4	0x008e	16418	2	8
3352					2
3353	4	0x008e	290	64	8
3354					64
3355	4	0x008e	16418	64	8
3356					64
3357	4	0x008e	32546	64	8
3358					64
3359	4	0x008e	48674	64	8
3360					64
3361	4	0x008e	64802	4	8
3362					4
3363	4	0x008e	16674	2	8
3364					2
3365	4	0x0082	0	8	16
3366					0
3371	4	0x008e	16418	2	8
3372					2
3373	4	0x008e	290	64	8
3374					64
3375	4	0x008e	16418	64	8
3376					64
3377	4	0x008e	32546	64	8
3378					64
3379	4	0x008e	48674	64	8
3380					64
3381	4	0x008e	64802	4	8
3382					4
3383	4	0x008e	16674	2	8
3384					2
3385	4	0x0082	0	8	16
3386					0
3391	4	0x008e	16418	2	8
3392					2
3393	4	0x008e	290	64	8
3394					64
3395	4	0x008e	16418	64	8
3396					64
3397	4	0x008e	32546	64	8
3398					64
3399	4	0x008e	48674	64	8
3400					64
3401	4	0x008e	64802	4	8
3402					4
3403	4	0x008e	16674	2	8
3404					2
3405	4	0x0082	0	8	16
3406					0
3411	4	0x008e	16418	2	8
3412					2
3413	4	0x008e	290	64	8
3414					64
3415	4	0x008e	16418	64	8
3416					64
3417	4	0x008e	32546	64	8
3418					64
3419	4	0x008e	48674	64	8
3420					64
3421	4	0x008e	64802	4	8
3422					4
3423	4	0x008e	16674	2	8
3424					2
3425	4	0x0082	0	8	16
3426					0
3431	4	0x008e	16418	2	8
3432					2
3433	4	0x008e	290	64	8
3434					64
3435	4	0x008e	16418	64	8
3436					64
3437	4	0x008e	32546	64	8
3438					64
3439	4	0x008e	48674	64	8
3440					64
3441	4	0x008e	64802	4	8
3442					4
3443	4	0x008e	16674	2	8
3444					2
3445	4	0x0082	0	8	16
3446					0
3451	4	0x008e	16418	2	8
3452					2
3453	4	0x008e	290	64	8
3454					64
3455	4	0x008e	16418	64	8
3456					64
3457	4	0x008e	32546	64	8
3458					64
3459	4	0x008e	48674	64	8
3460					64
3461	4	0x008e	64802	4	8
3462					4
3463	4	0x008e	16674	2	8
3464					2
3465	4	0x0082	0	8	16
3466					0
3471	4	0x008e	16418	2	8
3472					2
3473	4	0x008e	290	64	8
3474					64
3475	4	0x008e	16418	64	8
3476					64
3477	4	0x008e	32546	64	8
3478					64
3479	4	0x008e	48674	64	8
3480					64
3481	4	0x008e	64802	4	8
3482					4
3483	4	0x008e	16674	2	8
3484					2
3485	4	0x0082	0	8	16
3486					0
3491	4	0x008e	16418	2	8
3492					2
3493	4	0x008e	290	64	8
3494					64
3495	4	0x008e	16418	64	8
3496					64
3497	4	0x008e	32546	64	8
3498					64
3499	4	0x008e	48674	64	8
3500					64
3501	4	0x008e	64802	4	8
3502					4
3503	4	0x008e	16674	2	8
3504					2
3505	4	0x0082	0	8	16
3506					0
3511	4	0x008e	16418	2	8
3512					2
3513	4	0x008e	290	64	8
3514					64
3515	4	0x008e	16418	64	8
3516					64
3517	4	0x008e	32546	64	8
3518					64
3519	4	0x008e	48674	64	8
3520					64
3521	4	0x008e	64802	4	8
3522					4
3523	4	0x008e	16674	2	8
3524					2
3525	4	0x0082	0	8	16
3526					0
3531	4	0x008e	16418	2	8
3532					2
3533	4	0x008e	290	64	8
3534					64
3535	4	0x008e	16418	64	8
3536					64
3537	4	0x008e	32546	64	8
3538					64
3539	4	0x008e	48674	64	8
3540					64
3541	4	0x008e	64802	4	8
3542					4
3543	4	0x008e	16674	2	8
3544					2
3545	4	0x0082	0	8	16
3546					0
3551	4	0x008e	16418	2	8
3552					2
3553	4	0x008e	290	64	8
3554					64
3555	4	0x008e	16418	64	8
3556					64
3557	4	0x008e	32546	64	8
3558					64
3559	4	0x008e	48674	64	8
3560					64
3561	4	0x008e	64802	4	8
3562					4
3563	4	0x008e	16674	2	8
3564					2
3565	4	0x0082	0	8	16
3566					0
3571	4	0x008e	16418	2	8
3572					2
3573	4	0x008e	290	64	8
3574					64
3575	4	0x008e	16418	64	8
3576					64
3577	4	0x008e	32546	64	8
3578					64
3579	4	0x008e	48674	64	8
3580					64
3581	4	0x008e	64802	4	8
3582					4
3583	4	0x008e	16674	2	8
3584					2
3585	4	0x0082	0	8	16
3586					0
3591	4	0x008e	16418	2	8
3592					2
3593	4	0x008e	290	64	8
3594					64
3595	4	0x008e	16418	64	8
3596					64
3597	4	0x008e	32546	64	8
3598					64
3599	4	0x008e	48674	64	8
3600					64
3601	4	0x008e	64802	4	8
3602					4
3603	4	0x008e	16674	2	8
3604					2
3605	4	0x0082	0	8	16
3606					0
3611	4	0x008e	16418	2	8
3612					2
3613	4	0x008e	290	64	8
3614					64
3615	4	0x008e	16418	64	8
3616					64
3617	4	0x008e	32546	64	8
3618					64
3619	4	0x008e	48674	64	8
3620					64
3621	4	0x008e	64802	4	8
3622					4
3623	4	0x008e	16674	2	8
3624					2
3625	4	0x0082	0	8	16
3626					0
3631	4	0x008e	16418	2	8
3632					2
3633	4	0x008e	290	64	8
3634					64
3635	4	0x008e	16418	64	8
3636					64
3637	4	0x008e	32546	64	8
3638					64
3639	4	0x008e	48674	64	8
3640					64
3641	4	0x008e	64802	4	8
3642					4
3643	4	0x008e	16674	2	8
3644					2
3645	4	0x0082	0	8	16
3646					0
3651	4	0x008e	16418	2	8
3652					2
3653	4	0x008e	290	64	8
3654					64
3655	4	0x008e	16418	64	8
3656					64
3657	4	0x008e	32546	64	8
3658					64
3659	4	0x008e	48674	64	8
3660					64
3661	4	0x008e	64802	4	8
3662					4
3663	4	0x008e	16674	2	8
3664					2
3665	4	0x0082	0	8	16
3666					0
3671	4	0x008e	16418	2	8
3672					2
3673	4	0x008e	290	64	8
3674					64
3675	4	0x008e	16418	64	8
3676					64
3677	4	0x008e	32546	64	8
3678					64
3679	4	0x008e	48674	64	8
3680					64
3681	4	0x008e	64802	4	8
3682					4
3683	4	0x008e	16674	2	8
3684					2
3685	4	0x0082	0	8	16
3686					0
3691	4	0x008e	16418	2	8
3692					2
3693	4	0x008e	290	64	8
3694					64
3695	4	0x008e	16418	64	8
3696					64
3697	4	0x008e	32546	64	8
3698					64
3699	4	0x008e	48674	64	8
3700					64
3701	4	0x008e	64802	4	8
3702					4
3703	4	0x008e	16674	2	8
3704					2
3705	4	0x0082	0	8	16
3706					0
3711	4	0x008e	16418	2	8
3712					2
3713	4	0x008e	290	64	8
3714					64
3715	4	0x008e	16418	64	8
3716					64
3717	4	0x008e	32546	64	8
3718					64
3719	4	0x008e	48674	64	8
3720					64
3721	4	0x008e	64802	4	8
3722					4
3723	4	0x008e	16674	2	8
3724					2
3725	4	0x0082	0	8	16
3726					0
3731	4	0x008e	16418	2	8
3732					2
3733	4	0x008e	290	64	8
3734					64
3735	4	0x008e	16418	64	8
3736					64
3737	4	0x008e	32546	64	8
3738					64
3739	4	0x008e	48674	64	8
3740					64
3741	4	0x008e	64802	4	8
3742					4
3743	4	0x008e	16674	2	8
3744					2
3745	4	0x0082	0	8	16
3746					0
3751	4	0x008e	16418	2	8
3752					2
3753	4	0x008e	290	64	8
3754					64
3755	4	0x008e	16418	64	8
3756					64
3757	4	0x008e	32546	64	8
3758					64
3759	4	0x008e	48674	64	8
3760					64
3761	4	0x008e	64802	4	8
3762					4
3763	4	0x008e	16674	2	8
3764					2
3765	4	0x0082	0	8	16
3766					0
3771	4	0x008e	16418	2	8
3772					2
3773	4	0x008e	290	64	8
3774					64
3775	4	0x008e	16418	64	8
3776					64
3777	4	0x008e	32546	64	8
3778					64
3779	4	0x008e	48674	64	8
3780					64
3781	4	0x008e	64802	4	8
3782					4
3783	4	0x008e	16674	2	8
3784					2
3785	4	0x0082	0	8	16
3786					0
3791	4	0x008e	16418	2	8
3792					2
3793	4	0x008e	290	64	8
3794					64
3795	4	0x008e	16418	64	8
3796					64
3797	4	0x008e	32546	64	8
3798					64
3799	4	0x008e	48674	64	8
3800					64
3801	4	0x008e	64802	4	8
3802					4
3803	4	0x008e	16674	2	8
3804					2
3805	4	0x0082	0	8	16
3806					0
3811	4	0x008e	16418	2	8
3812					2
3813	4	0x008e	290	64	8
3814					64
3815	4	0x008e	16418	64	8
3816					64
3817	4	0x008e	32546	64	8
3818					64
3819	4	0x008e	48674	64	8
3820					64
3821	4	0x008e	64802	4	8
3822					4
3823	4	0x008e	16674	2	8
3824					2
3825	4	0x0082	0	8	16
3826					0
3831	4	0x008e	16418	2	8
3832					2
3833	4	0x008e	290	64	8
3834					64
3835	4	0x008e	16418	64	8
3836					64
3837	4	0x008e	32546	64	8
3838					64
3839	4	0x008e	48674	64	8
3840					64
3841	4	0x008e	64802	4	8
3842					4
3843	4	0x008e	16674	2	8
3844					2
3845	4	0x0082	0	8	16
3846					0
3851	4	0x008e	16418	2	8
3852					2
3853	4	0x008e	290	64	8
3854					64
3855	4	0x008e	16418	64	8
3856					64
3857	4	0x008e	32546	64	8
3858					64
3859	4	0x008e	48674	64	8
3860					64
3861	4	0x008e	64802	4	8
3862					4
3863	4	0x008e	16674	2	8
3864					2
3865	4	0x0082	0	8	16
3866					0
3871	4	0x008e	16418	2	8
3872					2
3873	4	0x008e	290	64	8
3874					64
3875	4	0x008e	16418	64	8
3876					64
3877	4	0x008e	32546	64	8
3878					64
3879	4	0x008e	48674	64	8
3880					64
3881	4	0x008e	64802	4	8
3882					4
3883	4	0x008e	16674	2	8
3884					2
3885	4	0x0082	0	8	16
3886					0
3891	4	0x008e	16418	2	8
3892					2
3893	4	0x008e	290	64	8
3894					64
3895	4	0x008e	16418	64	8
3896					64
3897	4	0x008e	32546	64	8
3898					64
3899	4	0x008e	48674	64	8
3900					64
3901	4	0x008e	64802	4	8
3902					4
3903	4	0x008e	16674	2	8
3904					2
3905	4	0x0082	0	8	16
3906					0
3911	4	0x008e	16418	2	8
3912					2
3913	4	0x008e	290	64	8
3914					64
3915	4	0x008e	16418	64	8
3916					64
3917	4	0x008e	32546	64	8
3918					64
3919	4	0x008e	48674	64	8
3920					64
3921	4	0x008e	64802	4	8
3922					4
3923	4	0x008e	16674	2	8
3924					2
3925	4	0x0082	0	8	16
3926					0
3931	4	0x008e	16418	2	8
3932					2
3933	4	0x008e	290	64	8
3934					64
3935	4	0x008e	16418	64	8
3936					64
3937	4	0x008e	32546	64	8
3938					64
3939	4	0x008e	48674	64	8
3940					64
3941	4	0x008e	64802	4	8
3942					4
3943	4	0x008e	16674	2	8
3944					2
3945	4	0x0082	0	8	16
3946					0
3951	4	0x008e	16418	2	8
3952					2
3953	4	0x008e	290	64	8
3954					64
3955	4	0x008e	16418	64	8
3956					64
3957	4	0x008e	32546	64	8
3958					64
3959	4	0x008e	48674	64	8
3960					64
3961	4	0x008e	64802	4	8
3962					4
3963	4	0x008e	16674	2	8
3964					2
3965	4	0x0082	0	8	16
3966					0
3971	4	0x008e	16418	2	8
3972					2
3973	4	0x008e	290	64	8
3974					64
3975	4	0x008e	16418	64	8
3976					64
3977	4	0x008e	32546	64	8
3978					64
3979	4	0x008e	48674	64	8
3980					64
3981	4	0x008e	64802	4	8
3982					4
3983	4	0x008e	16674	2	8
3984					2
3985	4	0x0082	0	8	16
3986					0
3991	4	0x008e	16418	2	8
3992					2
3993	4	0x008e	290	64	8
3994					64
3995	4	0x008e	16418	64	8
3996					64
3997	4	0x008e	32546	64	8
3998					64
3999	4	0x008e	48674	64	8
4000					64
4001	4	0x008e	64802	4	8
4002					4
4003	4	0x008e	16674	2	8
4004					2
4005	4	0x0082	0	8	16
4006					0
4011	4	0x008e	16418	2	8
4012					2
4013	4	0x008e	290	64	8
4014					64
4015	4	0x008e	16418	64	8
4016					64
4017	4	0x008e	32546	64	8
4018					64
4019	4	0x008e	48674	64	8
4020					64
4021	4	0x008e	64802	4	8
4022					4
4023	4	0x008e	16674	2	8
4024					2
4025	4	0x0082	0	8	16
4026					0
4031	4	0x008e	16418	2	8
4032					2
4033	4	0x008e	290	64	8
4034					64
4035	4	0x008e	16418	64	8
4036					64
4037	4	0x008e	32546	64	8
4038					64
4039	4	0x008e	48674	64	8
4040					64
4041	4	0x008e	64802	4	8
4042					4
4043	4	0x008e	16674	2	8
4044					2
4045	4	0x0082	0	8	16
4046					0
4051	4	0x008e	16418	2	8
4052					2
4053	4	0x008e	290	64	8
4054					64
4055	4	0x008e	16418	64	8
4056					64
4057	4	0x008e	32546	64	8
4058					64
4059	4	0x008e	48674	64	8
4060					64
4061	4	0x008e	64802	4	8
4062					4
4063	4	0x008e	16674	2	8
4064					2
4065	4	0x0082	0	8	16
4066					0
4071	4	0x008e	16418	2	8
4072					2
4073	4	0x008e	290	64	8
4074					64
4075	4	0x008e	16418	64	8
4076					64
4077	4	0x008e	32546	64	8
4078					64
4079	4	0x008e	48674	64	8
4080					64
4081	4	0x008e	64802	4	8
4082					4
4083	4	0x008e	16674	2	8
4084					2
4085	4	0x0082	0	8	16
4086					0
4091	4	0x008e	16418	2	8
4092					2
4093	4	0x008e	290	64	8
4094					64
4095	4	0x008e	16418	64	8
4096					64
4097	4	0x008e	32546	64	8
4098					64
4099	4	0x008e	48674	64	8
4100					64
4101	4	0x008e	64802	4	8
4102					4
4103	4	0x008e	16674	2	8
4104					2
4105	4	0x0082	0	8	16
4106					0
4111	4	0x008e	16418	2	8
4112					2
4113	4	0x008e	290	64	8
4114					64
4115	4	0x008e	16418	64	8
4116					64
4117	4	0x008e	32546	64	8
4118					64
4119	4	0x008e	48674	64	8
4120					64
4121	4	0x008e	64802	4	8
4122					4
4123	4	0x008e	16674	2	8
4124					2
4125	4	0x0082	0	8	16
4126					0
4131	4	0x008e	16418	2	8
4132					2
4133	4	0x008e	290	64	8
4134					64
4135	4	0x008e	16418	64	8
4136					64
4137	4	0x008e	32546	64	8
4138					64
4139	4	0x008e	48674	64	8
4140					64
4141	4	0x008e	64802	4	8
4142					4
4143	4	0x008e	16674	2	8
4144					2
4145	4	0x0082	0	8	16
4146					0
4151	4	0x008e	16418	2	8
4152					2
4153	4	0x008e	290	64	8
4154					64
4155	4	0x008e	16418	64	8
4156					64
4157	4	0x008e	32546	64	8
4158					64
4159	4	0x008e	48674	64	8
4160					64
4161	4	0x008e	64802	4	8
4162					4
4163	4	0x008e	16674	2	8
4164					2
4165	4	0x0082	0	8	16
4166					0
4171	4	0x008e	16418	2	8
4172					2
4173	4	0x008e	290	64	8
4174					64
4175	4	0x008e	16418	64	8
4176					64
4177	4	0x008e	32546	64	8
4178					64
4179	4	0x008e	48674	64	8
4180					64
4181	4	0x008e	64802	4	8
4182					4
4183	4	0x008e	16674	2	8
4184					2
4185	4	0x0082	0	8	16
4186					0
4191	4	0x008e	16418	2	8
4192					2
4193	4	0x008e	290	64	8
4194					64
4195	4	0x008e	16418	64	8
4196					64
4197	4	0x008e	32546	64	8
4198					64
4199	4	0x008e	48674	64	8
4200					64
4201	4	0x008e	64802	4	8
4202					4
4203	4	0x008e	16674	2	8
4204					2
4205	4	0x0082	0	8	16
4206					0
4211	4	0x008e	16418	2	8
4212					2
4213	4	0x008e	290	64	8
4214					64
4215	4	0x008e	16418	64	8
4216					64
4217	4	0x008e	32546	64	8
4218					64
4219	4	0x008e	48674	64	8
4220					64
4221	4	0x008e	64802	4	8
4222					4
4223	4	0x008e	16674	2	8
4224					2
4225	4	0x0082	0	8	16
4226					0
4231	4	0x008e	16418	2	8
4232					2
4233	4	0x008e	290	64	8
4234					64
4235	4	0x008e	16418	64	8
4236					64
4237	4	0x008e	32546	64	8
4238					64
4239	4	0x008e	48674	64	8
4240					64
4241	4	0x008e	64802	4	8
4242					4
4243	4	0x008e	16674	2	8
4244					2
4245	4	0x0082	0	8	16
4246					0
4251	4	0x008e	16418	2	8
4252					2
4253	4	0x008e	290	64	8
4254					64
4255	4	0x008e	16418	64	8
4256					64
4257	4	0x008e	32546	64	8
4258					64
4259	4	0x008e	48674	64	8
4260					64
4261	4	0x008e	64802	4	8
4262					4
4263	4	0x008e	16674	2	8
4264					2
4265	4	0x0082	0	8	16
4266					0
4271	4	0x008e	16418	2	8
4272					2
4273	4	0x008e	290	64	8
4274					64
4275	4	0x008e	16418	64	8
4276					64
4277	4	0x008e	32546	64	8
4278					64
4279	4	0x008e	48674	64	8
4280					64
4281	4	0x008e	64802	4	8
4282					4
4283	4	0x008e	16674	2	8
4284					2
4285	4	0x0082	0	8	16
4286					0
4291	4	0x008e	16418	2	8
4292					2
4293	4	0x008e	290	64	8
4294					64
4295	4	0x008e	16418	64	8
4296					64
4297	4	0x008e	32546	64	8
4298					64
4299	4	0x008e	48674	64	8
4300					64
4301	4	0x008e	64802	4	8
4302					4
4303	4	0x008e	16674	2	8
4304					2
4305	4	0x0082	0	8	16
4306					0
4311	4	0x008e	16418	2	8
4312					2
4313	4	0x008e	290	64	8
4314					64
4315	4	0x008e	16418	64	8
4316					64
4317	4	0x008e	32546	64	8
4318					64
4319	4	0x008e	48674	64	8
4320					64
4321	4	0x008e	64802	4	8
4322					4
4323	4	0x008e	16674	2	8
4324					2
4325	4	0x0082	0	8	16
4326					0
4331	4	0x008e	16418	2	8
4332					2
4333	4	0x008e	290	64	8
4334					64
4335	4	0x008e	16418	64	8
4336					64
4337	4	0x008e	32546	64	8
4338					64
4339	4	0x008e	48674	64	8
4340					64
4341	4	0x008e	64802	4	8
4342					4
4343	4	0x008e	16674	2	8
4344					2
4345	4	0x0082	0	8	16
4346					0
4351	4	0x008e	16418	2	8
4352					2
4353	4	0x008e	290	64	8
4354					64
4355	4	0x008e	16418	64	8
4356					64
4357	4	0x008e	32546	64	8
4358					64
4359	4	0x008e	48674	64	8
4360					64
4361	4	0x008e	64802	4	8
4362					4
4363	4	0x008e	16674	2	8
4364					2
4365	4	0x0082	0	8	16
4366					0
4371	4	0x008e	16418	2	8
4372					2
4373	4	0x008e	290	64	8
4374					64
4375	4	0x008e	16418	64	8
4376					64
4377	4	0x008e	32546	64	8
4378					64
4379	4	0x008e	48674	64	8
4380					64
4381	4	0x008e	64802	4	8
4382					4
4383	4	0x008e	16674	2	8
4384					2
4385	4	0x0082	0	8	16
4386					0
4391	4	0x008e	16418	2	8
4392					2
4393	4	0x008e	290	64	8
4394					64
4395	4	0x008e	16418	64	8
4396					64
4397	4	0x008e	32546	64	8
4398					64
4399	4	0x008e	48674	64	8
4400					64
4401	4	0x008e	64802	4	8
4402					4
4403	4	0x008e	16674	2	8
4404					2
4405	4	0x0082	0	8	16
4406					0
4411	4	0x008e	16418	2	8
4412					2
4413	4	0x008e	290	64	8
4414					64
4415	4	0x008e	16418	64	8
4416					64
4417	4	0x008e	32546	64	8
4418					64
4419	4	0x008e	48674	64	8
4420					64
4421	4	0x008e	64802	4	8
4422					4
4423	4	0x008e	16674	2	8
4424					2
4425	4	0x0082	0	8	16
4426					0
4431	4	0x008e	16418	2	8
4432					2
4433	4	0x008e	290	64	8
4434					64
4435	4	0x008e	16418	64	8
4436					64
4437	4	0x008e	32546	64	8
4438					64
4439	4	0x008e	48674	64	8
4440					64
4441	4	0x008e	64802	4	8
4442					4
4443	4	0x008e	16674	2	8
4444					2
4445	4	0x0082	0	8	16
4446					0
4451	4	0x008e	16418	2	8
4452					2
4453	4	0x008e	290	64	8
4454					64
4455	4	0x008e	16418	64	8
4456					64
4457	4	0x008e	32546	64	8
4458					64
4459	4	0x008e	48674	64	8
4460					64
4461	4	0x008e	64802	4	8
4462					4
4463	4	0x008e	16674	2	8
4464					2
4465	4	0x0082	0	8	16
4466					0
4471	4	0x008e	16418	2	8
4472					2
4473	4	0x008e	290	64	8
4474					64
4475	4	0x008e	16418	64	8
4476					64
4477	4	0x008e	32546	64	8
4478					64
4479	4	0x008e	48674	64	8
4480					64
4481	4	0x008e	64802	4	8
4482					4
4483	4	0x008e	16674	2	8
4484					2
4485	4	0x0082	0	8	16
4486					0
4491	4	0x008e	16418	2	8
4492					2
4493	4	0x008e	290	64	8
4494					64
4495	4	0x008e	16418	64	8
4496					64
4497	4	0x008e	32546	64	8
4498					64
4499	4	0x008e	48674	64	8
4500					64
4501	4	0x008e	64802	4	8
4502					4
4503	4	0x008e	16674	2	8
4504					2
4505	4	0x0082	0	8	16
4506					0
4511	4	0x008e	16418	2	8
4512					2
4513	4	0x008e	290	64	8
4514					64
4515	4	0x008e	16418	64	8
4516					64
4517	4	0x008e	32546	64	8
4518					64
4519	4	0x008e	48674	64	8
4520					64
4521	4	0x008e	64802	4	8
4522					4
4523	4	0x008e	16674	2	8
4524					2
4525	4	0x0082	0	8	16
4526					0
4531	4	0x008e	16418	2	8
4532					2
4533	4	0x008e	290	64	8
4534					64
4535	4	0x008e	16418	64	8
4536					64
4537	4	0x008e	32546	64	8
4538					64
4539	4	0x008e	48674	64	8
4540					64
4541	4	0x008e	64802	4	8
4542					4
4543	4	0x008e	16674	2	8
4544					2
4545	4	0x0082	0	8	16
4546					0
4551	4	0x008e	16418	2	8
4552					2
4553	4	0x008e	290	64	8
4554					64
4555	4	0x008e	16418	64	8
4556					64
4557	4	0x008e	32546	64	8
4558					64
4559	4	0x008e	48674	64	8
4560					64
4561	4	0x008e	64802	4	8
4562					4
4563	4	0x008e	16674	2	8
4564					2
4565	4	0x0082	0	8	16
4566					0
4571	4	0x008e	16418	2	8
4572					2
4573	4	0x008e	290	64	8
4574					64
4575	4	0x008e	16418	64	8
4576					64
4577	4	0x008e	32546	64	8
4578					64
4579	4	0x008e	48674	64	8
4580					64
4581	4	0x008e	64802	4	8
4582					4
4583	4	0x008e	16674	2	8
4584					2
4585	4	0x0082	0	8	16
4586					0
4591	4	0x008e	16418	2	8
4592					2
4593	4	0x008e	290	64	8
4594					64
4595	4	0x008e	16418	64	8
4596					64
4597	4	0x008e	32546	64	8
4598					64
4599	4	0x008e	48674	64	8
4600					64
4601	4	0x008e	64802	4	8
4602					4
4603	4	0x008e	16674	2	8
4604					2
4605	4	0x0082	0	8	16
4606					0
4611	4	0x008e	16418	2	8
4612					2
4613	4	0x008e	290	64	8
4614					64
4615	4	0x008e	16418	64	8
4616					64
4617	4	0x008e	32546	64	8
4618					64
4619	4	0x008e	48674	64	8
4620					64
4621	4	0x008e	64802	4	8
4622					4
4623	4	0x008e	16674	2	8
4624					2
4625	4	0x0082	0	8	16
4626					0
4631	4	0x008e	16418	2	8
4632					2
4633	4	0x008e	290	64	8
4634					64
4635	4	0x008e	16418	64	8
4636					64
4637	4	0x008e	32546	64	8
4638					64
4639	4	0x008e	48674	64	8
4640					64
4641	4	0x008e	64802	4	8
4642					4
4643	4	0x008e	16674	2	8
4644					2
4645	4	0x0082	0	8	16
4646					0
4651	4	0x008e	16418	2	8
4652					2
4653	4	0x008e	290	64	8
4654					64
4655	4	0x008e	16418	64	8
4656					64
4657	4	0x008e	32546	64	8
4658					64
4659	4	0x008e	48674	64	8
4660					64
4661	4	0x008e	64802	4	8
4662					4
4663	4	0x008e	16674	2	8
4664					2
4665	4	0x0082	0	8	16
4666					0
4671	4	0x008e	16418	2	8
4672					2
4673	4	0x008e	290	64	8
4674					64
4675	4	0x008e	16418	64	8
4676					64
4677	4	0x008e	32546	64	8
4678					64
4679	4	0x008e	48674	64	8
4680					64
4681	4	0x008e	64802	4	8
4682					4
4683	4	0x008e	16674	2	8
4684					2
4685	4	0x0082	0	8	16
4686					0
4691	4	0x008e	16418	2	8
4692					2
4693	4	0x008e	290	64	8
4694					64
4695	4	0x008e	16418	64	8
4696					64
4697	4	0x008e	32546	64	8
4698					64
4699	4	0x008e	48674	64	8
4700					64
4701	4	0x008e	64802	4	8
4702					4
4703	4	0x008e	16674	2	8
4704					2
4705	4	0x0082	0	8	16
4706					0
4711	4	0x008e	16418	2	8
4712					2
4713	4	0x008e	290	64	8
4714					64
4715	4	0x008e	16418	64	8
4716					64
4717	4	0x008e	32546	64	8
4718					64
4719	4	0x008e	48674	64	8
4720					64
4721	4	0x008e	64802	4	8
4722					4
4723	4	0x008e	16674	2	8
4724					2
4725	4	0x0082	0	8	16
4726					0
4731	4	0x008e	16418	2	8
4732					2
4733	4	0x008e	290	64	8
4734					64
4735	4	0x008e	16418	64	8
4736					64
4737	4	0x008e	32546	64	8
4738					64
4739	4	0x008e	48674	64	8
4740					64
4741	4	0x008e	64802	4	8
4742					4
4743	4	0x008e	16674	2	8
4744					2
4745	4	0x0082	0	8	16
4746					0
4751	4	0x008e	16418	2	8
4752					2
4753	4	0x008e	290	64	8
4754					64
4755	4	0x008e	16418	64	8
4756					64
4757	4	0x008e	32546	64	8
4758					64
4759	4	0x008e	48674	64	8
4760					64
4761	4	0x008e	64802	4	8
4762					4
4763	4	0x008e	16674	2	8
4764					2
4765	4	0x0082	0	8	16
4766					0
4771	4	0x008e	16418	2	8
4772					2
4773	4	0x008e	290	64	8
4774					64
4775	4	0x008e	16418	64	8
4776					64
4777	4	0x008e	32546	64	8
4778					64
4779	4	0x008e	48674	64	8
4780					64
4781	4	0x008e	64802	4	8
4782					4
4783	4	0x008e	16674	2	8
4784					2
4785	4	0x0082	0	8	16
4786					0
4791	4	0x008e	16418	2	8
4792					2
4793	4	0x008e	290	64	8
4794					64
4795	4	0x008e	16418	64	8
4796					64
4797	4	0x008e	32546	64	8
4798					64
4799	4	0x008e	48674	64	8
4800					64
4801	4	0x008e	64802	4	8
4802					4
4803	4	0x008e	16674	2	8
4804					2
4805	4	0x0082	0	8	16
4806					0
4811	4	0x008e	16418	2	8
4812					2
4813	4	0x008e	290	64	8
4814					64
4815	4	0x008e	16418	64	8
4816					64
4817	4	0x008e	32546	64	8
4818					64
4819	4	0x008e	48674	64	8
4820					64
4821	4	0x008e	64802	4	8
4822					4
4823	4	0x008e	16674	2	8
4824					2
4825	4	0x0082	0	8	16
4826					0
4831	4	0x008e	16418	2	8
4832					2
4833	4	0x008e	290	64	8
4834					64
4835	4	0x008e	16418	64	8
4836					64
4837	4	0x008e	32546	64	8
4838					64
4839	4	0x008e	48674	64	8
4840					64
4841	4	0x008e	64802	4	8
4842					4
4843	4	0x008e	16674	2	8
4844					2
4845	4	0x0082	0	8	16
4846					0
4851	4	0x008e	16418	2	8
4852					2
4853	4	0x008e	290	64	8
4854					64
4855	4	0x008e	16418	64	8
4856					64
4857	4	0x008e	32546	64	8
4858					64
4859	4	0x008e	48674	64	8
4862					64
4863	4	0x008e	64802	4	8
4864					4
4865	4	0x008e	16674	2	8
4866					2
4867	4	0x0082	0	8	16
4868					0
4873	4	0x008e	16418	2	8
4874					2
4875	4	0x008e	290	64	8
4876					64
4877	4	0x008e	16418	64	8
4878					64
4879	4	0x008e	32546	64	8
4880					64
4881	4	0x008e	48674	64	8
4882					64
4883	4	0x008e	64802	4	8
4884					4
4885	4	0x008e	16674	2	8
4886					2
4887	4	0x0082	0	8	16
4888					0
4893	4	0x008e	16418	2	8
4894					2
4895	4	0x008e	290	64	8
4896					64
4897	4	0x008e	16418	64	8
4898					64
4899	4	0x008e	32546	64	8
4900					64
4901	4	0x008e	48674	64	8
4902					64
4903	4	0x008e	64802	4	8
4904					4
4905	4	0x008e	16674	2	8
4906					2
4907	4	0x0082	0	8	16
4908					0
4913	4	0x008e	16418	2	8
4916					2
4917	4	0x008e	290	64	8
4918					64
4919	4	0x008e	16418	64	8
4920					64
4921	4	0x008e	32546	64	8
4922					64
4923	4	0x008e	48674	64	8
4924					64
4925	4	0x008e	64802	4	8
4926					4
4927	4	0x008e	16674	2	8
4928					2
4929	4	0x0082	0	8	16
4930					0
4935	4	0x008e	16418	2	8
4936					2
4937	4	0x008e	290	64	8
4938					64
4939	4	0x008e	16418	64	8
4940					64
4941	4	0x008e	32546	64	8
4942					64
4943	4	0x008e	48674	64	8
4944					64
4945	4	0x008e	64802	4	8
4946					4
4947	4	0x008e	16674	2	8
4948					2
4949	4	0x0082	0	8	16
4950					0
4957	4	0x008e	16418	2	8
4958					2
4959	4	0x008e	290	64	8
4960					64
4961	4	0x008e	16418	64	8
4962					64
4963	4	0x008e	32546	64	8
4964					64
4965	4	0x008e	48674	64	8
4966					64
4967	4	0x008e	64802	4	8
4968					4
4969	4	0x008e	16674	2	8
4970					2
4971	4	0x0082	0	8	16
4972					0
4977	4	0x008e	16418	2	8
4978					2
4979	4	0x008e	290	64	8
4980					64
4981	4	0x008e	16418	64	8
4982					64
4983	4	0x008e	32546	64	8
4984					64
4985	4	0x008e	48674	64	8
4986					64
4987	4	0x008e	64802	4	8
4988					4
4989	4	0x008e	16674	2	8
4990					2
4991	4	0x0082	0	8	16
4992					0
4997	4	0x008e	16418	2	8
4998					2
4999	4	0x008e	290	64	8
5000					64
5001	4	0x008e	16418	64	8
5002					64
5003	4	0x008e	32546	64	8
5004					64
5005	4	0x008e	48674	64	8
5006					64
5007	4	0x008e	64802	4	8
5010					4
5011	4	0x008e	16674	2	8
5012					2
5013	4	0x0082	0	8	16
5014					0
5019	4	0x008e	16418	2	8
5020					2
5021	4	0x008e	290	64	8
5022					64
5023	4	0x008e	16418	64	8
5024					64
5025	4	0x008e	32546	64	8
5026					64
5027	4	0x008e	48674	64	8
5028					64
5029	4	0x008e	64802	4	8
5030					4
5031	4	0x008e	16674	2	8
5032					2
5033	4	0x0082	0	8	16
5034					0
5039	4	0x008e	16418	2	8
5040					2
5041	4	0x008e	290	64	8
5042					64
5043	4	0x008e	16418	64	8
5044					64
5045	4	0x008e	32546	64	8
5046					64
5047	4	0x008e	48674	64	8
5048					64
5049	4	0x008e	64802	4	8
5050					4
5051	4	0x008e	16674	2	8
5052					2
5053	4	0x0082	0	8	16
5054					0
5059	4	0x008e	16418	2	8
5060					2
5061	4	0x008e	290	64	8
5062					64
5063	4	0x008e	16418	64	8
5064					64
5065	4	0x008e	32546	64	8
5068					64
5069	4	0x008e	48674	64	8
5070					64
5071	4	0x008e	64802	4	8
5072					4
5073	4	0x008e	16674	2	8
5074					2
5075	4	0x0082	0	8	16
5076					0
5081	4	0x008e	16418	2	8
5082					2
5083	4	0x008e	290	64	8
5084					64
5085	4	0x008e	16418	64	8
5086					64
5087	4	0x008e	32546	64	8
5088					64
5089	4	0x008e	48674	64	8
5092					64
5093	4	0x008e	64802	4	8
5094					4
5095	4	0x008e	16674	2	8
5096					2
5097	4	0x0082	0	8	16
5098					0
5103	4	0x008e	16418	2	8
5104					2
5105	4	0x008e	290	64	8
5106					64
5107	4	0x008e	16418	64	8
5108					64
5109	4	0x008e	32546	64	8
5110					64
5111	4	0x008e	48674	64	8
5112					64
5113	4	0x008e	64802	4	8
5114					4
5115	4	0x008e	16674	2	8
5116					2
5117	4	0x0082	0	8	16
5118					0
5123	4	0x008e	16418	2	8
5124					2
5125	4	0x008e	290	64	8
5126					64
5127	4	0x008e	16418	64	8
5128					64
5129	4	0x008e	32546	64	8
5132					64
5133	4	0x008e	48674	64	8
5134					64
5135	4	0x008e	64802	4	8
5136					4
5137	4	0x008e	16674	2	8
5138					2
5139	4	0x0082	0	8	16
5140					0
5145	4	0x008e	16418	2	8
5146					2
5147	4	0x008e	290	64	8
5148					64
5149	4	0x008e	16418	64	8
5150					64
5151	4	0x008e	32546	64	8
5152					64
5153	4	0x008e	48674	64	8
5154					64
5155	4	0x008e	64802	4	8
5156					4
5157	4	0x008e	16674	2	8
5158					2
5159	4	0x0082	0	8	16
5160					0
5165	4	0x008e	16418	2	8
5166					2
5167	4	0x008e	290	64	8
5168					64
5169	4	0x008e	16418	64	8
5170					64
5171	4	0x008e	32546	64	8
5172					64
5173	4	0x008e	48674	64	8
5174					64
5175	4	0x008e	64802	4	8
5178					4
5179	4	0x008e	16674	2	8
5180					2
5181	4	0x0082	0	8	16
5182					0
5187	4	0x008e	16418	2	8
5188					2
5189	4	0x008e	290	64	8
5190					64
5191	4	0x008e	16418	64	8
5192					64
5193	4	0x008e	32546	64	8
5194					64
5195	4	0x008e	48674	64	8
5196					64
5197	4	0x008e	64802	4	8
5198					4
5199	4	0x008e	16674	2	8
5200					2
5201	4	0x0082	0	8	16
5202					0
5207	4	0x008e	16418	2	8
5208					2
5209	4	0x008e	290	64	8
5210					64
5211	4	0x008e	16418	64	8
5212					64
5213	4	0x008e	32546	64	8
5214					64
5215	4	0x008e	48674	64	8
5216					64
5217	4	0x008e	64802	4	8
5218					4
5219	4	0x008e	16674	2	8
5220					2
5221	4	0x0082	0	8	16
5222					0
5227	4	0x008e	16418	2	8
5228					2
5229	4	0x008e	290	64	8
5230					64
5231	4	0x008e	16418	64	8
5232					64
5233	4	0x008e	32546	64	8
5234					64
5235	4	0x008e	48674	64	8
5236					64
5237	4	0x008e	64802	4	8
5238					4
5239	4	0x008e	16674	2	8
5240					2
5241	4	0x0082	0	8	16
5242					0
5247	4	0x008e	16418	2	8
5248					2
5249	4	0x008e	290	64	8
5250					64
5251	4	0x008e	16418	64	8
5252					64
5253	4	0x008e	32546	64	8
5254					64
5255	4	0x008e	48674	64	8
5256					64
5257	4	0x008e	64802	4	8
5258					4
5259	4	0x008e	16674	2	8
5260					2
5261	4	0x0082	0	8	16
5262					0
5267	4	0x008e	16418	2	8
5268					2
5269	4	0x008e	290	64	8
5270					64
5271	4	0x008e	16418	64	8
5272					64
5273	4	0x008e	32546	64	8
5274					64
5275	4	0x008e	48674	64	8
5276					64
5277	4	0x008e	64802	4	8
5278					4
5279	4	0x008e	16674	2	8
5280					2
5281	4	0x0082	0	8	16
5282					0
5287	4	0x008e	16418	2	8
5288					2
5289	4	0x008e	290	64	8
5290					64
5291	4	0x008e	16418	64	8
5292					64
5293	4	0x008e	32546	64	8
5294					64
5295	4	0x008e	48674	64	8
5296					64
5297	4	0x008e	64802	4	8
5298					4
5299	4	0x008e	16674	2	8
5300					2
5301	4	0x0082	0	8	16
5302					0
5307	4	0x008e	16418	2	8
5308					2
5309	4	0x008e	290	64	8
5310					64
5311	4	0x008e	16418	64	8
5312					64
5313	4	0x008e	32546	64	8
5314					64
5315	4	0x008e	48674	64	8
5316					64
5317	4	0x008e	64802	4	8
5318					4
5319	4	0x008e	16674	2	8
5320					2
5321	4	0x0082	0	8	16
5322					0
5327	4	0x008e	16418	2	8
5328					2
5329	4	0x008e	290	64	8
5330					64
5331	4	0x008e	16418	64	8
5332					64
5333	4	0x008e	32546	64	8
5334					64
5335	4	0x008e	48674	64	8
5336					64
5337	4	0x008e	64802	4	8
5338					4
5339	4	0x008e	16674	2	8
5340					2
5341	4	0x0082	0	8	16
5342					0
5347	4	0x008e	16418	2	8
5348					2
5349	4	0x008e	290	64	8
5350					64
5351	4	0x008e	16418	64	8
5352					64
5353	4	0x008e	32546	64	8
5354					64
5355	4	0x008e	48674	64	8
5356					64
5357	4	0x008e	64802	4	8
5358					4
5359	4	0x008e	16674	2	8
5360					2
5361	4	0x0082	0	8	16
5362					0
5367	4	0x008e	16418	2	8
5368					2
5369	4	0x008e	290	64	8
5370					64
5371	4	0x008e	16418	64	8
5372					64
5373	4	0x008e	32546	64	8
5374					64
5375	4	0x008e	48674	64	8
5376					64
5377	4	0x008e	64802	4	8
5378					4
5379	4	0x008e	16674	2	8
5380					2
5381	4	0x0082	0	8	16
5382					0
5387	4	0x008e	16418	2	8
5388					2
5389	4	0x008e	290	64	8
5390					64
5391	4	0x008e	16418	64	8
5392					64
5393	4	0x008e	32546	64	8
5394					64
5395	4	0x008e	48674	64	8
5396					64
5397	4	0x008e	64802	4	8
5398					4
5399	4	0x008e	16674	2	8
5400					2
5401	4	0x0082	0	8	16
5402					0
5407	4	0x008e	16418	2	8
5408					2
5409	4	0x008e	290	64	8
5410					64
5411	4	0x008e	16418	64	8
5412					64
5413	4	0x008e	32546	64	8
5414					64
5415	4	0x008e	48674	64	8
5416					64
5417	4	0x008e	64802	4	8
5418					4
5419	4	0x008e	16674	2	8
5420					2
5421	4	0x0082	0	8	16
5422					0
5427	4	0x008e	16418	2	8
5428					2
5429	4	0x008e	290	64	8
5430					64
5431	4	0x008e	16418	64	8
5432					64
5433	4	0x008e	32546	64	8
5434					64
5435	4	0x008e	48674	64	8
5436					64
5437	4	0x008e	64802	4	8
5438					4
5439	4	0x008e	16674	2	8
5440					2
5441	4	0x0082	0	8	16
5442					0
5447	4	0x008e	16418	2	8
5448					2
5449	4	0x008e	290	64	8
5450					64
5451	4	0x008e	16418	64	8
5452					64
5453	4	0x008e	32546	64	8
5454					64
5455	4	0x008e	48674	64	8
5456					64
5457	4	0x008e	64802	4	8
5458					4
5459	4	0x008e	16674	2	8
5460					2
5461	4	0x0082	0	8	16
5462					0
5467	4	0x008e	16418	2	8
5468					2
5469	4	0x008e	290	64	8
5470					64
5471	4	0x008e	16418	64	8
5472					64
5473	4	0x008e	32546	64	8
5474					64
5475	4	0x008e	48674	64	8
5476					64
5477	4	0x008e	64802	4	8
5478					4
5479	4	0x008e	16674	2	8
5480					2
5481	4	0x0082	0	8	16
5482					0
5487	4	0x008e	16418	2	8
5488					2
5489	4	0x008e	290	64	8
5490					64
5491	4	0x008e	16418	64	8
5492					64
5493	4	0x008e	32546	64	8
5494					64
5495	4	0x008e	48674	64	8
5496					64
5497	4	0x008e	64802	4	8
5498					4
5499	4	0x008e	16674	2	8
5500					2
5501	4	0x0082	0	8	16
5502					0
5507	4	0x008e	16418	2	8
5508					2
5509	4	0x008e	290	64	8
5510					64
5511	4	0x008e	16418	64	8
5512					64
5513	4	0x008e	32546	64	8
5514					64
5515	4	0x008e	48674	64	8
5516					64
5517	4	0x008e	64802	4	8
5518					4
5519	4	0x008e	16674	2	8
5520					2
5521	4	0x0082	0	8	16
5522					0
5527	4	0x008e	16418	2	8
5528					2
5529	4	0x008e	290	64	8
5530					64
5531	4	0x008e	16418	64	8
5532					64
5533	4	0x008e	32546	64	8
5534					64
5535	4	0x008e	48674	64	8
5536					64
5537	4	0x008e	64802	4	8
5538					4
5539	4	0x008e	16674	2	8
5540					2
5541	4	0x0082	0	8	16
5542					0
5547	4	0x008e	16418	2	8
5548					2
5549	4	0x008e	290	64	8
5550					64
5551	4	0x008e	16418	64	8
5552					64
5553	4	0x008e	32546	64	8
5554					64
5555	4	0x008e	48674	64	8
5556					64
5557	4	0x008e	64802	4	8
5558					4
5559	4	0x008e	16674	2	8
5560					2
5561	4	0x0082	0	8	16
5562					0
5567	4	0x008e	16418	2	8
5568					2
5569	4	0x008e	290	64	8
5570					64
5571	4	0x008e	16418	64	8
5572					64
5573	4	0x008e	32546	64	8
5574					64
5575	4	0x008e	48674	64	8
5576					64
5577	4	0x008e	64802	4	8
5578					4
5579	4	0x008e	16674	2	8
5580					2
5581	4	0x0082	0	8	16
5582					0
5587	4	0x008e	16418	2	8
5588					2
5589	4	0x008e	290	64	8
5590					64
5591	4	0x008e	16418	64	8
5592					64
5593	4	0x008e	32546	64	8
5594					64
5595	4	0x008e	48674	64	8
5596					64
5597	4	0x008e	64802	4	8
5598					4
5599	4	0x008e	16674	2	8
5600					2
5601	4	0x0082	0	8	16
5602					0
5607	4	0x008e	16418	2	8
5608					2
5609	4	0x008e	290	64	8
5610					64
5611	4	0x008e	16418	64	8
5612					64
5613	4	0x008e	32546	64	8
5614					64
5615	4	0x008e	48674	64	8
5616					64
5617	4	0x008e	64802	4	8
5618					4
5619	4	0x008e	16674	2	8
5620					2
5621	4	0x0082	0	8	16
5622					0
5627	4	0x008e	16418	2	8
5628					2
5629	4	0x008e	290	64	8
5630					64
5631	4	0x008e	16418	64	8
5632					64
5633	4	0x008e	32546	64	8
5634					64
5635	4	0x008e	48674	64	8
5636					64
5637	4	0x008e	64802	4	8
5638					4
5639	4	0x008e	16674	2	8
5640					2
5641	4	0x0082	0	8	16
5642					0
5647	4	0x008e	16418	2	8
5648					2
5649	4	0x008e	290	64	8
5650					64
5651	4	0x008e	16418	64	8
5652					64
5653	4	0x008e	32546	64	8
5654					64
5655	4	0x008e	48674	64	8
5656					64
5657	4	0x008e	64802	4	8
5658					4
5659	4	0x008e	16674	2	8
5660					2
5661	4	0x0082	0	8	16
5662					0
5667	4	0x008e	16418	2	8
5668					2
5669	4	0x008e	290	64	8
5670					64
5671	4	0x008e	16418	64	8
5672					64
5673	4	0x008e	32546	64	8
5674					64
5675	4	0x008e	48674	64	8
5676					64
5677	4	0x008e	64802	4	8
5678					4
5679	4	0x008e	16674	2	8
5680					2
5681	4	0x0082	0	8	16
5682					0
5687	4	0x008e	16418	2	8
5688					2
5689	4	0x008e	290	64	8
5690					64
5691	4	0x008e	16418	64	8
5692					64
5693	4	0x008e	32546	64	8
5694					64
5695	4	0x008e	48674	64	8
5696					64
5697	4	0x008e	64802	4	8
5698					4
5699	4	0x008e	16674	2	8
5700					2
5701	4	0x0082	0	8	16
5702					0
5707	4	0x008e	16418	2	8
5708					2
5709	4	0x008e	290	64	8
5710					64
5711	4	0x008e	16418	64	8
5712					64
5713	4	0x008e	32546	64	8
5714					64
5715	4	0x008e	48674	64	8
5716					64
5717	4	0x008e	64802	4	8
5718					4
5719	4	0x008e	16674	2	8
5720					2
5721	4	0x0082	0	8	16
5722					0
5727	4	0x008e	16418	2	8
5728					2
5729	4	0x008e	290	64	8
5730					64
5731	4	0x008e	16418	64	8
5732					64
5733	4	0x008e	32546	64	8
5734					64
5735	4	0x008e	48674	64	8
5736					64
5737	4	0x008e	64802	4	8
5738					4
5739	4	0x008e	16674	2	8
5740					2
5741	4	0x0082	0	8	16
5742					0
5747	4	0x008e	16418	2	8
5748					2
5749	4	0x008e	290	64	8
5750					64
5751	4	0x008e	16418	64	8
5752					64
5753	4	0x008e	32546	64	8
5754					64
5755	4	0x008e	48674	64	8
5756					64
5757	4	0x008e	64802	4	8
5758					4
5759	4	0x008e	16674	2	8
5760					2
5761	4	0x0082	0	8	16
5762					0
5767	4	0x008e	16418	2	8
5768					2
5769	4	0x008e	290	64	8
5770					64
5771	4	0x008e	16418	64	8
5772					64
5773	4	0x008e	32546	64	8
5774					64
5775	4	0x008e	48674	64	8
5776					64
5777	4	0x008e	64802	4	8
5778					4
5779	4	0x008e	16674	2	8
5780					2
5781	4	0x0082	0	8	16
5782					0
5787	4	0x008e	16418	2	8
5788					2
5789	4	0x008e	290	64	8
5790					64
5791	4	0x008e	16418	64	8
5792					64
5793	4	0x008e	32546	64	8
5794					64
5795	4	0x008e	48674	64	8
5796					64
5797	4	0x008e	64802	4	8
5798					4
5799	4	0x008e	16674	2	8
5800					2
5801	4	0x0082	0	8	16
5802					0
5807	4	0x008e	16418	2	8
5808					2
5809	4	0x008e	290	64	8
5810					64
5811	4	0x008e	16418	64	8
5812					64
5813	4	0x008e	32546	64	8
5814					64
5815	4	0x008e	48674	64	8
5816					64
5817	4	0x008e	64802	4	8
5818					4
5819	4	0x008e	16674	2	8
5820					2
5821	4	0x0082	0	8	16
5822					0
5827	4	0x008e	16418	2	8
5828					2
5829	4	0x008e	290	64	8
5830					64
5831	4	0x008e	16418	64	8
5832					64
5833	4	0x008e	32546	64	8
5834					64
5835	4	0x008e	48674	64	8
5836					64
5837	4	0x008e	64802	4	8
5838					4
5839	4	0x008e	16674	2	8
5840					2
5841	4	0x0082	0	8	16
5842					0
5847	4	0x008e	16418	2	8
5848					2
5849	4	0x008e	290	64	8
5850					64
5851	4	0x008e	16418	64	8
5852					64
5853	4	0x008e	32546	64	8
5854					64
5855	4	0x008e	48674	64	8
5856					64
5857	4	0x008e	64802	4	8
5858					4
5859	4	0x008e	16674	2	8
5860					2
5861	4	0x0082	0	8	16
5862					0
5867	4	0x008e	16418	2	8
5868					2
5869	4	0x008e	290	64	8
5870					64
5871	4	0x008e	16418	64	8
5872					64
5873	4	0x008e	32546	64	8
5874					64
5875	4	0x008e	48674	64	8
5876					64
5877	4	0x008e	64802	4	8
5878					4
5879	4	0x008e	16674	2	8
5880					2
5881	4	0x0082	0	8	16
5882					0
5887	4	0x008e	16418	2	8
5888					2
5889	4	0x008e	290	64	8
5890					64
5891	4	0x008e	16418	64	8
5892					64
5893	4	0x008e	32546	64	8
5894					64
5895	4	0x008e	48674	64	8
5896					64
5897	4	0x008e	64802	4	8
5898					4
5899	4	0x008e	16674	2	8
5900					2
5901	4	0x0082	0	8	16
5902					0
5907	4	0x008e	16418	2	8
5908					2
5909	4	0x008e	290	64	8
5910					64
5911	4	0x008e	16418	64	8
5912					64
5913	4	0x008e	32546	64	8
5914					64
5915	4	0x008e	48674	64	8
5916					64
5917	4	0x008e	64802	4	8
5918					4
5919	4	0x008e	16674	2	8
5920					2
5921	4	0x0082	0	8	16
5922					0
5927	4	0x008e	16418	2	8
5928					2
5929	4	0x008e	290	64	8
5930					64
5931	4	0x008e	16418	64	8
5932					64
5933	4	0x008e	32546	64	8
5934					64
5935	4	0x008e	48674	64	8
5936					64
5937	4	0x008e	64802	4	8
5938					4
5939	4	0x008e	16674	2	8
5940					2
5941	4	0x0082	0	8	16
5942					0
5947	4	0x008e	16418	2	8
5948					2
5949	4	0x008e	290	64	8
5950					64
5951	4	0x008e	16418	64	8
5952					64
5953	4	0x008e	32546	64	8
5954					64
5955	4	0x008e	48674	64	8
5956					64
5957	4	0x008e	64802	4	8
5958					4
5959	4	0x008e	16674	2	8
5960					2
5961	4	0x0082	0	8	16
5962					0
5967	4	0x008e	16418	2	8
5968					2
5969	4	0x008e	290	64	8
5970					64
5971	4	0x008e	16418	64	8
5972					64
5973	4	0x008e	32546	64	8
5974					64
5975	4	0x008e	48674	64	8
5976					64
5977	4	0x008e	64802	4	8
5978					4
5979	4	0x008e	16674	2	8
5980					2
5981	4	0x0082	0	8	16
5982					0
5987	4	0x008e	16418	2	8
5988					2
5989	4	0x008e	290	64	8
5990					64
5991	4	0x008e	16418	64	8
5992					64
5993	4	0x008e	32546	64	8
5994					64
5995	4	0x008e	48674	64	8
5996					64
5997	4	0x008e	64802	4	8
5998					4
5999	4	0x008e	16674	2	8
6000					2
6001	4	0x0082	0	8	16
6002					0
6007	4	0x008e	16418	2	8
6008					2
6009	4	0x008e	290	64	8
6010					64
6011	4	0x008e	16418	64	8
6012					64
6013	4	0x008e	32546	64	8
6014					64
6015	4	0x008e	48674	64	8
6016					64
6017	4	0x008e	64802	4	8
6018					4
6019	4	0x008e	16674	2	8
6020					2
6021	4	0x0082	0	8	16
6022					0
6027	4	0x008e	16418	2	8
6028					2
6029	4	0x008e	290	64	8
6030					64
6031	4	0x008e	16418	64	8
6032					64
6033	4	0x008e	32546	64	8
6034					64
6035	4	0x008e	48674	64	8
6036					64
6037	4	0x008e	64802	4	8
6038					4
6039	4	0x008e	16674	2	8
6040					2
6041	4	0x0082	0	8	16
6042					0
6047	4	0x008e	16418	2	8
6048					2
6049	4	0x008e	290	64	8
6050					64
6051	4	0x008e	16418	64	8
6052					64
6053	4	0x008e	32546	64	8
6054					64
6055	4	0x008e	48674	64	8
6056					64
6057	4	0x008e	64802	4	8
6058					4
6059	4	0x008e	16674	2	8
6060					2
6061	4	0x0082	0	8	16
6062					0
6067	4	0x008e	16418	2	8
6068					2
6069	4	0x008e	290	64	8
6070					64
6071	4	0x008e	16418	64	8
6072					64
6073	4	0x008e	32546	64	8
6074					64
6075	4	0x008e	48674	64	8
6076					64
6077	4	0x008e	64802	4	8
6078					4
6079	4	0x008e	16674	2	8
6080					2
6081	4	0x0082	0	8	16
6082					0
6087	4	0x008e	16418	2	8
6088					2
6089	4	0x008e	290	64	8
6090					64
6091	4	0x008e	16418	64	8
6092					64
6093	4	0x008e	32546	64	8
6094					64
6095	4	0x008e	48674	64	8
6096					64
6097	4	0x008e	64802	4	8
6098					4
6099	4	0x008e	16674	2	8
6100					2
6101	4	0x0082	0	8	16
6102					0
6107	4	0x008e	16418	2	8
6108					2
6109	4	0x008e	290	64	8
6110					64
6111	4	0x008e	16418	64	8
6112					64
6113	4	0x008e	32546	64	8
6114					64
6115	4	0x008e	48674	64	8
6116					64
6117	4	0x008e	64802	4	8
6118					4
6119	4	0x008e	16674	2	8
6120					2
6121	4	0x0082	0	8	16
6122					0
6127	4	0x008e	16418	2	8
6128					2
6129	4	0x008e	290	64	8
6130					64
6131	4	0x008e	16418	64	8
6132					64
6133	4	0x008e	32546	64	8
6134					64
6135	4	0x008e	48674	64	8
6136					64
6137	4	0x008e	64802	4	8
6138					4
6139	4	0x008e	16674	2	8
6140					2
6141	4	0x0082	0	8	16
6142					0
6147	4	0x008e	16418	2	8
6148					2
6149	4	0x008e	290	64	8
6150					64
6151	4	0x008e	16418	64	8
6152					64
6153	4	0x008e	32546	64	8
6154					64
6155	4	0x008e	48674	64	8
6156					64
6157	4	0x008e	64802	4	8
6158					4
6159	4	0x008e	16674	2	8
6160					2
6161	4	0x0082	0	8	16
6162					0
6167	4	0x008e	16418	2	8
6168					2
6169	4	0x008e	290	64	8
6170					64
6171	4	0x008e	16418	64	8
6172					64
6173	4	0x008e	32546	64	8
6174					64
6175	4	0x008e	48674	64	8
6176					64
6177	4	0x008e	64802	4	8
6178					4
6179	4	0x008e	16674	2	8
6180					2
6181	4	0x0082	0	8	16
6182					0
6187	4	0x008e	16418	2	8
6188					2
6189	4	0x008e	290	64	8
6190					64
6191	4	0x008e	16418	64	8
6192					64
6193	4	0x008e	32546	64	8
6194					64
6195	4	0x008e	48674	64	8
6196					64
6197	4	0x008e	64802	4	8
6198					4
6199	4	0x008e	16674	2	8
6200					2
6201	4	0x0082	0	8	16
6202					0
6207	4	0x008e	16418	2	8
6208					2
6209	4	0x008e	290	64	8
6210					64
6211	4	0x008e	16418	64	8
6212					64
6213	4	0x008e	32546	64	8
6214					64
6215	4	0x008e	48674	64	8
6216					64
6217	4	0x008e	64802	4	8
6218					4
6219	4	0x008e	16674	2	8
6220					2
6221	4	0x0082	0	8	16
6222					0
6227	4	0x008e	16418	2	8
6228					2
6229	4	0x008e	290	64	8
6230					64
6231	4	0x008e	16418	64	8
6232					64
6233	4	0x008e	32546	64	8
6234					64
6235	4	0x008e	48674	64	8
6236					64
6237	4	0x008e	64802	4	8
6238					4
6239	4	0x008e	16674	2	8
6240					2
6241	4	0x0082	0	8	16
6242					0
6247	4	0x008e	16418	2	8
6248					2
6249	4	0x008e	290	64	8
6250					64
6251	4	0x008e	16418	64	8
6252					64
6253	4	0x008e	32546	64	8
6254					64
6255	4	0x008e	48674	64	8
6256					64
6257	4	0x008e	64802	4	8
6258					4
6259	4	0x008e	16674	2	8
6260					2
6261	4	0x0082	0	8	16
6262					0
6267	4	0x008e	16418	2	8
6268					2
6269	4	0x008e	290	64	8
6270					64
6271	4	0x008e	16418	64	8
6272					64
6273	4	0x008e	32546	64	8
6274					64
6275	4	0x008e	48674	64	8
6276					64
6277	4	0x008e	64802	4	8
6278					4
6279	4	0x008e	16674	2	8
6280					2
6281	4	0x0082	0	8	16
6282					0
6287	4	0x008e	16418	2	8
6288					2
6289	4	0x008e	290	64	8
6290					64
6291	4	0x008e	16418	64	8
6292					64
6293	4	0x008e	32546	64	8
6294					64
6295	4	0x008e	48674	64	8
6296					64
6297	4	0x008e	64802	4	8
6298					4
6299	4	0x008e	16674	2	8
6300					2
6301	4	0x0082	0	8	16
6302					0
6307	4	0x008e	16418	2	8
6308					2
6309	4	0x008e	290	64	8
6310					64
6311	4	0x008e	16418	64	8
6312					64
6313	4	0x008e	32546	64	8
6314					64
6315	4	0x008e	48674	64	8
6316					64
6317	4	0x008e	64802	4	8
6318					4
6319	4	0x008e	16674	2	8
6320					2
6321	4	0x0082	0	8	16
6322					0
6327	4	0x008e	16418	2	8
6328					2
6329	4	0x008e	290	64	8
6330					64
6331	4	0x008e	16418	64	8
6332					64
6333	4	0x008e	32546	64	8
6334					64
6335	4	0x008e	48674	64	8
6336					64
6337	4	0x008e	64802	4	8
6338					4
6339	4	0x008e	16674	2	8
6340					2
6341	4	0x0082	0	8	16
6342					0
6347	4	0x008e	16418	2	8
6348					2
6349	4	0x008e	290	64	8
6350					64
6351	4	0x008e	16418	64	8
6352					64
6353	4	0x008e	32546	64	8
6354					64
6355	4	0x008e	48674	64	8
6356					64
6357	4	0x008e	64802	4	8
6358					4
6359	4	0x008e	16674	2	8
6360					2
6361	4	0x0082	0	8	16
6362					0
6367	4	0x008e	16418	2	8
6368					2
6369	4	0x008e	290	64	8
6370					64
6371	4	0x008e	16418	64	8
6372					64
6373	4	0x008e	32546	64	8
6374					64
6375	4	0x008e	48674	64	8
6376					64
6377	4	0x008e	64802	4	8
6378					4
6379	4	0x008e	16674	2	8
6380					2
6381	4	0x0082	0	8	16
6382					0
6387	4	0x008e	16418	2	8
6388					2
6389	4	0x008e	290	64	8
6390					64
6391	4	0x008e	16418	64	8
6392					64
6393	4	0x008e	32546	64	8
6394					64
6395	4	0x008e	48674	64	8
6396					64
6397	4	0x008e	64802	4	8
6398					4
6399	4	0x008e	16674	2	8
6400					2
6401	4	0x0082	0	8	16
6402					0
6407	4	0x008e	16418	2	8
6408					2
6409	4	0x008e	290	64	8
6410					64
6411	4	0x008e	16418	64	8
6412					64
6413	4	0x008e	32546	64	8
6414					64
6415	4	0x008e	48674	64	8
6416					64
6417	4	0x008e	64802	4	8
6418					4
6419	4	0x008e	16674	2	8
6420					2
6421	4	0x0082	0	8	16
6422					0
6427	4	0x008e	16418	2	8
6428					2
6429	4	0x008e	290	64	8
6430					64
6431	4	0x008e	16418	64	8
6432					64
6433	4	0x008e	32546	64	8
6434					64
6435	4	0x008e	48674	64	8
6436					64
6437	4	0x008e	64802	4	8
6438					4
6439	4	0x008e	16674	2	8
6440					2
6441	4	0x0082	0	8	16
6442					0
6447	4	0x008e	16418	2	8
6448					2
6449	4	0x008e	290	64	8
6450					64
6451	4	0x008e	16418	64	8
6452					64
6453	4	0x008e	32546	64	8
6454					64
6455	4	0x008e	48674	64	8
6456					64
6457	4	0x008e	64802	4	8
6458					4
6459	4	0x008e	16674	2	8
6460					2
6461	4	0x0082	0	8	16
6462					0
6467	4	0x008e	16418	2	8
6468					2
6469	4	0x008e	290	64	8
6470					64
6471	4	0x008e	16418	64	8
6472					64
6473	4	0x008e	32546	64	8
6474					64
6475	4	0x008e	48674	64	8
6476					64
6477	4	0x008e	64802	4	8
6478					4
6479	4	0x008e	16674	2	8
6480					2
6481	4	0x0082	0	8	16
6482					0
6487	4	0x008e	16418	2	8
6488					2
6489	4	0x008e	290	64	8
6490					64
6491	4	0x008e	16418	64	8
6492					64
6493	4	0x008e	32546	64	8
6494					64
6495	4	0x008e	48674	64	8
6496					64
6497	4	0x008e	64802	4	8
6498					4
6499	4	0x008e	16674	2	8
6500					2
6501	4	0x0082	0	8	16
6502					0
6507	4	0x008e	16418	2	8
6508					2
6509	4	0x008e	290	64	8
6510					64
6511	4	0x008e	16418	64	8
6512					64
6513	4	0x008e	32546	64	8
6514					64
6515	4	0x008e	48674	64	8
6516					64
6517	4	0x008e	64802	4	8
6518					4
6519	4	0x008e	16674	2	8
6520					2
6521	4	0x0082	0	8	16
6522					0
6527	4	0x008e	16418	2	8
6528					2
6529	4	0x008e	290	64	8
6530					64
6531	4	0x008e	16418	64	8
6532					64
6533	4	0x008e	32546	64	8
6534					64
6535	4	0x008e	48674	64	8
6536					64
6537	4	0x008e	64802	4	8
6538					4
6539	4	0x008e	16674	2	8
6540					2
6541	4	0x0082	0	8	16
6542					0
6547	4	0x008e	16418	2	8
6548					2
6549	4	0x008e	290	64	8
6550					64
6551	4	0x008e	16418	64	8
6552					64
6553	4	0x008e	32546	64	8
6554					64
6555	4	0x008e	48674	64	8
6556					64
6557	4	0x008e	64802	4	8
6558					4
6559	4	0x008e	16674	2	8
6560					2
6561	4	0x0082	0	8	16
6562					0
6567	4	0x008e	16418	2	8
6568					2
6569	4	0x008e	290	64	8
6570					64
6571	4	0x008e	16418	64	8
6572					64
6573	4	0x008e	32546	64	8
6574					64
6575	4	0x008e	48674	64	8
6576					64
6577	4	0x008e	64802	4	8
6578					4
6579	4	0x008e	16674	2	8
6580					2
6581	4	0x0082	0	8	16
6582					0
6587	4	0x008e	16418	2	8
6588					2
6589	4	0x008e	290	64	8
6590					64
6591	4	0x008e	16418	64	8
6592					64
6593	4	0x008e	32546	64	8
6594					64
6595	4	0x008e	48674	64	8
6596					64
6597	4	0x008e	64802	4	8
6598					4
6599	4	0x008e	16674	2	8
6600					2
6601	4	0x0082	0	8	16
6602					0
6607	4	0x008e	16418	2	8
6608					2
6609	4	0x008e	290	64	8
6610					64
6611	4	0x008e	16418	64	8
6612					64
6613	4	0x008e	32546	64	8
6614					64
6615	4	0x008e	48674	64	8
6616					64
6617	4	0x008e	64802	4	8
6618					4
6619	4	0x008e	16674	2	8
6620					2
6621	4	0x0082	0	8	16
6622					0
6627	4	0x008e	16418	2	8
6628					2
6629	4	0x008e	290	64	8
6630					64
6631	4	0x008e	16418	64	8
6632					64
6633	4	0x008e	32546	64	8
6634					64
6635	4	0x008e	48674	64	8
6636					64
6637	4	0x008e	64802	4	8
6638					4
6639	4	0x008e	16674	2	8
6640					2
6641	4	0x0082	0	8	16
6642					0
6647	4	0x008e	16418	2	8
6648					2
6649	4	0x008e	290	64	8
6650					64
6651	4	0x008e	16418	64	8
6652					64
6653	4	0x008e	32546	64	8
6654					64
6655	4	0x008e	48674	64	8
6656					64
6657	4	0x008e	64802	4	8
6658					4
6659	4	0x008e	16674	2	8
6660					2
6661	4	0x0082	0	8	16
6662					0
6667	4	0x008e	16418	2	8
6668					2
6669	4	0x008e	290	64	8
6670					64
6671	4	0x008e	16418	64	8
6672					64
6673	4	0x008e	32546	64	8
6674					64
6675	4	0x008e	48674	64	8
6676					64
6677	4	0x008e	64802	4	8
6678					4
6679	4	0x008e	16674	2	8
6680					2
6681	4	0x0082	0	8	16
6682					0
6687	4	0x008e	16418	2	8
6688					2
6689	4	0x008e	290	64	8
6690					64
6691	4	0x008e	16418	64	8
6692					64
6693	4	0x008e	32546	64	8
6694					64
6695	4	0x008e	48674	64	8
6696					64
6697	4	0x008e	64802	4	8
6698					4
6699	4	0x008e	16674	2	8
6700					2
6701	4	0x0082	0	8	16
6702					0
6707	4	0x008e	16418	2	8
6708					2
6709	4	0x008e	290	64	8
6710					64
6711	4	0x008e	16418	64	8
6712					64
6713	4	0x008e	32546	64	8
6714					64
6715	4	0x008e	48674	64	8
6716					64
6717	4	0x008e	64802	4	8
6718					4
6719	4	0x008e	16674	2	8
6720					2
6721	4	0x0082	0	8	16
6722					0
6727	4	0x008e	16418	2	8
6728					2
6729	4	0x008e	290	64	8
6730					64
6731	4	0x008e	16418	64	8
6732					64
6733	4	0x008e	32546	64	8
6734					64
6735	4	0x008e	48674	64	8
6736					64
6737	4	0x008e	64802	4	8
6738					4
6739	4	0x008e	16674	2	8
6740					2
6741	4	0x0082	0	8	16
6742					0
6747	4	0x008e	16418	2	8
6748					2
6749	4	0x008e	290	64	8
6750					64
6751	4	0x008e	16418	64	8
6752					64
6753	4	0x008e	32546	64	8
6754					64
6755	4	0x008e	48674	64	8
6756					64
6757	4	0x008e	64802	4	8
6758					4
6759	4	0x008e	16674	2	8
6760					2
6761	4	0x0082	0	8	16
6762					0
6767	4	0x008e	16418	2	8
6768					2
6769	4	0x008e	290	64	8
6770					64
6771	4	0x008e	16418	64	8
6772					64
6773	4	0x008e	32546	64	8
6774					64
6775	4	0x008e	48674	64	8
6776					64
6777	4	0x008e	64802	4	8
6778					4
6779	4	0x008e	16674	2	8
6780					2
6781	4	0x0082	0	8	16
6782					0
6787	4	0x008e	16418	2	8
6788					2
6789	4	0x008e	290	64	8
6790					64
6791	4	0x008e	16418	64	8
6792					64
6793	4	0x008e	32546	64	8
6794					64
6795	4	0x008e	48674	64	8
6796					64
6797	4	0x008e	64802	4	8
6798					4
6799	4	0x008e	16674	2	8
6800					2
6801	4	0x0082	0	8	16
6802					0
6807	4	0x008e	16418	2	8
6808					2
6809	4	0x008e	290	64	8
6810					64
6811	4	0x008e	16418	64	8
6812					64
6813	4	0x008e	32546	64	8
6814					64
6815	4	0x008e	48674	64	8
6816					64
6817	4	0x008e	64802	4	8
6818					4
6819	4	0x008e	16674	2	8
6820					2
6821	4	0x0082	0	8	16
6822					0
6827	4	0x008e	16418	2	8
6828					2
6829	4	0x008e	290	64	8
6830					64
6831	4	0x008e	16418	64	8
6832					64
6833	4	0x008e	32546	64	8
6834					64
6835	4	0x008e	48674	64	8
6836					64
6837	4	0x008e	64802	4	8
6838					4
6839	4	0x008e	16674	2	8
6840					2
6841	4	0x0082	0	8	16
6842					0
6847	4	0x008e	16418	2	8
6848					2
6849	4	0x008e	290	64	8
6850					64
6851	4	0x008e	16418	64	8
6852					64
6853	4	0x008e	32546	64	8
6854					64
6855	4	0x008e	48674	64	8
6856					64
6857	4	0x008e	64802	4	8
6858					4
6859	4	0x008e	16674	2	8
6860					2
6861	4	0x0082	0	8	16
6862					0
6867	4	0x008e	16418	2	8
6868					2
6869	4	0x008e	290	64	8
6870					64
6871	4	0x008e	16418	64	8
6872					64
6873	4	0x008e	32546	64	8
6874					64
6875	4	0x008e	48674	64	8
6876					64
6877	4	0x008e	64802	4	8
6878					4
6879	4	0x008e	16674	2	8
6880					2
6881	4	0x0082	0	8	16
6882					0
6887	4	0x008e	16418	2	8
6888					2
6889	4	0x008e	290	64	8
6890					64
6891	4	0x008e	16418	64	8
6892					64
6893	4	0x008e	32546	64	8
6894					64
6895	4	0x008e	48674	64	8
6896					64
6897	4	0x008e	64802	4	8
6898					4
6899	4	0x008e	16674	2	8
6900					2
6901	4	0x0082	0	8	16
6902					0
6907	4	0x008e	16418	2	8
6908					2
6909	4	0x008e	290	64	8
6910					64
6911	4	0x008e	16418	64	8
6912					64
6913	4	0x008e	32546	64	8
6914					64
6915	4	0x008e	48674	64	8
6916					64
6917	4	0x008e	64802	4	8
6918					4
6919	4	0x008e	16674	2	8
6920					2
6921	4	0x0082	0	8	16
6922					0
6927	4	0x008e	16418	2	8
6928					2
6929	4	0x008e	290	64	8
6930					64
6931	4	0x008e	16418	64	8
6932					64
6933	4	0x008e	32546	64	8
6934					64
6935	4	0x008e	48674	64	8
6936					64
6937	4	0x008e	64802	4	8
6938					4
6939	4	0x008e	16674	2	8
6940					2
6941	4	0x0082	0	8	16
6942					0
6947	4	0x008e	16418	2	8
6948					2
6949	4	0x008e	290	64	8
6950					64
6951	4	0x008e	16418	64	8
6952					64
6953	4	0x008e	32546	64	8
6954					64
6955	4	0x008e	48674	64	8
6956					64
6957	4	0x008e	64802	4	8
6958					4
6959	4	0x008e	16674	2	8
6960					2
6961	4	0x0082	0	8	16
6962					0
6967	4	0x008e	16418	2	8
6968					2
6969	4	0x008e	290	64	8
6970					64
6971	4	0x008e	16418	64	8
6972					64
6973	4	0x008e	32546	64	8
6974					64
6975	4	0x008e	48674	64	8
6976					64
6977	4	0x008e	64802	4	8
6978					4
6979	4	0x008e	16674	2	8
6980					2
6981	4	0x0082	0	8	16
6982					0
6987	4	0x008e	16418	2	8
6988					2
6989	4	0x008e	290	64	8
6990					64
6991	4	0x008e	16418	64	8
6992					64
6993	4	0x008e	32546	64	8
6994					64
6995	4	0x008e	48674	64	8
6996					64
6997	4	0x008e	64802	4	8
6998					4
6999	4	0x008e	16674	2	8
7000					2
7001	4	0x0082	0	8	16
7002					0
7007	4	0x008e	16418	2	8
7008					2
7009	4	0x008e	290	64	8
7010					64
7011	4	0x008e	16418	64	8
7012					64
7013	4	0x008e	32546	64	8
7014					64
7015	4	0x008e	48674	64	8
7016					64
7017	4	0x008e	64802	4	8
7018					4
7019	4	0x008e	16674	2	8
7020					2
7021	4	0x0082	0	8	16
7022					0
7027	4	0x008e	16418	2	8
7028					2
7029	4	0x008e	290	64	8
7030					64
7031	4	0x008e	16418	64	8
7032					64
7033	4	0x008e	32546	64	8
7034					64
7035	4	0x008e	48674	64	8
7036					64
7037	4	0x008e	64802	4	8
7038					4
7039	4	0x008e	16674	2	8
7040					2
7041	4	0x0082	0	8	16
7042					0
7047	4	0x008e	16418	2	8
7048					2
7049	4	0x008e	290	64	8
7050					64
7051	4	0x008e	16418	64	8
7052					64
7053	4	0x008e	32546	64	8
7054					64
7055	4	0x008e	48674	64	8
7056					64
7057	4	0x008e	64802	4	8
7058					4
7059	4	0x008e	16674	2	8
7060					2
7061	4	0x0082	0	8	16
7062					0
7067	4	0x008e	16418	2	8
7068					2
7069	4	0x008e	290	64	8
7070					64
7071	4	0x008e	16418	64	8
7072					64
7073	4	0x008e	32546	64	8
7074					64
7075	4	0x008e	48674	64	8
7076					64
7077	4	0x008e	64802	4	8
7078					4
7079	4	0x008e	16674	2	8
7080					2
7081	4	0x0082	0	8	16
7082					0
7087	4	0x008e	16418	2	8
7088					2
7089	4	0x008e	290	64	8
7090					64
7091	4	0x008e	16418	64	8
7092					64
7093	4	0x008e	32546	64	8
7094					64
7095	4	0x008e	48674	64	8
7096					64
7097	4	0x008e	64802	4	8
7098					4
7099	4	0x008e	16674	2	8
7100					2
7101	4	0x0082	0	8	16
7102					0
7107	4	0x008e	16418	2	8
7108					2
7109	4	0x008e	290	64	8
7110					64
7111	4	0x008e	16418	64	8
7112					64
7113	4	0x008e	32546	64	8
7114					64
7115	4	0x008e	48674	64	8
7116					64
7117	4	0x008e	64802	4	8
7118					4
7119	4	0x008e	16674	2	8
7120					2
7121	4	0x0082	0	8	16
7122					0
7127	4	0x008e	16418	2	8
7128					2
7129	4	0x008e	290	64	8
7130					64
7131	4	0x008e	16418	64	8
7132					64
7133	4	0x008e	32546	64	8
7134					64
7135	4	0x008e	48674	64	8
7136					64
7137	4	0x008e	64802	4	8
7138					4
7139	4	0x008e	16674	2	8
7140					2
7141	4	0x0082	0	8	16
7142					0
7147	4	0x008e	16418	2	8
7148					2
7149	4	0x008e	290	64	8
7150					64
7151	4	0x008e	16418	64	8
7152					64
7153	4	0x008e	32546	64	8
7154					64
7155	4	0x008e	48674	64	8
7156					64
7157	4	0x008e	64802	4	8
7158					4
7159	4	0x008e	16674	2	8
7160					2
7161	4	0x0082	0	8	16
7162					0
7167	4	0x008e	16418	2	8
7168					2
7169	4	0x008e	290	64	8
7170					64
7171	4	0x008e	16418	64	8
7172					64
7173	4	0x008e	32546	64	8
7174					64
7175	4	0x008e	48674	64	8
7176					64
7177	4	0x008e	64802	4	8
7178					4
7179	4	0x008e	16674	2	8
7180					2
7181	4	0x0082	0	8	16
7182					0
7187	4	0x008e	16418	2	8
7188					2
7189	4	0x008e	290	64	8
7190					64
7191	4	0x008e	16418	64	8
7192					64
7193	4	0x008e	32546	64	8
7194					64
7195	4	0x008e	48674	64	8
7196					64
7197	4	0x008e	64802	4	8
7198					4
7199	4	0x008e	16674	2	8
7200					2
7201	4	0x0082	0	8	16
7202					0
7207	4	0x008e	16418	2	8
7208					2
7209	4	0x008e	290	64	8
7210					64
7211	4	0x008e	16418	64	8
7212					64
7213	4	0x008e	32546	64	8
7214					64
7215	4	0x008e	48674	64	8
7216					64
7217	4	0x008e	64802	4	8
7218					4
7219	4	0x008e	16674	2	8
7220					2
7221	4	0x0082	0	8	16
7222					0
7227	4	0x008e	16418	2	8
7228					2
7229	4	0x008e	290	64	8
7230					64
7231	4	0x008e	16418	64	8
7232					64
7233	4	0x008e	32546	64	8
7234					64
7235	4	0x008e	48674	64	8
7236					64
7237	4	0x008e	64802	4	8
7238					4
7239	4	0x008e	16674	2	8
7240					2
7241	4	0x0082	0	8	16
7242					0
7247	4	0x008e	16418	2	8
7248					2
7249	4	0x008e	290	64	8
7250					64
7251	4	0x008e	16418	64	8
7252					64
7253	4	0x008e	32546	64	8
7254					64
7255	4	0x008e	48674	64	8
7256					64
7257	4	0x008e	64802	4	8
7258					4
7259	4	0x008e	16674	2	8
7260					2
7261	4	0x0082	0	8	16
7262					0
7267	4	0x008e	16418	2	8
7268					2
7269	4	0x008e	290	64	8
7270					64
7271	4	0x008e	16418	64	8
7272					64
7273	4	0x008e	32546	64	8
7274					64
7275	4	0x008e	48674	64	8
7276					64
7277	4	0x008e	64802	4	8
7278					4
7279	4	0x008e	16674	2	8
7280					2
7281	4	0x0082	0	8	16
7282					0
7287	4	0x008e	16418	2	8
7288					2
7289	4	0x008e	290	64	8
7290					64
7291	4	0x008e	16418	64	8
7292					64
7293	4	0x008e	32546	64	8
7294					64
7295	4	0x008e	48674	64	8
7296					64
7297	4	0x008e	64802	4	8
7298					4
7299	4	0x008e	16674	2	8
7300					2
7301	4	0x0082	0	8	16
7302					0
7307	4	0x008e	16418	2	8
7308					2
7309	4	0x008e	290	64	8
7310					64
7311	4	0x008e	16418	64	8
7312					64
7313	4	0x008e	32546	64	8
7314					64
7315	4	0x008e	48674	64	8
7316					64
7317	4	0x008e	64802	4	8
7318					4
7319	4	0x008e	16674	2	8
7320					2
7321	4	0x0082	0	8	16
7322					0
7327	4	0x008e	16418	2	8
7328					2
7329	4	0x008e	290	64	8
7330					64
7331	4	0x008e	16418	64	8
7332					64
7333	4	0x008e	32546	64	8
7334					64
7335	4	0x008e	48674	64	8
7336					64
7337	4	0x008e	64802	4	8
7338					4
7339	4	0x008e	16674	2	8
7340					2
7341	4	0x0082	0	8	16
7342					0
7347	4	0x008e	16418	2	8
7348					2
7349	4	0x008e	290	64	8
7350					64
7351	4	0x008e	16418	64	8
7352					64
7353	4	0x008e	32546	64	8
7354					64
7355	4	0x008e	48674	64	8
7356					64
7357	4	0x008e	64802	4	8
7358					4
7359	4	0x008e	16674	2	8
7360					2
7361	4	0x0082	0	8	16
7362					0
7367	4	0x008e	16418	2	8
7368					2
7369	4	0x008e	290	64	8
7370					64
7371	4	0x008e	16418	64	8
7372					64
7373	4	0x008e	32546	64	8
7374					64
7375	4	0x008e	48674	64	8
7376					64
7377	4	0x008e	64802	4	8
7378					4
7379	4	0x008e	16674	2	8
7380					2
7381	4	0x0082	0	8	16
7382					0
7387	4	0x008e	16418	2	8
7388					2
7389	4	0x008e	290	64	8
7390					64
7391	4	0x008e	16418	64	8
7392					64
7393	4	0x008e	32546	64	8
7394					64
7395	4	0x008e	48674	64	8
7396					64
7397	4	0x008e	64802	4	8
7398					4
7399	4	0x008e	16674	2	8
7400					2
7401	4	0x0082	0	8	16
7402					0
7407	4	0x008e	16418	2	8
7408					2
7409	4	0x008e	290	64	8
7410					64
7411	4	0x008e	16418	64	8
7412					64
7413	4	0x008e	32546	64	8
7414					64
7415	4	0x008e	48674	64	8
7416					64
7417	4	0x008e	64802	4	8
7418					4
7419	4	0x008e	16674	2	8
7420					2
7421	4	0x0082	0	8	16
7422					0
7427	4	0x008e	16418	2	8
7428					2
7429	4	0x008e	290	64	8
7430					64
7431	4	0x008e	16418	64	8
7432					64
7433	4	0x008e	32546	64	8
7434					64
7435	4	0x008e	48674	64	8
7436					64
7437	4	0x008e	64802	4	8
7438					4
7439	4	0x008e	16674	2	8
7440					2
7441	4	0x0082	0	8	16
7442					0
7447	4	0x008e	16418	2	8
7448					2
7449	4	0x008e	290	64	8
7450					64
7451	4	0x008e	16418	64	8
7452					64
7453	4	0x008e	32546	64	8
7454					64
7455	4	0x008e	48674	64	8
7456					64
7457	4	0x008e	64802	4	8
7458					4
7459	4	0x008e	16674	2	8
7460					2
7461	4	0x0082	0	8	16
7462					0
7467	4	0x008e	16418	2	8
7468					2
7469	4	0x008e	290	64	8
7470					64
7471	4	0x008e	16418	64	8
7472					64
7473	4	0x008e	32546	64	8
7474					64
7475	4	0x008e	48674	64	8
7476					64
7477	4	0x008e	64802	4	8
7478					4
7479	4	0x008e	16674	2	8
7480					2
7481	4	0x0082	0	8	16
7482					0
7487	4	0x008e	16418	2	8
7488					2
7489	4	0x008e	290	64	8
7490					64
7491	4	0x008e	16418	64	8
7492					64
7493	4	0x008e	32546	64	8
7494					64
7495	4	0x008e	48674	64	8
7496					64
7497	4	0x008e	64802	4	8
7498					4
7499	4	0x008e	16674	2	8
7500					2
7501	4	0x0082	0	8	16
7502					0
7507	4	0x008e	16418	2	8
7508					2
7509	4	0x008e	290	64	8
7510					64
7511	4	0x008e	16418	64	8
7512					64
7513	4	0x008e	32546	64	8
7514					64
7515	4	0x008e	48674	64	8
7516					64
7517	4	0x008e	64802	4	8
7518					4
7519	4	0x008e	16674	2	8
7520					2
7521	4	0x0082	0	8	16
7522					0
7527	4	0x008e	16418	2	8
7528					2
7529	4	0x008e	290	64	8
7530					64
7531	4	0x008e	16418	64	8
7532					64
7533	4	0x008e	32546	64	8
7534					64
7535	4	0x008e	48674	64	8
7536					64
7537	4	0x008e	64802	4	8
7538					4
7539	4	0x008e	16674	2	8
7540					2
7541	4	0x0082	0	8	16
7542					0
7547	4	0x008e	16418	2	8
7548					2
7549	4	0x008e	290	64	8
7550					64
7551	4	0x008e	16418	64	8
7552					64
7553	4	0x008e	32546	64	8
7554					64
7555	4	0x008e	48674	64	8
7556					64
7557	4	0x008e	64802	4	8
7558					4
7559	4	0x008e	16674	2	8
7560					2
7561	4	0x0082	0	8	16
7562					0
7567	4	0x008e	16418	2	8
7568					2
7569	4	0x008e	290	64	8
7570					64
7571	4	0x008e	16418	64	8
7572					64
7573	4	0x008e	32546	64	8
7574					64
7575	4	0x008e	48674	64	8
7576					64
7577	4	0x008e	64802	4	8
7578					4
7579	4	0x008e	16674	2	8
7580					2
7581	4	0x0082	0	8	16
7582					0
7587	4	0x008e	16418	2	8
7588					2
7589	4	0x008e	290	64	8
7590					64
7591	4	0x008e	16418	64	8
7592					64
7593	4	0x008e	32546	64	8
7594					64
7595	4	0x008e	48674	64	8
7596					64
7597	4	0x008e	64802	4	8
7598					4
7599	4	0x008e	16674	2	8
7600					2
7601	4	0x0082	0	8	16
7602					0
7607	4	0x008e	16418	2	8
7608					2
7609	4	0x008e	290	64	8
7610					64
7611	4	0x008e	16418	64	8
7612					64
7613	4	0x008e	32546	64	8
7614					64
7615	4	0x008e	48674	64	8
7616					64
7617	4	0x008e	64802	4	8
7618					4
7619	4	0x008e	16674	2	8
7620					2
7621	4	0x0082	0	8	16
7622					0
7627	4	0x008e	16418	2	8
7628					2
7629	4	0x008e	290	64	8
7630					64
7631	4	0x008e	16418	64	8
7632					64
7633	4	0x008e	32546	64	8
7634					64
7635	4	0x008e	48674	64	8
7636					64
7637	4	0x008e	64802	4	8
7638					4
7639	4	0x008e	16674	2	8
7640					2
7641	4	0x0082	0	8	16
7642					0
7647	4	0x008e	16418	2	8
7648					2
7649	4	0x008e	290	64	8
7650					64
7651	4	0x008e	16418	64	8
7652					64
7653	4	0x008e	32546	64	8
7654					64
7655	4	0x008e	48674	64	8
7656					64
7657	4	0x008e	64802	4	8
7658					4
7659	4	0x008e	16674	2	8
7660					2
7661	4	0x0082	0	8	16
7662					0
7667	4	0x008e	16418	2	8
7668					2
7669	4	0x008e	290	64	8
7670					64
7671	4	0x008e	16418	64	8
7672					64
7673	4	0x008e	32546	64	8
7674					64
7675	4	0x008e	48674	64	8
7676					64
7677	4	0x008e	64802	4	8
7678					4
7679	4	0x008e	16674	2	8
7680					2
7681	4	0x0082	0	8	16
7682					0
7687	4	0x008e	16418	2	8
7688					2
7689	4	0x008e	290	64	8
7690					64
7691	4	0x008e	16418	64	8
7692					64
7693	4	0x008e	32546	64	8
7694					64
7695	4	0x008e	48674	64	8
7696					64
7697	4	0x008e	64802	4	8
7698					4
7699	4	0x008e	16674	2	8
7700					2
7701	4	0x0082	0	8	16
7702					0
7707	4	0x008e	16418	2	8
7708					2
7709	4	0x008e	290	64	8
7710					64
7711	4	0x008e	16418	64	8
7712					64
7713	4	0x008e	32546	64	8
7714					64
7715	4	0x008e	48674	64	8
7716					64
7717	4	0x008e	64802	4	8
7718					4
7719	4	0x008e	16674	2	8
7720					2
7721	4	0x0082	0	8	16
7722					0
7727	4	0x008e	16418	2	8
7728					2
7729	4	0x008e	19234	4	8
7730					4
7731	4	0x008e	290	64	8
7732					64
7733	4	0x008e	16418	64	8
7734					64
7735	4	0x008e	32546	64	8
7736					64
7737	4	0x008e	48674	64	8
7738					64
7739	4	0x008e	64802	4	8
7740					4
7741	4	0x008e	16674	2	8
7742					2
7743	4	0x0082	0	8	16
7744					0
7749	4	0x008e	290	64	8
7750					64
7751	4	0x008e	16418	64	8
7752					64
7753	4	0x008e	32546	64	8
7754					64
7755	4	0x008e	48674	64	8
7756					64
7757	4	0x008e	64802	4	8
7758					4
7759	4	0x008e	16674	2	8
7760					2
7761	4	0x0082	0	8	16
7762					0
7767	4	0x008e	290	64	8
7768					64
7769	4	0x008e	16418	64	8
7770					64
7771	4	0x008e	32546	64	8
7772					64
7773	4	0x008e	48674	64	8
7774					64
7775	4	0x008e	64802	4	8
7776					4
7777	4	0x008e	16674	2	8
7778					2
7779	4	0x0082	0	8	16
7780					0
7785	4	0x008e	290	64	8
7786					64
7787	4	0x008e	16418	64	8
7788					64
7789	4	0x008e	32546	64	8
7790					64
7791	4	0x008e	48674	64	8
7792					64
7793	4	0x008e	64802	4	8
7794					4
7795	4	0x008e	16674	2	8
7796					2
7797	4	0x0082	0	8	16
7798					0
7803	4	0x008e	290	64	8
7804					64
7805	4	0x008e	16418	64	8
7806					64
7807	4	0x008e	32546	64	8
7808					64
7809	4	0x008e	48674	64	8
7810					64
7811	4	0x008e	64802	4	8
7812					4
7813	4	0x008e	16674	2	8
7814					2
7815	4	0x0082	0	8	16
7816					0
7821	4	0x008e	290	64	8
7822					64
7823	4	0x008e	16418	64	8
7824					64
7825	4	0x008e	32546	64	8
7826					64
7827	4	0x008e	48674	64	8
7828					64
7829	4	0x008e	64802	4	8
7830					4
7831	4	0x008e	16674	2	8
7832					2
7833	4	0x0082	0	8	16
7834					0
7839	4	0x008e	290	64	8
7840					64
7841	4	0x008e	16418	64	8
7842					64
7843	4	0x008e	32546	64	8
7844					64
7845	4	0x008e	48674	64	8
7846					64
7847	4	0x008e	64802	4	8
7848					4
7849	4	0x008e	16674	2	8
7850					2
7851	4	0x0082	0	8	16
7852					0
7857	4	0x008e	290	64	8
7858					64
7859	4	0x008e	16418	64	8
7860					64
7861	4	0x008e	32546	64	8
7862					64
7863	4	0x008e	48674	64	8
7864					64
7865	4	0x008e	64802	4	8
7866					4
7867	4	0x008e	16674	2	8
7868					2
7869	4	0x0082	0	8	16
7870					0
7875	4	0x008e	290	64	8
7876					64
7877	4	0x008e	16418	64	8
7878					64
7879	4	0x008e	32546	64	8
7880					64
7881	4	0x008e	48674	64	8
7882					64
7883	4	0x008e	64802	4	8
7884					4
7885	4	0x008e	16674	2	8
7886					2
7887	4	0x0082	0	8	16
7888					0
7893	4	0x008e	290	64	8
7894					64
7895	4	0x008e	16418	64	8
7896					64
7897	4	0x008e	32546	64	8
7898					64
7899	4	0x008e	48674	64	8
7900					64
7901	4	0x008e	64802	4	8
7902					4
7903	4	0x008e	16674	2	8
7904					2
7905	4	0x0082	0	8	16
7906					0
7911	4	0x008e	290	64	8
7912					64
7913	4	0x008e	16418	64	8
7914					64
7915	4	0x008e	32546	64	8
7916					64
7917	4	0x008e	48674	64	8
7918					64
7919	4	0x008e	64802	4	8
7920					4
7921	4	0x008e	16674	2	8
7922					2
7923	4	0x0082	0	8	16
7924					0
7929	4	0x008e	290	64	8
7930					64
7931	4	0x008e	16418	64	8
7932					64
7933	4	0x008e	32546	64	8
7934					64
7935	4	0x008e	48674	64	8
7936					64
7937	4	0x008e	64802	4	8
7938					4
7939	4	0x008e	16674	2	8
7940					2
7941	4	0x0082	0	8	16
7942					0
7947	4	0x008e	290	64	8
7948					64
7949	4	0x008e	16418	64	8
7950					64
7951	4	0x008e	32546	64	8
7952					64
7953	4	0x008e	48674	64	8
7954					64
7955	4	0x008e	64802	4	8
7956					4
7957	4	0x008e	16674	2	8
7958					2
7959	4	0x0082	0	8	16
7960					0
7965	4	0x008e	290	64	8
7966					64
7967	4	0x008e	16418	64	8
7968					64
7969	4	0x008e	32546	64	8
7970					64
7971	4	0x008e	48674	64	8
7972					64
7973	4	0x008e	64802	4	8
7974					4
7975	4	0x008e	16674	2	8
7976					2
7977	4	0x0082	0	8	16
7978					0
7983	4	0x008e	290	64	8
7984					64
7985	4	0x008e	16418	64	8
7986					64
7987	4	0x008e	32546	64	8
7988					64
7989	4	0x008e	48674	64	8
7990					64
7991	4	0x008e	64802	4	8
7992					4
7993	4	0x008e	16674	2	8
7994					2
7995	4	0x0082	0	8	16
7996					0
8001	4	0x008e	290	64	8
8002					64
8003	4	0x008e	16418	64	8
8004					64
8005	4	0x008e	32546	64	8
8006					64
8007	4	0x008e	48674	64	8
8008					64
8009	4	0x008e	64802	4	8
8010					4
8011	4	0x008e	16674	2	8
8012					2
8013	4	0x0082	0	8	16
8014					0
8019	4	0x008e	290	64	8
8020					64
8021	4	0x008e	16418	64	8
8022					64
8023	4	0x008e	32546	64	8
8024					64
8025	4	0x008e	48674	64	8
8026					64
8027	4	0x008e	64802	4	8
8028					4
8029	4	0x008e	16674	2	8
8030					2
8031	4	0x0082	0	8	16
8032					0
8037	4	0x008e	290	64	8
8038					64
8039	4	0x008e	16418	64	8
8040					64
8041	4	0x008e	32546	64	8
8042					64
8043	4	0x008e	48674	64	8
8044					64
8045	4	0x008e	64802	4	8
8046					4
8047	4	0x008e	16674	2	8
8048					2
8049	4	0x0082	0	8	16
8050					0
8055	4	0x008e	290	64	8
8056					64
8057	4	0x008e	16418	64	8
8058					64
8059	4	0x008e	32546	64	8
8060					64
8061	4	0x008e	48674	64	8
8062					64
8063	4	0x008e	64802	4	8
8064					4
8065	4	0x008e	16674	2	8
8066					2
8067	4	0x0082	0	8	16
8068					0
8073	4	0x008e	290	64	8
8074					64
8075	4	0x008e	16418	64	8
8076					64
8077	4	0x008e	32546	64	8
8078					64
8079	4	0x008e	48674	64	8
8080					64
8081	4	0x008e	64802	4	8
8082					4
8083	4	0x008e	16674	2	8
8084					2
8085	4	0x0082	0	8	16
8086					0
8091	4	0x008e	290	64	8
8092					64
8093	4	0x008e	16418	64	8
8094					64
8095	4	0x008e	32546	64	8
8096					64
8097	4	0x008e	48674	64	8
8098					64
8099	4	0x008e	64802	4	8
8100					4
8101	4	0x008e	16674	2	8
8102					2
8103	4	0x0082	0	8	16
8104					0
8109	4	0x008e	290	64	8
8110					64
8111	4	0x008e	16418	64	8
8112					64
8113	4	0x008e	32546	64	8
8114					64
8115	4	0x008e	48674	64	8
8116					64
8117	4	0x008e	64802	4	8
8118					4
8119	4	0x008e	16674	2	8
8120					2
8121	4	0x0082	0	8	16
8122					0
8127	4	0x008e	290	64	8
8128					64
8129	4	0x008e	16418	64	8
8130					64
8131	4	0x008e	32546	64	8
8132					64
8133	4	0x008e	48674	64	8
8134					64
8135	4	0x008e	64802	4	8
8136					4
8137	4	0x008e	16674	2	8
8138					2
8139	4	0x0082	0	8	16
8140					0
8145	4	0x008e	290	64	8
8146					64
8147	4	0x008e	16418	64	8
8148					64
8149	4	0x008e	32546	64	8
8150					64
8151	4	0x008e	48674	64	8
8152					64
8153	4	0x008e	64802	4	8
8154					4
8155	4	0x008e	16674	2	8
8156					2
8157	4	0x0082	0	8	16
8158					0
8163	4	0x008e	290	64	8
8164					64
8165	4	0x008e	16418	64	8
8166					64
8167	4	0x008e	32546	64	8
8168					64
8169	4	0x008e	48674	64	8
8170					64
8171	4	0x008e	64802	4	8
8172					4
8173	4	0x008e	16674	2	8
8174					2
8175	4	0x0082	0	8	16
8176					0
8181	4	0x008e	290	64	8
8182					64
8183	4	0x008e	16418	64	8
8184					64
8185	4	0x008e	32546	64	8
8186					64
8187	4	0x008e	48674	64	8
8188					64
8189	4	0x008e	64802	4	8
8190					4
8191	4	0x008e	16674	2	8
8192					2
8193	4	0x0082	0	8	16
8194					0
8199	4	0x008e	290	64	8
8200					64
8201	4	0x008e	16418	64	8
8202					64
8203	4	0x008e	32546	64	8
8204					64
8205	4	0x008e	48674	64	8
8206					64
8207	4	0x008e	64802	4	8
8208					4
8209	4	0x008e	16674	2	8
8210					2
8211	4	0x0082	0	8	16
8212					0
8217	4	0x008e	290	64	8
8218					64
8219	4	0x008e	16418	64	8
8220					64
8221	4	0x008e	32546	64	8
8222					64
8223	4	0x008e	48674	64	8
8224					64
8225	4	0x008e	64802	4	8
8226					4
8227	4	0x008e	16674	2	8
8228					2
8229	4	0x0082	0	8	16
8230					0
8235	4	0x008e	290	64	8
8236					64
8237	4	0x008e	16418	64	8
8238					64
8239	4	0x008e	32546	64	8
8240					64
8241	4	0x008e	48674	64	8
8242					64
8243	4	0x008e	64802	4	8
8244					4
8245	4	0x008e	16674	2	8
8246					2
8247	4	0x0082	0	8	16
8248					0
8253	4	0x008e	290	64	8
8254					64
8255	4	0x008e	16418	64	8
8256					64
8257	4	0x008e	32546	64	8
8258					64
8259	4	0x008e	48674	64	8
8260					64
8261	4	0x008e	64802	4	8
8262					4
8263	4	0x008e	16674	2	8
8264					2
8265	4	0x0082	0	8	16
8266					0
8271	4	0x008e	290	64	8
8272					64
8273	4	0x008e	16418	64	8
8274					64
8275	4	0x008e	32546	64	8
8276					64
8277	4	0x008e	48674	64	8
8278					64
8279	4	0x008e	64802	4	8
8280					4
8281	4	0x008e	16674	2	8
8282					2
8283	4	0x0082	0	8	16
8284					0
8289	4	0x008e	290	64	8
8290					64
8291	4	0x008e	16418	64	8
8292					64
8293	4	0x008e	32546	64	8
8294					64
8295	4	0x008e	48674	64	8
8296					64
8297	4	0x008e	64802	4	8
8298					4
8299	4	0x008e	16674	2	8
8300					2
8301	4	0x0082	0	8	16
8302					0
8307	4	0x008e	290	64	8
8308					64
8309	4	0x008e	16418	64	8
8310					64
8311	4	0x008e	32546	64	8
8312					64
8313	4	0x008e	48674	64	8
8314					64
8315	4	0x008e	64802	4	8
8316					4
8317	4	0x008e	16674	2	8
8318					2
8319	4	0x0082	0	8	16
8320					0
8325	4	0x008e	290	64	8
8326					64
8327	4	0x008e	16418	64	8
8328					64
8329	4	0x008e	32546	64	8
8330					64
8331	4	0x008e	48674	64	8
8332					64
8333	4	0x008e	64802	4	8
8334					4
8335	4	0x008e	16674	2	8
8336					2
8337	4	0x0082	0	8	16
8338					0
8343	4	0x008e	290	64	8
8344					64
8345	4	0x008e	16418	64	8
8346					64
8347	4	0x008e	32546	64	8
8348					64
8349	4	0x008e	48674	64	8
8350					64
8351	4	0x008e	64802	4	8
8352					4
8353	4	0x008e	16674	2	8
8354					2
8355	4	0x0082	0	8	16
8356					0
8361	4	0x008e	290	64	8
8362					64
8363	4	0x008e	16418	64	8
8364					64
8365	4	0x008e	32546	64	8
8366					64
8367	4	0x008e	48674	64	8
8368					64
8369	4	0x008e	64802	4	8
8370					4
8371	4	0x008e	16674	2	8
8372					2
8373	4	0x0082	0	8	16
8374					0
8379	4	0x008e	290	64	8
8380					64
8381	4	0x008e	16418	64	8
8382					64
8383	4	0x008e	32546	64	8
8384					64
8385	4	0x008e	48674	64	8
8386					64
8387	4	0x008e	64802	4	8
8388					4
8389	4	0x008e	16674	2	8
8390					2
8391	4	0x0082	0	8	16
8392					0
8397	4	0x008e	290	64	8
8398					64
8399	4	0x008e	16418	64	8
8400					64
8401	4	0x008e	32546	64	8
8402					64
8403	4	0x008e	48674	64	8
8404					64
8405	4	0x008e	64802	4	8
8406					4
8407	4	0x008e	16674	2	8
8408					2
8409	4	0x0082	0	8	16
8410					0
8415	4	0x008e	290	64	8
8416					64
8417	4	0x008e	16418	64	8
8418					64
8419	4	0x008e	32546	64	8
8420					64
8421	4	0x008e	48674	64	8
8422					64
8423	4	0x008e	64802	4	8
8424					4
8425	4	0x008e	16674	2	8
8426					2
8427	4	0x0082	0	8	16
8428					0
8433	4	0x008e	290	64	8
8434					64
8435	4	0x008e	16418	64	8
8436					64
8437	4	0x008e	32546	64	8
8438					64
8439	4	0x008e	48674	64	8
8440					64
8441	4	0x008e	64802	4	8
8442					4
8443	4	0x008e	16674	2	8
8444					2
8445	4	0x0082	0	8	16
8446					0
8451	4	0x008e	290	64	8
8452					64
8453	4	0x008e	16418	64	8
8454					64
8455	4	0x008e	32546	64	8
8456					64
8457	4	0x008e	48674	64	8
8458					64
8459	4	0x008e	64802	4	8
8460					4
8461	4	0x008e	16674	2	8
8462					2
8463	4	0x0082	0	8	16
8464					0
8469	4	0x008e	290	64	8
8470					64
8471	4	0x008e	16418	64	8
8472					64
8473	4	0x008e	32546	64	8
8474					64
8475	4	0x008e	48674	64	8
8476					64
8477	4	0x008e	64802	4	8
8478					4
8479	4	0x008e	16674	2	8
8480					2
8481	4	0x0082	0	8	16
8482					0
8487	4	0x008e	290	64	8
8488					64
8489	4	0x008e	16418	64	8
8490					64
8491	4	0x008e	32546	64	8
8492					64
8493	4	0x008e	48674	64	8
8494					64
8495	4	0x008e	64802	4	8
8496					4
8497	4	0x008e	16674	2	8
8498					2
8499	4	0x0082	0	8	16
8500					0
8505	4	0x008e	290	64	8
8506					64
8507	4	0x008e	16418	64	8
8508					64
8509	4	0x008e	32546	64	8
8510					64
8511	4	0x008e	48674	64	8
8512					64
8513	4	0x008e	64802	4	8
8514					4
8515	4	0x008e	16674	2	8
8516					2
8517	4	0x0082	0	8	16
8518					0
8523	4	0x008e	290	64	8
8524					64
8525	4	0x008e	16418	64	8
8526					64
8527	4	0x008e	32546	64	8
8528					64
8529	4	0x008e	48674	64	8
8530					64
8531	4	0x008e	64802	4	8
8532					4
8533	4	0x008e	16674	2	8
8534					2
8535	4	0x0082	0	8	16
8536					0
8541	4	0x008e	290	64	8
8542					64
8543	4	0x008e	16418	64	8
8544					64
8545	4	0x008e	32546	64	8
8546					64
8547	4	0x008e	48674	64	8
8548					64
8549	4	0x008e	64802	4	8
8550					4
8551	4	0x008e	16674	2	8
8552					2
8553	4	0x0082	0	8	16
8554					0
8559	4	0x008e	290	64	8
8560					64
8561	4	0x008e	16418	64	8
8562					64
8563	4	0x008e	32546	64	8
8564					64
8565	4	0x008e	48674	64	8
8566					64
8567	4	0x008e	64802	4	8
8568					4
8569	4	0x008e	16674	2	8
8570					2
8571	4	0x0082	0	8	16
8572					0
8577	4	0x008e	290	64	8
8578					64
8579	4	0x008e	16418	64	8
8580					64
8581	4	0x008e	32546	64	8
8582					64
8583	4	0x008e	48674	64	8
8584					64
8585	4	0x008e	64802	4	8
8586					4
8587	4	0x008e	16674	2	8
8588					2
8589	4	0x0082	0	8	16
8590					0
8595	4	0x008e	290	64	8
8596					64
8597	4	0x008e	16418	64	8
8598					64
8599	4	0x008e	32546	64	8
8600					64
8601	4	0x008e	48674	64	8
8602					64
8603	4	0x008e	64802	4	8
8604					4
8605	4	0x008e	16674	2	8
8606					2
8607	4	0x0082	0	8	16
8608					0
8613	4	0x008e	290	64	8
8614					64
8615	4	0x008e	16418	64	8
8616					64
8617	4	0x008e	32546	64	8
8618					64
8619	4	0x008e	48674	64	8
8620					64
8621	4	0x008e	64802	4	8
8622					4
8623	4	0x008e	16674	2	8
8624					2
8625	4	0x0082	0	8	16
8626					0
8631	4	0x008e	290	64	8
8632					64
8633	4	0x008e	16418	64	8
8634					64
8635	4	0x008e	32546	64	8
8636					64
8637	4	0x008e	48674	64	8
8638					64
8639	4	0x008e	64802	4	8
8640					4
8641	4	0x008e	16674	2	8
8642					2
8643	4	0x0082	0	8	16
8644					0
8649	4	0x008e	290	64	8
8650					64
8651	4	0x008e	16418	64	8
8652					64
8653	4	0x008e	32546	64	8
8654					64
8655	4	0x008e	48674	64	8
8656					64
8657	4	0x008e	64802	4	8
8658					4
8659	4	0x008e	16674	2	8
8660					2
8661	4	0x0082	0	8	16
8662					0
8667	4	0x008e	290	64	8
8668					64
8669	4	0x008e	16418	64	8
8670					64
8671	4	0x008e	32546	64	8
8672					64
8673	4	0x008e	48674	64	8
8674					64
8675	4	0x008e	64802	4	8
8676					4
8677	4	0x008e	16674	2	8
8678					2
8679	4	0x0082	0	8	16
8680					0
8685	4	0x008e	290	64	8
8686					64
8687	4	0x008e	16418	64	8
8688					64
8689	4	0x008e	32546	64	8
8690					64
8691	4	0x008e	48674	64	8
8692					64
8693	4	0x008e	64802	4	8
8694					4
8695	4	0x008e	16674	2	8
8696					2
8697	4	0x0082	0	8	16
8698					0
8703	4	0x008e	290	64	8
8704					64
8705	4	0x008e	16418	64	8
8706					64
8707	4	0x008e	32546	64	8
8708					64
8709	4	0x008e	48674	64	8
8710					64
8711	4	0x008e	64802	4	8
8712					4
8713	4	0x008e	16674	2	8
8714					2
8715	4	0x0082	0	8	16
8716					0
8721	4	0x008e	290	64	8
8722					64
8723	4	0x008e	16418	64	8
8724					64
8725	4	0x008e	32546	64	8
8726					64
8727	4	0x008e	48674	64	8
8728					64
8729	4	0x008e	64802	4	8
8730					4
8731	4	0x008e	16674	2	8
8732					2
8733	4	0x0082	0	8	16
8734					0
8739	4	0x008e	290	64	8
8740					64
8741	4	0x008e	16418	64	8
8742					64
8743	4	0x008e	32546	64	8
8744					64
8745	4	0x008e	48674	64	8
8746					64
8747	4	0x008e	64802	4	8
8748					4
8749	4	0x008e	16674	2	8
8750					2
8751	4	0x0082	0	8	16
8752					0
8757	4	0x008e	290	64	8
8758					64
8759	4	0x008e	16418	64	8
8760					64
8761	4	0x008e	32546	64	8
8762					64
8763	4	0x008e	48674	64	8
8764					64
8765	4	0x008e	64802	4	8
8766					4
8767	4	0x008e	16674	2	8
8768					2
8769	4	0x0082	0	8	16
8770					0
8775	4	0x008e	290	64	8
8776					64
8777	4	0x008e	16418	64	8
8778					64
8779	4	0x008e	32546	64	8
8780					64
8781	4	0x008e	48674	64	8
8782					64
8783	4	0x008e	64802	4	8
8784					4
8785	4	0x008e	16674	2	8
8786					2
8787	4	0x0082	0	8	16
8788					0
8793	4	0x008e	290	64	8
8794					64
8795	4	0x008e	16418	64	8
8796					64
8797	4	0x008e	32546	64	8
8798					64
8799	4	0x008e	48674	64	8
8800					64
8801	4	0x008e	64802	4	8
8802					4
8803	4	0x008e	16674	2	8
8804					2
8805	4	0x0082	0	8	16
8806					0
8811	4	0x008e	290	64	8
8812					64
8813	4	0x008e	16418	64	8
8814					64
8815	4	0x008e	32546	64	8
8816					64
8817	4	0x008e	48674	64	8
8818					64
8819	4	0x008e	64802	4	8
8820					4
8821	4	0x008e	16674	2	8
8822					2
8823	4	0x0082	0	8	16
8824					0
8829	4	0x008e	290	64	8
8830					64
8831	4	0x008e	16418	64	8
8832					64
8833	4	0x008e	32546	64	8
8834					64
8835	4	0x008e	48674	64	8
8836					64
8837	4	0x008e	64802	4	8
8838					4
8839	4	0x008e	16674	2	8
8840					2
8841	4	0x0082	0	8	16
8842					0
8847	4	0x008e	290	64	8
8848					64
8849	4	0x008e	16418	64	8
8850					64
8851	4	0x008e	32546	64	8
8852					64
8853	4	0x008e	48674	64	8
8854					64
8855	4	0x008e	64802	4	8
8856					4
8857	4	0x008e	16674	2	8
8858					2
8859	4	0x0082	0	8	16
8860					0
8865	4	0x008e	290	64	8
8866					64
8867	4	0x008e	16418	64	8
8868					64
8869	4	0x008e	32546	64	8
8870					64
8871	4	0x008e	48674	64	8
8872					64
8873	4	0x008e	64802	4	8
8874					4
8875	4	0x008e	16674	2	8
8876					2
8877	4	0x0082	0	8	16
8878					0
8883	4	0x008e	290	64	8
8884					64
8885	4	0x008e	16418	64	8
8886					64
8887	4	0x008e	32546	64	8
8888					64
8889	4	0x008e	48674	64	8
8890					64
8891	4	0x008e	64802	4	8
8892					4
8893	4	0x008e	16674	2	8
8894					2
8895	4	0x0082	0	8	16
8896					0
8901	4	0x008e	290	64	8
8902					64
8903	4	0x008e	16418	64	8
8904					64
8905	4	0x008e	32546	64	8
8906					64
8907	4	0x008e	48674	64	8
8908					64
8909	4	0x008e	64802	4	8
8910					4
8911	4	0x008e	16674	2	8
8912					2
8913	4	0x0082	0	8	16
8914					0
8919	4	0x008e	290	64	8
8920					64
8921	4	0x008e	16418	64	8
8922					64
8923	4	0x008e	32546	64	8
8924					64
8925	4	0x008e	48674	64	8
8926					64
8927	4	0x008e	64802	4	8
8928					4
8929	4	0x008e	16674	2	8
8930					2
8931	4	0x0082	0	8	16
8932					0
8937	4	0x008e	290	64	8
8938					64
8939	4	0x008e	16418	64	8
8940					64
8941	4	0x008e	32546	64	8
8942					64
8943	4	0x008e	48674	64	8
8944					64
8945	4	0x008e	64802	4	8
8946					4
8947	4	0x008e	16674	2	8
8948					2
8949	4	0x0082	0	8	16
8950					0
8955	4	0x008e	290	64	8
8956					64
8957	4	0x008e	16418	64	8
8958					64
8959	4	0x008e	32546	64	8
8960					64
8961	4	0x008e	48674	64	8
8962					64
8963	4	0x008e	64802	4	8
8964					4
8965	4	0x008e	16674	2	8
8966					2
8967	4	0x0082	0	8	16
8968					0
8973	4	0x008e	290	64	8
8974					64
8975	4	0x008e	16418	64	8
8976					64
8977	4	0x008e	32546	64	8
8978					64
8979	4	0x008e	48674	64	8
8980					64
8981	4	0x008e	64802	4	8
8982					4
8983	4	0x008e	16674	2	8
8984					2
8985	4	0x0082	0	8	16
8986					0
8991	4	0x008e	290	64	8
8992					64
8993	4	0x008e	16418	64	8
8994					64
8995	4	0x008e	32546	64	8
8996					64
8997	4	0x008e	48674	64	8
8998					64
8999	4	0x008e	64802	4	8
9000					4
9001	4	0x008e	16674	2	8
9002					2
9003	4	0x0082	0	8	16
9004					0
9009	4	0x008e	290	64	8
9010					64
9011	4	0x008e	16418	64	8
9012					64
9013	4	0x008e	32546	64	8
9014					64
9015	4	0x008e	48674	64	8
9016					64
9017	4	0x008e	64802	4	8
9018					4
9019	4	0x008e	16674	2	8
9020					2
9021	4	0x0082	0	8	16
9022					0
9027	4	0x008e	290	64	8
9028					64
9029	4	0x008e	16418	64	8
9030					64
9031	4	0x008e	32546	64	8
9032					64
9033	4	0x008e	48674	64	8
9034					64
9035	4	0x008e	64802	4	8
9036					4
9037	4	0x008e	16674	2	8
9038					2
9039	4	0x0082	0	8	16
9040					0
9045	4	0x008e	290	64	8
9046					64
9047	4	0x008e	16418	64	8
9048					64
9049	4	0x008e	32546	64	8
9050					64
9051	4	0x008e	48674	64	8
9052					64
9053	4	0x008e	64802	4	8
9054					4
9055	4	0x008e	16674	2	8
9056					2
9057	4	0x0082	0	8	16
9058					0
9063	4	0x008e	290	64	8
9064					64
9065	4	0x008e	16418	64	8
9066					64
9067	4	0x008e	32546	64	8
9068					64
9069	4	0x008e	48674	64	8
9070					64
9071	4	0x008e	64802	4	8
9072					4
9073	4	0x008e	16674	2	8
9074					2
9075	4	0x0082	0	8	16
9076					0
9081	4	0x008e	290	64	8
9082					64
9083	4	0x008e	16418	64	8
9084					64
9085	4	0x008e	32546	64	8
9086					64
9087	4	0x008e	48674	64	8
9088					64
9089	4	0x008e	64802	4	8
9090					4
9091	4	0x008e	16674	2	8
9092					2
9093	4	0x0082	0	8	16
9094					0
9099	4	0x008e	290	64	8
9100					64
9101	4	0x008e	16418	64	8
9102					64
9103	4	0x008e	32546	64	8
9104					64
9105	4	0x008e	48674	64	8
9106					64
9107	4	0x008e	64802	4	8
9108					4
9109	4	0x008e	16674	2	8
9110					2
9111	4	0x0082	0	8	16
9112					0
9117	4	0x008e	290	64	8
9118					64
9119	4	0x008e	16418	64	8
9120					64
9121	4	0x008e	32546	64	8
9122					64
9123	4	0x008e	48674	64	8
9124					64
9125	4	0x008e	64802	4	8
9126					4
9127	4	0x008e	16674	2	8
9128					2
9129	4	0x0082	0	8	16
9130					0
9135	4	0x008e	290	64	8
9136					64
9137	4	0x008e	16418	64	8
9138					64
9139	4	0x008e	32546	64	8
9140					64
9141	4	0x008e	48674	64	8
9142					64
9143	4	0x008e	64802	4	8
9144					4
9145	4	0x008e	16674	2	8
9146					2
9147	4	0x0082	0	8	16
9148					0
9153	4	0x008e	290	64	8
9154					64
9155	4	0x008e	16418	64	8
9156					64
9157	4	0x008e	32546	64	8
9158					64
9159	4	0x008e	48674	64	8
9160					64
9161	4	0x008e	64802	4	8
9162					4
9163	4	0x008e	16674	2	8
9164					2
9165	4	0x0082	0	8	16
9166					0
9171	4	0x008e	290	64	8
9172					64
9173	4	0x008e	16418	64	8
9174					64
9175	4	0x008e	32546	64	8
9176					64
9177	4	0x008e	48674	64	8
9178					64
9179	4	0x008e	64802	4	8
9180					4
9181	4	0x008e	16674	2	8
9182					2
9183	4	0x0082	0	8	16
9184					0
9189	4	0x008e	290	64	8
9190					64
9191	4	0x008e	16418	64	8
9192					64
9193	4	0x008e	32546	64	8
9194					64
9195	4	0x008e	48674	64	8
9196					64
9197	4	0x008e	64802	4	8
9198					4
9199	4	0x008e	16674	2	8
9200					2
9201	4	0x0082	0	8	16
9202					0
9207	4	0x008e	290	64	8
9208					64
9209	4	0x008e	16418	64	8
9210					64
9211	4	0x008e	32546	64	8
9212					64
9213	4	0x008e	48674	64	8
9214					64
9215	4	0x008e	64802	4	8
9216					4
9217	4	0x008e	16674	2	8
9218					2
9219	4	0x0082	0	8	16
9220					0
9225	4	0x008e	290	64	8
9226					64
9227	4	0x008e	16418	64	8
9228					64
9229	4	0x008e	32546	64	8
9230					64
9231	4	0x008e	48674	64	8
9232					64
9233	4	0x008e	64802	4	8
9234					4
9235	4	0x008e	16674	2	8
9236					2
9237	4	0x0082	0	8	16
9238					0
9243	4	0x008e	290	64	8
9244					64
9245	4	0x008e	16418	64	8
9246					64
9247	4	0x008e	32546	64	8
9248					64
9249	4	0x008e	48674	64	8
9250					64
9251	4	0x008e	64802	4	8
9252					4
9253	4	0x008e	16674	2	8
9254					2
9255	4	0x0082	0	8	16
9256					0
9261	4	0x008e	290	64	8
9262					64
9263	4	0x008e	16418	64	8
9264					64
9265	4	0x008e	32546	64	8
9266					64
9267	4	0x008e	48674	64	8
9268					64
9269	4	0x008e	64802	4	8
9270					4
9271	4	0x008e	16674	2	8
9272					2
9273	4	0x0082	0	8	16
9274					0
9279	4	0x008e	290	64	8
9280					64
9281	4	0x008e	16418	64	8
9282					64
9283	4	0x008e	32546	64	8
9284					64
9285	4	0x008e	48674	64	8
9286					64
9287	4	0x008e	64802	4	8
9288					4
9289	4	0x008e	16674	2	8
9290					2
9291	4	0x0082	0	8	16
9292					0
9297	4	0x008e	290	64	8
9298					64
9299	4	0x008e	16418	64	8
9300					64
9301	4	0x008e	32546	64	8
9302					64
9303	4	0x008e	48674	64	8
9304					64
9305	4	0x008e	64802	4	8
9306					4
9307	4	0x008e	16674	2	8
9308					2
9309	4	0x0082	0	8	16
9310					0
9315	4	0x008e	290	64	8
9316					64
9317	4	0x008e	16418	64	8
9318					64
9319	4	0x008e	32546	64	8
9320					64
9321	4	0x008e	48674	64	8
9322					64
9323	4	0x008e	64802	4	8
9324					4
9325	4	0x008e	16674	2	8
9326					2
9327	4	0x0082	0	8	16
9328					0
9333	4	0x008e	290	64	8
9334					64
9335	4	0x008e	16418	64	8
9336					64
9337	4	0x008e	32546	64	8
9338					64
9339	4	0x008e	48674	64	8
9340					64
9341	4	0x008e	64802	4	8
9342					4
9343	4	0x008e	16674	2	8
9344					2
9345	4	0x0082	0	8	16
9346					0
9351	4	0x008e	290	64	8
9352					64
9353	4	0x008e	16418	64	8
9354					64
9355	4	0x008e	32546	64	8
9356					64
9357	4	0x008e	48674	64	8
9358					64
9359	4	0x008e	64802	4	8
9360					4
9361	4	0x008e	16674	2	8
9362					2
9363	4	0x0082	0	8	16
9364					0
9369	4	0x008e	290	64	8
9370					64
9371	4	0x008e	16418	64	8
9372					64
9373	4	0x008e	32546	64	8
9374					64
9375	4	0x008e	48674	64	8
9376					64
9377	4	0x008e	64802	4	8
9378					4
9379	4	0x008e	16674	2	8
9380					2
9381	4	0x0082	0	8	16
9382					0
9387	4	0x008e	290	64	8
9388					64
9389	4	0x008e	16418	64	8
9390					64
9391	4	0x008e	32546	64	8
9392					64
9393	4	0x008e	48674	64	8
9394					64
9395	4	0x008e	64802	4	8
9396					4
9397	4	0x008e	16674	2	8
9398					2
9399	4	0x0082	0	8	16
9400					0
9405	4	0x008e	290	64	8
9406					64
9407	4	0x008e	16418	64	8
9408					64
9409	4	0x008e	32546	64	8
9410					64
9411	4	0x008e	48674	64	8
9412					64
9413	4	0x008e	64802	4	8
9414					4
9415	4	0x008e	16674	2	8
9416					2
9417	4	0x0082	0	8	16
9418					0
9423	4	0x008e	290	64	8
9424					64
9425	4	0x008e	16418	64	8
9426					64
9427	4	0x008e	32546	64	8
9428					64
9429	4	0x008e	48674	64	8
9430					64
9431	4	0x008e	64802	4	8
9432					4
9433	4	0x008e	16674	2	8
9434					2
9435	4	0x0082	0	8	16
9436					0
9441	4	0x008e	290	64	8
9442					64
9443	4	0x008e	16418	64	8
9444					64
9445	4	0x008e	32546	64	8
9446					64
9447	4	0x008e	48674	64	8
9448					64
9449	4	0x008e	64802	4	8
9450					4
9451	4	0x008e	16674	2	8
9452					2
9453	4	0x0082	0	8	16
9454					0
9459	4	0x008e	290	64	8
9460					64
9461	4	0x008e	16418	64	8
9462					64
9463	4	0x008e	32546	64	8
9464					64
9465	4	0x008e	48674	64	8
9466					64
9467	4	0x008e	64802	4	8
9468					4
9469	4	0x008e	16674	2	8
9470					2
9471	4	0x0082	0	8	16
9472					0
9477	4	0x008e	290	64	8
9478					64
9479	4	0x008e	16418	64	8
9480					64
9481	4	0x008e	32546	64	8
9482					64
9483	4	0x008e	48674	64	8
9484					64
9485	4	0x008e	64802	4	8
9486					4
9487	4	0x008e	16674	2	8
9488					2
9489	4	0x0082	0	8	16
9490					0
9495	4	0x008e	290	64	8
9496					64
9497	4	0x008e	16418	64	8
9498					64
9499	4	0x008e	32546	64	8
9500					64
9501	4	0x008e	48674	64	8
9502					64
9503	4	0x008e	64802	4	8
9504					4
9505	4	0x008e	16674	2	8
9506					2
9507	4	0x0082	0	8	16
9508					0
9513	4	0x008e	290	64	8
9514					64
9515	4	0x008e	16418	64	8
9516					64
9517	4	0x008e	32546	64	8
9518					64
9519	4	0x008e	48674	64	8
9520					64
9521	4	0x008e	64802	4	8
9522					4
9523	4	0x008e	16674	2	8
9524					2
9525	4	0x0082	0	8	16
9526					0
9531	4	0x008e	290	64	8
9532					64
9533	4	0x008e	16418	64	8
9534					64
9535	4	0x008e	32546	64	8
9536					64
9537	4	0x008e	48674	64	8
9538					64
9539	4	0x008e	64802	4	8
9540					4
9541	4	0x008e	16674	2	8
9542					2
9543	4	0x0082	0	8	16
9544					0
9549	4	0x008e	290	64	8
9550					64
9551	4	0x008e	16418	64	8
9552					64
9553	4	0x008e	32546	64	8
9554					64
9555	4	0x008e	48674	64	8
9556					64
9557	4	0x008e	64802	4	8
9558					4
9559	4	0x008e	16674	2	8
9560					2
9561	4	0x0082	0	8	16
9562					0
9567	4	0x008e	290	64	8
9568					64
9569	4	0x008e	16418	64	8
9570					64
9571	4	0x008e	32546	64	8
9572					64
9573	4	0x008e	48674	64	8
9574					64
9575	4	0x008e	64802	4	8
9576					4
9577	4	0x008e	16674	2	8
9578					2
9579	4	0x0082	0	8	16
9580					0
9585	4	0x008e	290	64	8
9586					64
9587	4	0x008e	16418	64	8
9588					64
9589	4	0x008e	32546	64	8
9590					64
9591	4	0x008e	48674	64	8
9592					64
9593	4	0x008e	64802	4	8
9594					4
9595	4	0x008e	16674	2	8
9596					2
9597	4	0x0082	0	8	16
9598					0
9603	4	0x008e	290	64	8
9604					64
9605	4	0x008e	16418	64	8
9606					64
9607	4	0x008e	32546	64	8
9608					64
9609	4	0x008e	48674	64	8
9610					64
9611	4	0x008e	64802	4	8
9612					4
9613	4	0x008e	16674	2	8
9614					2
9615	4	0x0082	0	8	16
9616					0
9621	4	0x008e	290	64	8
9622					64
9623	4	0x008e	16418	64	8
9624					64
9625	4	0x008e	32546	64	8
9626					64
9627	4	0x008e	48674	64	8
9628					64
9629	4	0x008e	64802	4	8
9630					4
9631	4	0x008e	16674	2	8
9632					2
9633	4	0x0082	0	8	16
9634					0
9639	4	0x008e	290	64	8
9640					64
9641	4	0x008e	16418	64	8
9642					64
9643	4	0x008e	32546	64	8
9644					64
9645	4	0x008e	48674	64	8
9646					64
9647	4	0x008e	64802	4	8
9648					4
9649	4	0x008e	16674	2	8
9650					2
9651	4	0x0082	0	8	16
9652					0
9657	4	0x008e	290	64	8
9658					64
9659	4	0x008e	16418	64	8
9660					64
9661	4	0x008e	32546	64	8
9662					64
9663	4	0x008e	48674	64	8
9664					64
9665	4	0x008e	64802	4	8
9666					4
9667	4	0x008e	16674	2	8
9668					2
9669	4	0x0082	0	8	16
9670					0
9675	4	0x008e	290	64	8
9676					64
9677	4	0x008e	16418	64	8
9678					64
9679	4	0x008e	32546	64	8
9680					64
9681	4	0x008e	48674	64	8
9682					64
9683	4	0x008e	64802	4	8
9684					4
9685	4	0x008e	16674	2	8
9686					2
9687	4	0x0082	0	8	16
9688					0
9693	4	0x008e	290	64	8
9694					64
9695	4	0x008e	16418	64	8
9696					64
9697	4	0x008e	32546	64	8
9698					64
9699	4	0x008e	48674	64	8
9700					64
9701	4	0x008e	64802	4	8
9702					4
9703	4	0x008e	16674	2	8
9704					2
9705	4	0x0082	0	8	16
9706					0
9711	4	0x008e	290	64	8
9712					64
9713	4	0x008e	16418	64	8
9714					64
9715	4	0x008e	32546	64	8
9716					64
9717	4	0x008e	48674	64	8
9718					64
9719	4	0x008e	64802	4	8
9720					4
9721	4	0x008e	16674	2	8
9722					2
9723	4	0x0082	0	8	16
9724					0
9729	4	0x008e	290	64	8
9730					64
9731	4	0x008e	16418	64	8
9732					64
9733	4	0x008e	32546	64	8
9734					64
9735	4	0x008e	48674	64	8
9736					64
9737	4	0x008e	64802	4	8
9738					4
9739	4	0x008e	16674	2	8
9740					2
9741	4	0x0082	0	8	16
9742					0
9747	4	0x008e	290	64	8
9748					64
9749	4	0x008e	16418	64	8
9750					64
9751	4	0x008e	32546	64	8
9752					64
9753	4	0x008e	48674	64	8
9754					64
9755	4	0x008e	64802	4	8
9756					4
9757	4	0x008e	16674	2	8
9758					2
9759	4	0x0082	0	8	16
9760					0
9765	4	0x008e	290	64	8
9766					64
9767	4	0x008e	16418	64	8
9768					64
9769	4	0x008e	32546	64	8
9770					64
9771	4	0x008e	48674	64	8
9772					64
9773	4	0x008e	64802	4	8
9774					4
9775	4	0x008e	16674	2	8
9776					2
9777	4	0x0082	0	8	16
9778					0
9783	4	0x008e	290	64	8
9784					64
9785	4	0x008e	16418	64	8
9786					64
9787	4	0x008e	32546	64	8
9788					64
9789	4	0x008e	48674	64	8
9790					64
9791	4	0x008e	64802	4	8
9792					4
9793	4	0x008e	16674	2	8
9794					2
9795	4	0x0082	0	8	16
9796					0
9801	4	0x008e	290	64	8
9802					64
9803	4	0x008e	16418	64	8
9804					64
9805	4	0x008e	32546	64	8
9806					64
9807	4	0x008e	48674	64	8
9808					64
9809	4	0x008e	64802	4	8
9810					4
9811	4	0x008e	16674	2	8
9812					2
9813	4	0x0082	0	8	16
9814					0
9819	4	0x008e	290	64	8
9820					64
9821	4	0x008e	16418	64	8
9822					64
9823	4	0x008e	32546	64	8
9824					64
9825	4	0x008e	48674	64	8
9826					64
9827	4	0x008e	64802	4	8
9828					4
9829	4	0x008e	16674	2	8
9830					2
9831	4	0x0082	0	8	16
9832					0
9837	4	0x008e	290	64	8
9838					64
9839	4	0x008e	16418	64	8
9840					64
9841	4	0x008e	32546	64	8
9842					64
9843	4	0x008e	48674	64	8
9844					64
9845	4	0x008e	64802	4	8
9846					4
9847	4	0x008e	16674	2	8
9848					2
9849	4	0x0082	0	8	16
9850					0
9855	4	0x008e	290	64	8
9856					64
9857	4	0x008e	16418	64	8
9858					64
9859	4	0x008e	32546	64	8
9860					64
9861	4	0x008e	48674	64	8
9862					64
9863	4	0x008e	64802	4	8
9864					4
9865	4	0x008e	16674	2	8
9866					2
9867	4	0x0082	0	8	16
9868					0
9873	4	0x008e	290	64	8
9874					64
9875	4	0x008e	16418	64	8
9876					64
9877	4	0x008e	32546	64	8
9878					64
9879	4	0x008e	48674	64	8
9880					64
9881	4	0x008e	64802	4	8
9882					4
9883	4	0x008e	16674	2	8
9884					2
9885	4	0x0082	0	8	16
9886					0
9891	4	0x008e	290	64	8
9892					64
9893	4	0x008e	16418	64	8
9894					64
9895	4	0x008e	32546	64	8
9896					64
9897	4	0x008e	48674	64	8
9898					64
9899	4	0x008e	64802	4	8
9900					4
9901	4	0x008e	16674	2	8
9902					2
9903	4	0x0082	0	8	16
9904					0
9909	4	0x008e	290	64	8
9910					64
9911	4	0x008e	16418	64	8
9912					64
9913	4	0x008e	32546	64	8
9914					64
9915	4	0x008e	48674	64	8
9916					64
9917	4	0x008e	64802	4	8
9918					4
9919	4	0x008e	16674	2	8
9920					2
9921	4	0x0082	0	8	16
9922					0
9927	4	0x008e	290	64	8
9928					64
9929	4	0x008e	16418	64	8
9930					64
9931	4	0x008e	32546	64	8
9932					64
9933	4	0x008e	48674	64	8
9934					64
9935	4	0x008e	64802	4	8
9936					4
9937	4	0x008e	16674	2	8
9938					2
9939	4	0x0082	0	8	16
9940					0
9945	4	0x008e	290	64	8
9946					64
9947	4	0x008e	16418	64	8
9948					64
9949	4	0x008e	32546	64	8
9950					64
9951	4	0x008e	48674	64	8
9952					64
9953	4	0x008e	64802	4	8
9954					4
9955	4	0x008e	16674	2	8
9956					2
9957	4	0x0082	0	8	16
9958					0
9963	4	0x008e	290	64	8
9964					64
9965	4	0x008e	16418	64	8
9966					64
9967	4	0x008e	32546	64	8
9968					64
9969	4	0x008e	48674	64	8
9970					64
9971	4	0x008e	64802	4	8
9972					4
9973	4	0x008e	16674	2	8
9974					2
9975	4	0x0082	0	8	16
9976					0
9981	4	0x008e	290	64	8
9982					64
9983	4	0x008e	16418	64	8
9984					64
9985	4	0x008e	32546	64	8
9986					64
9987	4	0x008e	48674	64	8
9988					64
9989	4	0x008e	64802	4	8
9990					4
9991	4	0x008e	16674	2	8
9992					2
9993	4	0x0082	0	8	16
9994					0
9999	4	0x008e	290	64	8
10000					64
10001	4	0x008e	16418	64	8
10002					64
10003	4	0x008e	32546	64	8
10004					64
10005	4	0x008e	48674	64	8
10006					64
10007	4	0x008e	64802	4	8
10008					4
10009	4	0x008e	16674	2	8
10010					2
10011	4	0x0082	0	8	16
10012					0
10017	4	0x008e	290	64	8
10018					64
10019	4	0x008e	16418	64	8
10020					64
10021	4	0x008e	32546	64	8
10022					64
10023	4	0x008e	48674	64	8
10024					64
10025	4	0x008e	64802	4	8
10026					4
10027	4	0x008e	16674	2	8
10028					2
10029	4	0x0082	0	8	16
10030					0
10035	4	0x008e	290	64	8
10036					64
10037	4	0x008e	16418	64	8
10038					64
10039	4	0x008e	32546	64	8
10040					64
10041	4	0x008e	48674	64	8
10042					64
10043	4	0x008e	64802	4	8
10044					4
10045	4	0x008e	16674	2	8
10046					2
10047	4	0x0082	0	8	16
10048					0
10053	4	0x008e	290	64	8
10054					64
10055	4	0x008e	16418	64	8
10056					64
10057	4	0x008e	32546	64	8
10058					64
10059	4	0x008e	48674	64	8
10060					64
10061	4	0x008e	64802	4	8
10062					4
10063	4	0x008e	16674	2	8
10064					2
10065	4	0x0082	0	8	16
10066					0
10071	4	0x008e	290	64	8
10072					64
10073	4	0x008e	16418	64	8
10074					64
10075	4	0x008e	32546	64	8
10076					64
10077	4	0x008e	48674	64	8
10078					64
10079	4	0x008e	64802	4	8
10080					4
10081	4	0x008e	16674	2	8
10082					2
10083	4	0x0082	0	8	16
10084					0
10089	4	0x008e	290	64	8
10090					64
10091	4	0x008e	16418	64	8
10092					64
10093	4	0x008e	32546	64	8
10094					64
10095	4	0x008e	48674	64	8
10096					64
10097	4	0x008e	64802	4	8
10098					4
10099	4	0x008e	16674	2	8
10100					2
10101	4	0x0082	0	8	16
10102					0
10107	4	0x008e	290	64	8
10108					64
10109	4	0x008e	16418	64	8
10110					64
10111	4	0x008e	32546	64	8
10112					64
10113	4	0x008e	48674	64	8
10114					64
10115	4	0x008e	64802	4	8
10116					4
10117	4	0x008e	16674	2	8
10118					2
10119	4	0x0082	0	8	16
10120					0
10125	4	0x008e	290	64	8
10126					64
10127	4	0x008e	16418	64	8
10128					64
10129	4	0x008e	32546	64	8
10130					64
10131	4	0x008e	48674	64	8
10132					64
10133	4	0x008e	64802	4	8
10134					4
10135	4	0x008e	16674	2	8
10136					2
10137	4	0x0082	0	8	16
10138					0
10143	4	0x008e	290	64	8
10144					64
10145	4	0x008e	16418	64	8
10146					64
10147	4	0x008e	32546	64	8
10148					64
10149	4	0x008e	48674	64	8
10150					64
10151	4	0x008e	64802	4	8
10152					4
10153	4	0x008e	16674	2	8
10154					2
10155	4	0x0082	0	8	16
10156					0
10161	4	0x008e	290	64	8
10162					64
10163	4	0x008e	16418	64	8
10164					64
10165	4	0x008e	32546	64	8
10166					64
10167	4	0x008e	48674	64	8
10168					64
10169	4	0x008e	64802	4	8
10170					4
10171	4	0x008e	16674	2	8
10172					2
10173	4	0x0082	0	8	16
10174					0
10179	4	0x008e	290	64	8
10180					64
10181	4	0x008e	16418	64	8
10182					64
10183	4	0x008e	32546	64	8
10184					64
10185	4	0x008e	48674	64	8
10186					64
10187	4	0x008e	64802	4	8
10188					4
10189	4	0x008e	16674	2	8
10190					2
10191	4	0x0082	0	8	16
10192					0
10197	4	0x008e	290	64	8
10198					64
10199	4	0x008e	16418	64	8
10200					64
10201	4	0x008e	32546	64	8
10202					64
10203	4	0x008e	48674	64	8
10204					64
10205	4	0x008e	64802	4	8
10206					4
10207	4	0x008e	16674	2	8
10208					2
10209	4	0x0082	0	8	16
10210					0
10215	4	0x008e	290	64	8
10216					64
10217	4	0x008e	16418	64	8
10218					64
10219	4	0x008e	32546	64	8
10220					64
10221	4	0x008e	48674	64	8
10222					64
10223	4	0x008e	64802	4	8
10224					4
10225	4	0x008e	16674	2	8
10226					2
10227	4	0x0082	0	8	16
10228					0
10233	4	0x008e	290	64	8
10234					64
10235	4	0x008e	16418	64	8
10236					64
10237	4	0x008e	32546	64	8
10238					64
10239	4	0x008e	48674	64	8
10240					64
10241	4	0x008e	64802	4	8
10242					4
10243	4	0x008e	16674	2	8
10244					2
10245	4	0x0082	0	8	16
10246					0
10251	4	0x008e	290	64	8
10252					64
10253	4	0x008e	16418	64	8
10254					64
10255	4	0x008e	32546	64	8
10256					64
10257	4	0x008e	48674	64	8
10258					64
10259	4	0x008e	64802	4	8
10260					4
10261	4	0x008e	16674	2	8
10262					2
10263	4	0x0082	0	8	16
10264					0
10269	4	0x008e	290	64	8
10270					64
10271	4	0x008e	16418	64	8
10272					64
10273	4	0x008e	32546	64	8
10274					64
10275	4	0x008e	48674	64	8
10276					64
10277	4	0x008e	64802	4	8
10278					4
10279	4	0x008e	16674	2	8
10280					2
10281	4	0x0082	0	8	16
10282					0
10287	4	0x008e	290	64	8
10288					64
10289	4	0x008e	16418	64	8
10290					64
10291	4	0x008e	32546	64	8
10292					64
10293	4	0x008e	48674	64	8
10294					64
10295	4	0x008e	64802	4	8
10296					4
10297	4	0x008e	16674	2	8
10298					2
10299	4	0x0082	0	8	16
10300					0
10305	4	0x008e	290	64	8
10306					64
10307	4	0x008e	16418	64	8
10308					64
10309	4	0x008e	32546	64	8
10310					64
10311	4	0x008e	48674	64	8
10312					64
10313	4	0x008e	64802	4	8
10314					4
10315	4	0x008e	16674	2	8
10316					2
10317	4	0x0082	0	8	16
10318					0
10323	4	0x008e	290	64	8
10324					64
10325	4	0x008e	16418	64	8
10326					64
10327	4	0x008e	32546	64	8
10328					64
10329	4	0x008e	48674	64	8
10330					64
10331	4	0x008e	64802	4	8
10332					4
10333	4	0x008e	16674	2	8
10334					2
10335	4	0x0082	0	8	16
10336					0
10341	4	0x008e	290	64	8
10342					64
10343	4	0x008e	16418	64	8
10344					64
10345	4	0x008e	32546	64	8
10346					64
10347	4	0x008e	48674	64	8
10348					64
10349	4	0x008e	64802	4	8
10350					4
10351	4	0x008e	16674	2	8
10352					2
10353	4	0x0082	0	8	16
10354					0
10359	4	0x008e	290	64	8
10360					64
10361	4	0x008e	16418	64	8
10362					64
10363	4	0x008e	32546	64	8
10364					64
10365	4	0x008e	48674	64	8
10366					64
10367	4	0x008e	64802	4	8
10368					4
10369	4	0x008e	16674	2	8
10370					2
10371	4	0x0082	0	8	16
10372					0
10377	4	0x008e	290	64	8
10378					64
10379	4	0x008e	16418	64	8
10380					64
10381	4	0x008e	32546	64	8
10382					64
10383	4	0x008e	48674	64	8
10384					64
10385	4	0x008e	64802	4	8
10386					4
10387	4	0x008e	16674	2	8
10388					2
10389	4	0x0082	0	8	16
10390					0
10395	4	0x008e	290	64	8
10396					64
10397	4	0x008e	16418	64	8
10398					64
10399	4	0x008e	32546	64	8
10400					64
10401	4	0x008e	48674	64	8
10402					64
10403	4	0x008e	64802	4	8
10404					4
10405	4	0x008e	16674	2	8
10406					2
10407	4	0x0082	0	8	16
10408					0
10413	4	0x008e	290	64	8
10414					64
10415	4	0x008e	16418	64	8
10416					64
10417	4	0x008e	32546	64	8
10418					64
10419	4	0x008e	48674	64	8
10420					64
10421	4	0x008e	64802	4	8
10422					4
10423	4	0x008e	16674	2	8
10424					2
10425	4	0x0082	0	8	16
10426					0
10431	4	0x008e	290	64	8
10432					64
10433	4	0x008e	16418	64	8
10434					64
10435	4	0x008e	32546	64	8
10436					64
10437	4	0x008e	48674	64	8
10438					64
10439	4	0x008e	64802	4	8
10440					4
10441	4	0x008e	16674	2	8
10442					2
10443	4	0x0082	0	8	16
10444					0
10449	4	0x008e	290	64	8
10450					64
10451	4	0x008e	16418	64	8
10452					64
10453	4	0x008e	32546	64	8
10454					64
10455	4	0x008e	48674	64	8
10456					64
10457	4	0x008e	64802	4	8
10458					4
10459	4	0x008e	16674	2	8
10460					2
10461	4	0x0082	0	8	16
10462					0
10467	4	0x008e	290	64	8
10468					64
10469	4	0x008e	16418	64	8
10470					64
10471	4	0x008e	32546	64	8
10472					64
10473	4	0x008e	48674	64	8
10474					64
10475	4	0x008e	64802	4	8
10476					4
10477	4	0x008e	16674	2	8
10478					2
10479	4	0x0082	0	8	16
10480					0
10485	4	0x008e	290	64	8
10486					64
10487	4	0x008e	16418	64	8
10488					64
10489	4	0x008e	32546	64	8
10490					64
10491	4	0x008e	48674	64	8
10492					64
10493	4	0x008e	64802	4	8
10494					4
10495	4	0x008e	16674	2	8
10496					2
10497	4	0x0082	0	8	16
10498					0
10503	4	0x008e	290	64	8
10504					64
10505	4	0x008e	16418	64	8
10506					64
10507	4	0x008e	32546	64	8
10508					64
10509	4	0x008e	48674	64	8
10510					64
10511	4	0x008e	64802	4	8
10512					4
10513	4	0x008e	16674	2	8
10514					2
10515	4	0x0082	0	8	16
10516					0
10521	4	0x008e	290	64	8
10522					64
10523	4	0x008e	16418	64	8
10524					64
10525	4	0x008e	32546	64	8
10526					64
10527	4	0x008e	48674	64	8
10528					64
10529	4	0x008e	64802	4	8
10530					4
10531	4	0x008e	16674	2	8
10532					2
10533	4	0x0082	0	8	16
10534					0
10539	4	0x008e	290	64	8
10540					64
10541	4	0x008e	16418	64	8
10542					64
10543	4	0x008e	32546	64	8
10544					64
10545	4	0x008e	48674	64	8
10546					64
10547	4	0x008e	64802	4	8
10548					4
10549	4	0x008e	16674	2	8
10550					2
10551	4	0x0082	0	8	16
10552					0
10557	4	0x008e	290	64	8
10558					64
10559	4	0x008e	16418	64	8
10560					64
10561	4	0x008e	32546	64	8
10562					64
10563	4	0x008e	48674	64	8
10564					64
10565	4	0x008e	64802	4	8
10566					4
10567	4	0x008e	16674	2	8
10568					2
10569	4	0x0082	0	8	16
10570					0
10575	4	0x008e	290	64	8
10576					64
10577	4	0x008e	16418	64	8
10578					64
10579	4	0x008e	32546	64	8
10580					64
10581	4	0x008e	48674	64	8
10582					64
10583	4	0x008e	64802	4	8
10584					4
10585	4	0x008e	16674	2	8
10586					2
10587	4	0x0082	0	8	16
10588					0
10593	4	0x008e	290	64	8
10594					64
10595	4	0x008e	16418	64	8
10596					64
10597	4	0x008e	32546	64	8
10598					64
10599	4	0x008e	48674	64	8
10600					64
10601	4	0x008e	64802	4	8
10602					4
10603	4	0x008e	16674	2	8
10604					2
10605	4	0x0082	0	8	16
10606					0
10611	4	0x008e	290	64	8
10612					64
10613	4	0x008e	16418	64	8
10614					64
10615	4	0x008e	32546	64	8
10616					64
10617	4	0x008e	48674	64	8
10618					64
10619	4	0x008e	64802	4	8
10620					4
10621	4	0x008e	16674	2	8
10622					2
10623	4	0x0082	0	8	16
10624					0
10629	4	0x008e	290	64	8
10630					64
10631	4	0x008e	16418	64	8
10632					64
10633	4	0x008e	32546	64	8
10634					64
10635	4	0x008e	48674	64	8
10636					64
10637	4	0x008e	64802	4	8
10638					4
10639	4	0x008e	16674	2	8
10640					2
10641	4	0x0082	0	8	16
10642					0
10647	4	0x008e	290	64	8
10648					64
10649	4	0x008e	16418	64	8
10650					64
10651	4	0x008e	32546	64	8
10652					64
10653	4	0x008e	48674	64	8
10654					64
10655	4	0x008e	64802	4	8
10656					4
10657	4	0x008e	16674	2	8
10658					2
10659	4	0x0082	0	8	16
10660					0
10665	4	0x008e	290	64	8
10666					64
10667	4	0x008e	16418	64	8
10668					64
10669	4	0x008e	32546	64	8
10670					64
10671	4	0x008e	48674	64	8
10672					64
10673	4	0x008e	64802	4	8
10674					4
10675	4	0x008e	16674	2	8
10676					2
10677	4	0x0082	0	8	16
10678					0
10683	4	0x008e	290	64	8
10684					64
10685	4	0x008e	16418	64	8
10686					64
10687	4	0x008e	32546	64	8
10688					64
10689	4	0x008e	48674	64	8
10690					64
10691	4	0x008e	64802	4	8
10692					4
10693	4	0x008e	16674	2	8
10694					2
10695	4	0x0082	0	8	16
10696					0
10701	4	0x008e	290	64	8
10702					64
10703	4	0x008e	16418	64	8
10704					64
10705	4	0x008e	32546	64	8
10706					64
10707	4	0x008e	48674	64	8
10708					64
10709	4	0x008e	64802	4	8
10710					4
10711	4	0x008e	16674	2	8
10712					2
10713	4	0x0082	0	8	16
10714					0
10719	4	0x008e	290	64	8
10720					64
10721	4	0x008e	16418	64	8
10722					64
10723	4	0x008e	32546	64	8
10724					64
10725	4	0x008e	48674	64	8
10726					64
10727	4	0x008e	64802	4	8
10728					4
10729	4	0x008e	16674	2	8
10730					2
10731	4	0x0082	0	8	16
10732					0
10737	4	0x008e	290	64	8
10738					64
10739	4	0x008e	16418	64	8
10740					64
10741	4	0x008e	32546	64	8
10742					64
10743	4	0x008e	48674	64	8
10744					64
10745	4	0x008e	64802	4	8
10746					4
10747	4	0x008e	16674	2	8
10748					2
10749	4	0x0082	0	8	16
10750					0
10755	4	0x008e	290	64	8
10756					64
10757	4	0x008e	16418	64	8
10758					64
10759	4	0x008e	32546	64	8
10760					64
10761	4	0x008e	48674	64	8
10762					64
10763	4	0x008e	64802	4	8
10764					4
10765	4	0x008e	16674	2	8
10766					2
10767	4	0x0082	0	8	16
10768					0
10773	4	0x008e	290	64	8
10774					64
10775	4	0x008e	16418	64	8
10776					64
10777	4	0x008e	32546	64	8
10778					64
10779	4	0x008e	48674	64	8
10780					64
10781	4	0x008e	64802	4	8
10782					4
10783	4	0x008e	16674	2	8
10784					2
10785	4	0x0082	0	8	16
10786					0
10791	4	0x008e	290	64	8
10792					64
10793	4	0x008e	16418	64	8
10794					64
10795	4	0x008e	32546	64	8
10796					64
10797	4	0x008e	48674	64	8
10798					64
10799	4	0x008e	64802	4	8
10800					4
10801	4	0x008e	16674	2	8
10802					2
10803	4	0x0082	0	8	16
10804					0
10809	4	0x008e	290	64	8
10810					64
10811	4	0x008e	16418	64	8
10812					64
10813	4	0x008e	32546	64	8
10814					64
10815	4	0x008e	48674	64	8
10816					64
10817	4	0x008e	64802	4	8
10818					4
10819	4	0x008e	16674	2	8
10820					2
10821	4	0x0082	0	8	16
10822					0
10827	4	0x008e	290	64	8
10828					64
10829	4	0x008e	16418	64	8
10830					64
10831	4	0x008e	32546	64	8
10832					64
10833	4	0x008e	48674	64	8
10834					64
10835	4	0x008e	64802	4	8
10836					4
10837	4	0x008e	16674	2	8
10838					2
10839	4	0x0082	0	8	16
10840					0
10845	4	0x008e	290	64	8
10846					64
10847	4	0x008e	16418	64	8
10848					64
10849	4	0x008e	32546	64	8
10850					64
10851	4	0x008e	48674	64	8
10852					64
10853	4	0x008e	64802	4	8
10854					4
10855	4	0x008e	16674	2	8
10856					2
10857	4	0x0082	0	8	16
10858					0
10863	4	0x008e	290	64	8
10864					64
10865	4	0x008e	16418	64	8
10866					64
10867	4	0x008e	32546	64	8
10868					64
10869	4	0x008e	48674	64	8
10870					64
10871	4	0x008e	64802	4	8
10872					4
10873	4	0x008e	16674	2	8
10874					2
10875	4	0x0082	0	8	16
10876					0
10881	4	0x008e	290	64	8
10882					64
10883	4	0x008e	16418	64	8
10884					64
10885	4	0x008e	32546	64	8
10886					64
10887	4	0x008e	48674	64	8
10888					64
10889	4	0x008e	64802	4	8
10890					4
10891	4	0x008e	16674	2	8
10892					2
10893	4	0x0082	0	8	16
10894					0
10899	4	0x008e	290	64	8
10900					64
10901	4	0x008e	16418	64	8
10902					64
10903	4	0x008e	32546	64	8
10904					64
10905	4	0x008e	48674	64	8
10906					64
10907	4	0x008e	64802	4	8
10908					4
10909	4	0x008e	16674	2	8
10910					2
10911	4	0x0082	0	8	16
10912					0
10917	4	0x008e	290	64	8
10918					64
10919	4	0x008e	16418	64	8
10920					64
10921	4	0x008e	32546	64	8
10922					64
10923	4	0x008e	48674	64	8
10924					64
10925	4	0x008e	64802	4	8
10926					4
10927	4	0x008e	16674	2	8
10928					2
10929	4	0x0082	0	8	16
10930					0
10935	4	0x008e	290	64	8
10936					64
10937	4	0x008e	16418	64	8
10938					64
10939	4	0x008e	32546	64	8
10940					64
10941	4	0x008e	48674	64	8
10942					64
10943	4	0x008e	64802	4	8
10944					4
10945	4	0x008e	16674	2	8
10946					2
10947	4	0x0082	0	8	16
10948					0
10953	4	0x008e	290	64	8
10954					64
10955	4	0x008e	16418	64	8
10956					64
10957	4	0x008e	32546	64	8
10958					64
10959	4	0x008e	48674	64	8
10960					64
10961	4	0x008e	64802	4	8
10962					4
10963	4	0x008e	16674	2	8
10964					2
10965	4	0x0082	0	8	16
10966					0
10971	4	0x008e	290	64	8
10972					64
10973	4	0x008e	16418	64	8
10974					64
10975	4	0x008e	32546	64	8
10976					64
10977	4	0x008e	48674	64	8
10978					64
10979	4	0x008e	64802	4	8
10980					4
10981	4	0x008e	16674	2	8
10982					2
10983	4	0x0082	0	8	16
10984					0
10989	4	0x008e	290	64	8
10990					64
10991	4	0x008e	16418	64	8
10992					64
10993	4	0x008e	32546	64	8
10994					64
10995	4	0x008e	48674	64	8
10996					64
10997	4	0x008e	64802	4	8
10998					4
10999	4	0x008e	16674	2	8
11000					2
11001	4	0x0082	0	8	16
11002					0
11007	4	0x008e	290	64	8
11008					64
11009	4	0x008e	16418	64	8
11010					64
11011	4	0x008e	32546	64	8
11012					64
11013	4	0x008e	48674	64	8
11014					64
11015	4	0x008e	64802	4	8
11016					4
11017	4	0x008e	16674	2	8
11018					2
11019	4	0x0082	0	8	16
11020					0
11025	4	0x008e	290	64	8
11026					64
11027	4	0x008e	16418	64	8
11028					64
11029	4	0x008e	32546	64	8
11030					64
11031	4	0x008e	48674	64	8
11032					64
11033	4	0x008e	64802	4	8
11034					4
11035	4	0x008e	16674	2	8
11036					2
11037	4	0x0082	0	8	16
11038					0
11043	4	0x008e	290	64	8
11044					64
11045	4	0x008e	16418	64	8
11046					64
11047	4	0x008e	32546	64	8
11048					64
11049	4	0x008e	48674	64	8
11050					64
11051	4	0x008e	64802	4	8
11052					4
11053	4	0x008e	16674	2	8
11054					2
11055	4	0x0082	0	8	16
11056					0
11061	4	0x008e	290	64	8
11062					64
11063	4	0x008e	16418	64	8
11064					64
11065	4	0x008e	32546	64	8
11066					64
11067	4	0x008e	48674	64	8
11068					64
11069	4	0x008e	64802	4	8
11070					4
11071	4	0x008e	16674	2	8
11072					2
11073	4	0x0082	0	8	16
11074					0
11079	4	0x008e	290	64	8
11080					64
11081	4	0x008e	16418	64	8
11082					64
11083	4	0x008e	32546	64	8
11084					64
11085	4	0x008e	48674	64	8
11086					64
11087	4	0x008e	64802	4	8
11088					4
11089	4	0x008e	16674	2	8
11090					2
11091	4	0x0082	0	8	16
11092					0
11097	4	0x008e	290	64	8
11098					64
11099	4	0x008e	16418	64	8
11100					64
11101	4	0x008e	32546	64	8
11102					64
11103	4	0x008e	48674	64	8
11104					64
11105	4	0x008e	64802	4	8
11106					4
11107	4	0x008e	16674	2	8
11108					2
11109	4	0x0082	0	8	16
11110					0
11115	4	0x008e	290	64	8
11116					64
11117	4	0x008e	16418	64	8
11118					64
11119	4	0x008e	32546	64	8
11120					64
11121	4	0x008e	48674	64	8
11122					64
11123	4	0x008e	64802	4	8
11124					4
11125	4	0x008e	16674	2	8
11126					2
11127	4	0x0082	0	8	16
11128					0
11133	4	0x008e	290	64	8
11134					64
11135	4	0x008e	16418	64	8
11136					64
11137	4	0x008e	32546	64	8
11138					64
11139	4	0x008e	48674	64	8
11140					64
11141	4	0x008e	64802	4	8
11142					4
11143	4	0x008e	16674	2	8
11144					2
11145	4	0x0082	0	8	16
11146					0
11151	4	0x008e	290	64	8
11152					64
11153	4	0x008e	16418	64	8
11154					64
11155	4	0x008e	32546	64	8
11156					64
11157	4	0x008e	48674	64	8
11158					64
11159	4	0x008e	64802	4	8
11160					4
11161	4	0x008e	16674	2	8
11162					2
11163	4	0x0082	0	8	16
11164					0
11169	4	0x008e	290	64	8
11170					64
11171	4	0x008e	16418	64	8
11172					64
11173	4	0x008e	32546	64	8
11174					64
11175	4	0x008e	48674	64	8
11176					64
11177	4	0x008e	64802	4	8
11178					4
11179	4	0x008e	16674	2	8
11180					2
11181	4	0x0082	0	8	16
11182					0
11187	4	0x008e	290	64	8
11188					64
11189	4	0x008e	16418	64	8
11190					64
11191	4	0x008e	32546	64	8
11192					64
11193	4	0x008e	48674	64	8
11194					64
11195	4	0x008e	64802	4	8
11196					4
11197	4	0x008e	16674	2	8
11198					2
11199	4	0x0082	0	8	16
11200					0
11205	4	0x008e	290	64	8
11206					64
11207	4	0x008e	16418	64	8
11208					64
11209	4	0x008e	32546	64	8
11210					64
11211	4	0x008e	48674	64	8
11212					64
11213	4	0x008e	64802	4	8
11214					4
11215	4	0x008e	16674	2	8
11216					2
11217	4	0x0082	0	8	16
11218					0
11223	4	0x008e	290	64	8
11224					64
11225	4	0x008e	16418	64	8
11226					64
11227	4	0x008e	32546	64	8
11228					64
11229	4	0x008e	48674	64	8
11230					64
11231	4	0x008e	64802	4	8
11232					4
11233	4	0x008e	16674	2	8
11234					2
11235	4	0x0082	0	8	16
11236					0
11241	4	0x008e	290	64	8
11242					64
11243	4	0x008e	16418	64	8
11244					64
11245	4	0x008e	32546	64	8
11246					64
11247	4	0x008e	48674	64	8
11248					64
11249	4	0x008e	64802	4	8
11250					4
11251	4	0x008e	16674	2	8
11252					2
11253	4	0x0082	0	8	16
11254					0
11259	4	0x008e	290	64	8
11260					64
11261	4	0x008e	16418	64	8
11262					64
11263	4	0x008e	32546	64	8
11264					64
11265	4	0x008e	48674	64	8
11266					64
11267	4	0x008e	64802	4	8
11268					4
11269	4	0x008e	16674	2	8
11270					2
11271	4	0x0082	0	8	16
11272					0
11277	4	0x008e	290	64	8
11278					64
11279	4	0x008e	16418	64	8
11280					64
11281	4	0x008e	32546	64	8
11282					64
11283	4	0x008e	48674	64	8
11284					64
11285	4	0x008e	64802	4	8
11286					4
11287	4	0x008e	16674	2	8
11288					2
11289	4	0x0082	0	8	16
11290					0
11295	4	0x008e	290	64	8
11296					64
11297	4	0x008e	16418	64	8
11298					64
11299	4	0x008e	32546	64	8
11300					64
11301	4	0x008e	48674	64	8
11302					64
11303	4	0x008e	64802	4	8
11304					4
11305	4	0x008e	16674	2	8
11306					2
11307	4	0x0082	0	8	16
11308					0
11313	4	0x008e	290	64	8
11314					64
11315	4	0x008e	16418	64	8
11316					64
11317	4	0x008e	32546	64	8
11318					64
11319	4	0x008e	48674	64	8
11320					64
11321	4	0x008e	64802	4	8
11322					4
11323	4	0x008e	16674	2	8
11324					2
11325	4	0x0082	0	8	16
11326					0
11331	4	0x008e	290	64	8
11332					64
11333	4	0x008e	16418	64	8
11334					64
11335	4	0x008e	32546	64	8
11336					64
11337	4	0x008e	48674	64	8
11338					64
11339	4	0x008e	64802	4	8
11340					4
11341	4	0x008e	16674	2	8
11342					2
11343	4	0x0082	0	8	16
11344					0
11349	4	0x008e	290	64	8
11350					64
11351	4	0x008e	16418	64	8
11352					64
11353	4	0x008e	32546	64	8
11354					64
11355	4	0x008e	48674	64	8
11356					64
11357	4	0x008e	64802	4	8
11358					4
11359	4	0x008e	16674	2	8
11360					2
11361	4	0x0082	0	8	16
11362					0
11367	4	0x008e	290	64	8
11368					64
11369	4	0x008e	16418	64	8
11370					64
11371	4	0x008e	32546	64	8
11372					64
11373	4	0x008e	48674	64	8
11374					64
11375	4	0x008e	64802	4	8
11376					4
11377	4	0x008e	16674	2	8
11378					2
11379	4	0x0082	0	8	16
11380					0
11385	4	0x008e	290	64	8
11386					64
11387	4	0x008e	16418	64	8
11388					64
11389	4	0x008e	32546	64	8
11390					64
11391	4	0x008e	48674	64	8
11392					64
11393	4	0x008e	64802	4	8
11394					4
11395	4	0x008e	16674	2	8
11396					2
11397	4	0x0082	0	8	16
11398					0
11403	4	0x008e	290	64	8
11404					64
11405	4	0x008e	16418	64	8
11406					64
11407	4	0x008e	32546	64	8
11408					64
11409	4	0x008e	48674	64	8
11410					64
11411	4	0x008e	64802	4	8
11412					4
11413	4	0x008e	16674	2	8
11414					2
11415	4	0x0082	0	8	16
11416					0
11421	4	0x008e	290	64	8
11422					64
11423	4	0x008e	16418	64	8
11424					64
11425	4	0x008e	32546	64	8
11426					64
11427	4	0x008e	48674	64	8
11428					64
11429	4	0x008e	64802	4	8
11430					4
11431	4	0x008e	16674	2	8
11432					2
11433	4	0x0082	0	8	16
11434					0
11439	4	0x008e	290	64	8
11440					64
11441	4	0x008e	16418	64	8
11442					64
11443	4	0x008e	32546	64	8
11444					64
11445	4	0x008e	48674	64	8
11446					64
11447	4	0x008e	64802	4	8
11448					4
11449	4	0x008e	16674	2	8
11450					2
11451	4	0x0082	0	8	16
11452					0
11457	4	0x008e	290	64	8
11458					64
11459	4	0x008e	16418	64	8
11460					64
11461	4	0x008e	32546	64	8
11462					64
11463	4	0x008e	48674	64	8
11464					64
11465	4	0x008e	64802	4	8
11466					4
11467	4	0x008e	16674	2	8
11468					2
11469	4	0x0082	0	8	16
11470					0
11475	4	0x008e	290	64	8
11476					64
11477	4	0x008e	16418	64	8
11478					64
11479	4	0x008e	32546	64	8
11480					64
11481	4	0x008e	48674	64	8
11482					64
11483	4	0x008e	64802	4	8
11484					4
11485	4	0x008e	16674	2	8
11486					2
11487	4	0x0082	0	8	16
11488					0
11493	4	0x008e	290	64	8
11494					64
11495	4	0x008e	16418	64	8
11496					64
11497	4	0x008e	32546	64	8
11498					64
11499	4	0x008e	48674	64	8
11500					64
11501	4	0x008e	64802	4	8
11502					4
11503	4	0x008e	16674	2	8
11504					2
11505	4	0x0082	0	8	16
11506					0
11511	4	0x008e	290	64	8
11512					64
11513	4	0x008e	16418	64	8
11514					64
11515	4	0x008e	32546	64	8
11516					64
11517	4	0x008e	48674	64	8
11518					64
11519	4	0x008e	64802	4	8
11520					4
11521	4	0x008e	16674	2	8
11522					2
11523	4	0x0082	0	8	16
11524					0
11529	4	0x008e	290	64	8
11530					64
11531	4	0x008e	16418	64	8
11532					64
11533	4	0x008e	32546	64	8
11534					64
11535	4	0x008e	48674	64	8
11536					64
11537	4	0x008e	64802	4	8
11538					4
11539	4	0x008e	16674	2	8
11540					2
11541	4	0x0082	0	8	16
11542					0
11547	4	0x008e	290	64	8
11548					64
11549	4	0x008e	16418	64	8
11550					64
11551	4	0x008e	32546	64	8
11552					64
11553	4	0x008e	48674	64	8
11554					64
11555	4	0x008e	64802	4	8
11556					4
11557	4	0x008e	16674	2	8
11558					2
11559	4	0x0082	0	8	16
11560					0
11565	4	0x008e	290	64	8
11566					64
11567	4	0x008e	16418	64	8
11568					64
11569	4	0x008e	32546	64	8
11570					64
11571	4	0x008e	48674	64	8
11572					64
11573	4	0x008e	64802	4	8
11574					4
11575	4	0x008e	16674	2	8
11576					2
11577	4	0x0082	0	8	16
11578					0
11583	4	0x008e	290	64	8
11584					64
11585	4	0x008e	16418	64	8
11586					64
11587	4	0x008e	32546	64	8
11588					64
11589	4	0x008e	48674	64	8
11590					64
11591	4	0x008e	64802	4	8
11592					4
11593	4	0x008e	16674	2	8
11594					2
11595	4	0x0082	0	8	16
11596					0
11601	4	0x008e	290	64	8
11602					64
11603	4	0x008e	16418	64	8
11604					64
11605	4	0x008e	32546	64	8
11606					64
11607	4	0x008e	48674	64	8
11608					64
11609	4	0x008e	64802	4	8
11610					4
11611	4	0x008e	16674	2	8
11612					2
11613	4	0x0082	0	8	16
11614					0
11619	4	0x008e	290	64	8
11620					64
11621	4	0x008e	16418	64	8
11622					64
11623	4	0x008e	32546	64	8
11624					64
11625	4	0x008e	48674	64	8
11626					64
11627	4	0x008e	64802	4	8
11628					4
11629	4	0x008e	16674	2	8
11630					2
11631	4	0x0082	0	8	16
11632					0
11637	4	0x008e	290	64	8
11638					64
11639	4	0x008e	16418	64	8
11640					64
11641	4	0x008e	32546	64	8
11642					64
11643	4	0x008e	48674	64	8
11644					64
11645	4	0x008e	64802	4	8
11646					4
11647	4	0x008e	16674	2	8
11648					2
11649	4	0x0082	0	8	16
11650					0
11655	4	0x008e	290	64	8
11656					64
11657	4	0x008e	16418	64	8
11658					64
11659	4	0x008e	32546	64	8
11660					64
11661	4	0x008e	48674	64	8
11662					64
11663	4	0x008e	64802	4	8
11664					4
11665	4	0x008e	16674	2	8
11666					2
11667	4	0x0082	0	8	16
11668					0
11673	4	0x008e	290	64	8
11674					64
11675	4	0x008e	16418	64	8
11676					64
11677	4	0x008e	32546	64	8
11678					64
11679	4	0x008e	48674	64	8
11680					64
11681	4	0x008e	64802	4	8
11682					4
11683	4	0x008e	16674	2	8
11684					2
11685	4	0x0082	0	8	16
11686					0
11691	4	0x008e	290	64	8
11692					64
11693	4	0x008e	16418	64	8
11694					64
11695	4	0x008e	32546	64	8
11696					64
11697	4	0x008e	48674	64	8
11698					64
11699	4	0x008e	64802	4	8
11700					4
11701	4	0x008e	16674	2	8
11702					2
11703	4	0x0082	0	8	16
11704					0
11709	4	0x008e	290	64	8
11710					64
11711	4	0x008e	16418	64	8
11712					64
11713	4	0x008e	32546	64	8
11714					64
11715	4	0x008e	48674	64	8
11716					64
11717	4	0x008e	64802	4	8
11718					4
11719	4	0x008e	16674	2	8
11720					2
11721	4	0x0082	0	8	16
11722					0
11727	4	0x008e	290	64	8
11728					64
11729	4	0x008e	16418	64	8
11730					64
11731	4	0x008e	32546	64	8
11732					64
11733	4	0x008e	48674	64	8
11734					64
11735	4	0x008e	64802	4	8
11736					4
11737	4	0x008e	16674	2	8
11738					2
11739	4	0x0082	0	8	16
11740					0
11745	4	0x008e	290	64	8
11746					64
11747	4	0x008e	16418	64	8
11748					64
11749	4	0x008e	32546	64	8
11750					64
11751	4	0x008e	48674	64	8
11752					64
11753	4	0x008e	64802	4	8
11754					4
11755	4	0x008e	16674	2	8
11756					2
11757	4	0x0082	0	8	16
11758					0
11763	4	0x008e	290	64	8
11764					64
11765	4	0x008e	16418	64	8
11766					64
11767	4	0x008e	32546	64	8
11768					64
11769	4	0x008e	48674	64	8
11770					64
11771	4	0x008e	64802	4	8
11772					4
11773	4	0x008e	16674	2	8
11774					2
11775	4	0x0082	0	8	16
11776					0
11781	4	0x008e	290	64	8
11782					64
11783	4	0x008e	16418	64	8
11784					64
11785	4	0x008e	32546	64	8
11786					64
11787	4	0x008e	48674	64	8
11788					64
11789	4	0x008e	64802	4	8
11790					4
11791	4	0x008e	16674	2	8
11792					2
11793	4	0x0082	0	8	16
11794					0
11799	4	0x008e	290	64	8
11800					64
11801	4	0x008e	16418	64	8
11802					64
11803	4	0x008e	32546	64	8
11804					64
11805	4	0x008e	48674	64	8
11806					64
11807	4	0x008e	64802	4	8
11808					4
11809	4	0x008e	16674	2	8
11810					2
11811	4	0x0082	0	8	16
11812					0
11817	4	0x008e	290	64	8
11818					64
11819	4	0x008e	16418	64	8
11820					64
11821	4	0x008e	32546	64	8
11822					64
11823	4	0x008e	48674	64	8
11824					64
11825	4	0x008e	64802	4	8
11826					4
11827	4	0x008e	16674	2	8
11828					2
11829	4	0x0082	0	8	16
11830					0
11835	4	0x008e	290	64	8
11836					64
11837	4	0x008e	16418	64	8
11838					64
11839	4	0x008e	32546	64	8
11840					64
11841	4	0x008e	48674	64	8
11842					64
11843	4	0x008e	64802	4	8
11844					4
11845	4	0x008e	16674	2	8
11846					2
11847	4	0x0082	0	8	16
11848					0
11853	4	0x008e	290	64	8
11854					64
11855	4	0x008e	16418	64	8
11856					64
11857	4	0x008e	32546	64	8
11858					64
11859	4	0x008e	48674	64	8
11860					64
11861	4	0x008e	64802	4	8
11862					4
11863	4	0x008e	16674	2	8
11864					2
11865	4	0x0082	0	8	16
11866					0
11871	4	0x008e	290	64	8
11872					64
11873	4	0x008e	16418	64	8
11874					64
11875	4	0x008e	32546	64	8
11876					64
11877	4	0x008e	48674	64	8
11878					64
11879	4	0x008e	64802	4	8
11880					4
11881	4	0x008e	16674	2	8
11882					2
11883	4	0x0082	0	8	16
11884					0
11889	4	0x008e	290	64	8
11890					64
11891	4	0x008e	16418	64	8
11892					64
11893	4	0x008e	32546	64	8
11894					64
11895	4	0x008e	48674	64	8
11896					64
11897	4	0x008e	64802	4	8
11898					4
11899	4	0x008e	16674	2	8
11900					2
11901	4	0x0082	0	8	16
11902					0
11907	4	0x008e	290	64	8
11908					64
11909	4	0x008e	16418	64	8
11910					64
11911	4	0x008e	32546	64	8
11912					64
11913	4	0x008e	48674	64	8
11914					64
11915	4	0x008e	64802	4	8
11916					4
11917	4	0x008e	16674	2	8
11918					2
11919	4	0x0082	0	8	16
11920					0
11925	4	0x008e	290	64	8
11926					64
11927	4	0x008e	16418	64	8
11928					64
11929	4	0x008e	32546	64	8
11930					64
11931	4	0x008e	48674	64	8
11932					64
11933	4	0x008e	64802	4	8
11934					4
11935	4	0x008e	16674	2	8
11936					2
11937	4	0x0082	0	8	16
11938					0
11943	4	0x008e	290	64	8
11944					64
11945	4	0x008e	16418	64	8
11946					64
11947	4	0x008e	32546	64	8
11948					64
11949	4	0x008e	48674	64	8
11950					64
11951	4	0x008e	64802	4	8
11952					4
11953	4	0x008e	16674	2	8
11954					2
11955	4	0x0082	0	8	16
11956					0
11961	4	0x008e	290	64	8
11962					64
11963	4	0x008e	16418	64	8
11964					64
11965	4	0x008e	32546	64	8
11966					64
11967	4	0x008e	48674	64	8
11968					64
11969	4	0x008e	64802	4	8
11970					4
11971	4	0x008e	16674	2	8
11972					2
11973	4	0x0082	0	8	16
11974					0
11979	4	0x008e	290	64	8
11980					64
11981	4	0x008e	16418	64	8
11982					64
11983	4	0x008e	32546	64	8
11984					64
11985	4	0x008e	48674	64	8
11986					64
11987	4	0x008e	64802	4	8
11988					4
11989	4	0x008e	16674	2	8
11990					2
11991	4	0x0082	0	8	16
11992					0
11997	4	0x008e	290	64	8
11998					64
11999	4	0x008e	16418	64	8
12000					64
12001	4	0x008e	32546	64	8
12002					64
12003	4	0x008e	48674	64	8
12004					64
12005	4	0x008e	64802	4	8
12006					4
12007	4	0x008e	16674	2	8
12008					2
12009	4	0x0082	0	8	16
12010					0
12015	4	0x008e	290	64	8
12016					64
12017	4	0x008e	16418	64	8
12018					64
12019	4	0x008e	32546	64	8
12020					64
12021	4	0x008e	48674	64	8
12022					64
12023	4	0x008e	64802	4	8
12024					4
12025	4	0x008e	16674	2	8
12026					2
12027	4	0x0082	0	8	16
12028					0
12033	4	0x008e	290	64	8
12034					64
12035	4	0x008e	16418	64	8
12036					64
12037	4	0x008e	32546	64	8
12038					64
12039	4	0x008e	48674	64	8
12040					64
12041	4	0x008e	64802	4	8
12042					4
12043	4	0x008e	16674	2	8
12044					2
12045	4	0x0082	0	8	16
12046					0
12051	4	0x008e	290	64	8
12052					64
12053	4	0x008e	16418	64	8
12054					64
12055	4	0x008e	32546	64	8
12056					64
12057	4	0x008e	48674	64	8
12058					64
12059	4	0x008e	64802	4	8
12060					4
12061	4	0x008e	16674	2	8
12062					2
12063	4	0x0082	0	8	16
12064					0
12069	4	0x008e	290	64	8
12070					64
12071	4	0x008e	16418	64	8
12072					64
12073	4	0x008e	32546	64	8
12074					64
12075	4	0x008e	48674	64	8
12076					64
12077	4	0x008e	64802	4	8
12078					4
12079	4	0x008e	16674	2	8
12080					2
12081	4	0x0082	0	8	16
12082					0
12087	4	0x008e	290	64	8
12088					64
12089	4	0x008e	16418	64	8
12090					64
12091	4	0x008e	32546	64	8
12092					64
12093	4	0x008e	48674	64	8
12094					64
12095	4	0x008e	64802	4	8
12096					4
12097	4	0x008e	16674	2	8
12098					2
12099	4	0x0082	0	8	16
12100					0
12105	4	0x008e	290	64	8
12106					64
12107	4	0x008e	16418	64	8
12108					64
12109	4	0x008e	32546	64	8
12110					64
12111	4	0x008e	48674	64	8
12112					64
12113	4	0x008e	64802	4	8
12114					4
12115	4	0x008e	16674	2	8
12116					2
12117	4	0x0082	0	8	16
12118					0
12123	4	0x008e	290	64	8
12124					64
12125	4	0x008e	16418	64	8
12126					64
12127	4	0x008e	32546	64	8
12128					64
12129	4	0x008e	48674	64	8
12130					64
12131	4	0x008e	64802	4	8
12132					4
12133	4	0x008e	16674	2	8
12134					2
12135	4	0x0082	0	8	16
12136					0
12141	4	0x008e	290	64	8
12142					64
12143	4	0x008e	16418	64	8
12144					64
12145	4	0x008e	32546	64	8
12146					64
12147	4	0x008e	48674	64	8
12148					64
12149	4	0x008e	64802	4	8
12150					4
12151	4	0x008e	16674	2	8
12152					2
12153	4	0x0082	0	8	16
12154					0
12159	4	0x008e	290	64	8
12160					64
12161	4	0x008e	16418	64	8
12162					64
12163	4	0x008e	32546	64	8
12164					64
12165	4	0x008e	48674	64	8
12166					64
12167	4	0x008e	64802	4	8
12168					4
12169	4	0x008e	16674	2	8
12170					2
12171	4	0x0082	0	8	16
12172					0
12177	4	0x008e	290	64	8
12178					64
12179	4	0x008e	16418	64	8
12180					64
12181	4	0x008e	32546	64	8
12182					64
12183	4	0x008e	48674	64	8
12184					64
12185	4	0x008e	64802	4	8
12186					4
12187	4	0x008e	16674	2	8
12188					2
12189	4	0x0082	0	8	16
12190					0
12195	4	0x008e	290	64	8
12196					64
12197	4	0x008e	16418	64	8
12198					64
12199	4	0x008e	32546	64	8
12200					64
12201	4	0x008e	48674	64	8
12202					64
12203	4	0x008e	64802	4	8
12204					4
12205	4	0x008e	16674	2	8
12206					2
12207	4	0x0082	0	8	16
12208					0
12213	4	0x008e	290	64	8
12214					64
12215	4	0x008e	16418	64	8
12216					64
12217	4	0x008e	32546	64	8
12218					64
12219	4	0x008e	48674	64	8
12220					64
12221	4	0x008e	64802	4	8
12222					4
12223	4	0x008e	16674	2	8
12224					2
12225	4	0x0082	0	8	16
12226					0
12231	4	0x008e	290	64	8
12232					64
12233	4	0x008e	16418	64	8
12234					64
12235	4	0x008e	32546	64	8
12236					64
12237	4	0x008e	48674	64	8
12238					64
12239	4	0x008e	64802	4	8
12240					4
12241	4	0x008e	16674	2	8
12242					2
12243	4	0x0082	0	8	16
12244					0
12249	4	0x008e	290	64	8
12250					64
12251	4	0x008e	16418	64	8
12252					64
12253	4	0x008e	32546	64	8
12254					64
12255	4	0x008e	48674	64	8
12256					64
12257	4	0x008e	64802	4	8
12258					4
12259	4	0x008e	16674	2	8
12260					2
12261	4	0x0082	0	8	16
12262					0
12267	4	0x008e	290	64	8
12268					64
12269	4	0x008e	16418	64	8
12270					64
12271	4	0x008e	32546	64	8
12272					64
12273	4	0x008e	48674	64	8
12274					64
12275	4	0x008e	64802	4	8
12276					4
12277	4	0x008e	16674	2	8
12278					2
12279	4	0x0082	0	8	16
12280					0
12285	4	0x008e	290	64	8
12286					64
12287	4	0x008e	16418	64	8
12288					64
12289	4	0x008e	32546	64	8
12290					64
12291	4	0x008e	48674	64	8
12292					64
12293	4	0x008e	64802	4	8
12294					4
12295	4	0x008e	16674	2	8
12296					2
12297	4	0x0082	0	8	16
12298					0
12303	4	0x008e	290	64	8
12304					64
12305	4	0x008e	16418	64	8
12306					64
12307	4	0x008e	32546	64	8
12308					64
12309	4	0x008e	48674	64	8
12310					64
12311	4	0x008e	64802	4	8
12312					4
12313	4	0x008e	16674	2	8
12314					2
12315	4	0x0082	0	8	16
12316					0
12321	4	0x008e	290	64	8
12322					64
12323	4	0x008e	16418	64	8
12324					64
12325	4	0x008e	32546	64	8
12326					64
12327	4	0x008e	48674	64	8
12328					64
12329	4	0x008e	64802	4	8
12330					4
12331	4	0x008e	16674	2	8
12332					2
12333	4	0x0082	0	8	16
12334					0
12339	4	0x008e	290	64	8
12340					64
12341	4	0x008e	16418	64	8
12342					64
12343	4	0x008e	32546	64	8
12344					64
12345	4	0x008e	48674	64	8
12346					64
12347	4	0x008e	64802	4	8
12348					4
12349	4	0x008e	16674	2	8
12350					2
12351	4	0x0082	0	8	16
12352					0
12357	4	0x008e	290	64	8
12358					64
12359	4	0x008e	16418	64	8
12360					64
12361	4	0x008e	32546	64	8
12362					64
12363	4	0x008e	48674	64	8
12364					64
12365	4	0x008e	64802	4	8
12366					4
12367	4	0x008e	16674	2	8
12368					2
12369	4	0x0082	0	8	16
12370					0
12375	4	0x008e	290	64	8
12376					64
12377	4	0x008e	16418	64	8
12378					64
12379	4	0x008e	32546	64	8
12380					64
12381	4	0x008e	48674	64	8
12382					64
12383	4	0x008e	64802	4	8
12384					4
12385	4	0x008e	16674	2	8
12386					2
12387	4	0x0082	0	8	16
12388					0
12393	4	0x008e	290	64	8
12394					64
12395	4	0x008e	16418	64	8
12396					64
12397	4	0x008e	32546	64	8
12398					64
12399	4	0x008e	48674	64	8
12400					64
12401	4	0x008e	64802	4	8
12402					4
12403	4	0x008e	16674	2	8
12404					2
12405	4	0x0082	0	8	16
12406					0
12411	4	0x008e	290	64	8
12412					64
12413	4	0x008e	16418	64	8
12414					64
12415	4	0x008e	32546	64	8
12416					64
12417	4	0x008e	48674	64	8
12418					64
12419	4	0x008e	64802	4	8
12420					4
12421	4	0x008e	16674	2	8
12422					2
12423	4	0x0082	0	8	16
12424					0
12429	4	0x008e	290	64	8
12430					64
12431	4	0x008e	16418	64	8
12432					64
12433	4	0x008e	32546	64	8
12434					64
12435	4	0x008e	48674	64	8
12436					64
12437	4	0x008e	64802	4	8
12438					4
12439	4	0x008e	16674	2	8
12440					2
12441	4	0x0082	0	8	16
12442					0
12447	4	0x008e	290	64	8
12448					64
12449	4	0x008e	16418	64	8
12450					64
12451	4	0x008e	32546	64	8
12452					64
12453	4	0x008e	48674	64	8
12454					64
12455	4	0x008e	64802	4	8
12456					4
12457	4	0x008e	16674	2	8
12458					2
12459	4	0x0082	0	8	16
12460					0
12465	4	0x008e	290	64	8
12466					64
12467	4	0x008e	16418	64	8
12468					64
12469	4	0x008e	32546	64	8
12470					64
12471	4	0x008e	48674	64	8
12472					64
12473	4	0x008e	64802	4	8
12474					4
12475	4	0x008e	16674	2	8
12476					2
12477	4	0x0082	0	8	16
12478					0
12483	4	0x008e	290	64	8
12484					64
12485	4	0x008e	16418	64	8
12486					64
12487	4	0x008e	32546	64	8
12488					64
12489	4	0x008e	48674	64	8
12490					64
12491	4	0x008e	64802	4	8
12492					4
12493	4	0x008e	16674	2	8
12494					2
12495	4	0x0082	0	8	16
12496					0
12501	4	0x008e	290	64	8
12502					64
12503	4	0x008e	16418	64	8
12504					64
12505	4	0x008e	32546	64	8
12506					64
12507	4	0x008e	48674	64	8
12508					64
12509	4	0x008e	64802	4	8
12510					4
12511	4	0x008e	16674	2	8
12512					2
12513	4	0x0082	0	8	16
12514					0
12519	4	0x008e	290	64	8
12520					64
12521	4	0x008e	16418	64	8
12522					64
12523	4	0x008e	32546	64	8
12524					64
12525	4	0x008e	48674	64	8
12526					64
12527	4	0x008e	64802	4	8
12528					4
12529	4	0x008e	16674	2	8
12530					2
12531	4	0x0082	0	8	16
12532					0
12537	4	0x008e	290	64	8
12538					64
12539	4	0x008e	16418	64	8
12540					64
12541	4	0x008e	32546	64	8
12542					64
12543	4	0x008e	48674	64	8
12544					64
12545	4	0x008e	64802	4	8
12546					4
12547	4	0x008e	16674	2	8
12548					2
12549	4	0x0082	0	8	16
12550					0
12555	4	0x008e	290	64	8
12556					64
12557	4	0x008e	16418	64	8
12558					64
12559	4	0x008e	32546	64	8
12560					64
12561	4	0x008e	48674	64	8
12562					64
12563	4	0x008e	64802	4	8
12564					4
12565	4	0x008e	16674	2	8
12566					2
12567	4	0x0082	0	8	16
12568					0
12573	4	0x008e	290	64	8
12574					64
12575	4	0x008e	16418	64	8
12576					64
12577	4	0x008e	32546	64	8
12578					64
12579	4	0x008e	48674	64	8
12580					64
12581	4	0x008e	64802	4	8
12582					4
12583	4	0x008e	16674	2	8
12584					2
12585	4	0x0082	0	8	16
12586					0
12591	4	0x008e	290	64	8
12592					64
12593	4	0x008e	16418	64	8
12594					64
12595	4	0x008e	32546	64	8
12596					64
12597	4	0x008e	48674	64	8
12598					64
12599	4	0x008e	64802	4	8
12600					4
12601	4	0x008e	16674	2	8
12602					2
12603	4	0x0082	0	8	16
12604					0
12609	4	0x008e	290	64	8
12610					64
12611	4	0x008e	16418	64	8
12612					64
12613	4	0x008e	32546	64	8
12614					64
12615	4	0x008e	48674	64	8
12616					64
12617	4	0x008e	64802	4	8
12618					4
12619	4	0x008e	16674	2	8
12620					2
12621	4	0x0082	0	8	16
12622					0
12627	4	0x008e	290	64	8
12628					64
12629	4	0x008e	16418	64	8
12630					64
12631	4	0x008e	32546	64	8
12632					64
12633	4	0x008e	48674	64	8
12634					64
12635	4	0x008e	64802	4	8
12636					4
12637	4	0x008e	16674	2	8
12638					2
12639	4	0x0082	0	8	16
12640					0
12645	4	0x008e	290	64	8
12646					64
12647	4	0x008e	16418	64	8
12648					64
12649	4	0x008e	32546	64	8
12650					64
12651	4	0x008e	48674	64	8
12652					64
12653	4	0x008e	64802	4	8
12654					4
12655	4	0x008e	16674	2	8
12656					2
12657	4	0x0082	0	8	16
12658					0
12663	4	0x008e	290	64	8
12664					64
12665	4	0x008e	16418	64	8
12666					64
12667	4	0x008e	32546	64	8
12668					64
12669	4	0x008e	48674	64	8
12670					64
12671	4	0x008e	64802	4	8
12672					4
12673	4	0x008e	16674	2	8
12674					2
12675	4	0x0082	0	8	16
12676					0
12681	4	0x008e	290	64	8
12682					64
12683	4	0x008e	16418	64	8
12684					64
12685	4	0x008e	32546	64	8
12686					64
12687	4	0x008e	48674	64	8
12688					64
12689	4	0x008e	64802	4	8
12690					4
12691	4	0x008e	16674	2	8
12692					2
12693	4	0x0082	0	8	16
12694					0
12699	4	0x008e	290	64	8
12700					64
12701	4	0x008e	16418	64	8
12702					64
12703	4	0x008e	32546	64	8
12704					64
12705	4	0x008e	48674	64	8
12706					64
12707	4	0x008e	64802	4	8
12708					4
12709	4	0x008e	16674	2	8
12710					2
12711	4	0x0082	0	8	16
12712					0
12717	4	0x008e	290	64	8
12718					64
12719	4	0x008e	16418	64	8
12720					64
12721	4	0x008e	32546	64	8
12722					64
12723	4	0x008e	48674	64	8
12724					64
12725	4	0x008e	64802	4	8
12726					4
12727	4	0x008e	16674	2	8
12728					2
12729	4	0x0082	0	8	16
12730					0
12735	4	0x008e	290	64	8
12736					64
12737	4	0x008e	16418	64	8
12738					64
12739	4	0x008e	32546	64	8
12740					64
12741	4	0x008e	48674	64	8
12742					64
12743	4	0x008e	64802	4	8
12744					4
12745	4	0x008e	16674	2	8
12746					2
12747	4	0x0082	0	8	16
12748					0
12753	4	0x008e	290	64	8
12754					64
12755	4	0x008e	16418	64	8
12756					64
12757	4	0x008e	32546	64	8
12758					64
12759	4	0x008e	48674	64	8
12760					64
12761	4	0x008e	64802	4	8
12762					4
12763	4	0x008e	16674	2	8
12764					2
12765	4	0x0082	0	8	16
12766					0
12771	4	0x008e	290	64	8
12772					64
12773	4	0x008e	16418	64	8
12774					64
12775	4	0x008e	32546	64	8
12776					64
12777	4	0x008e	48674	64	8
12778					64
12779	4	0x008e	64802	4	8
12780					4
12781	4	0x008e	16674	2	8
12782					2
12783	4	0x0082	0	8	16
12784					0
12789	4	0x008e	290	64	8
12790					64
12791	4	0x008e	16418	64	8
12792					64
12793	4	0x008e	32546	64	8
12794					64
12795	4	0x008e	48674	64	8
12796					64
12797	4	0x008e	64802	4	8
12798					4
12799	4	0x008e	16674	2	8
12800					2
12801	4	0x0082	0	8	16
12802					0
12807	4	0x008e	290	64	8
12808					64
12809	4	0x008e	16418	64	8
12810					64
12811	4	0x008e	32546	64	8
12812					64
12813	4	0x008e	48674	64	8
12814					64
12815	4	0x008e	64802	4	8
12816					4
12817	4	0x008e	16674	2	8
12818					2
12819	4	0x0082	0	8	16
12820					0
12825	4	0x008e	290	64	8
12826					64
12827	4	0x008e	16418	64	8
12828					64
12829	4	0x008e	32546	64	8
12830					64
12831	4	0x008e	48674	64	8
12832					64
12833	4	0x008e	64802	4	8
12834					4
12835	4	0x008e	16674	2	8
12836					2
12837	4	0x0082	0	8	16
12838					0
12843	4	0x008e	290	64	8
12844					64
12845	4	0x008e	16418	64	8
12846					64
12847	4	0x008e	32546	64	8
12848					64
12849	4	0x008e	48674	64	8
12850					64
12851	4	0x008e	64802	4	8
12852					4
12853	4	0x008e	16674	2	8
12854					2
12855	4	0x0082	0	8	16
12856					0
12861	4	0x008e	290	64	8
12862					64
12863	4	0x008e	16418	64	8
12864					64
12865	4	0x008e	32546	64	8
12866					64
12867	4	0x008e	48674	64	8
12868					64
12869	4	0x008e	64802	4	8
12870					4
12871	4	0x008e	16674	2	8
12872					2
12873	4	0x0082	0	8	16
12874					0
12879	4	0x008e	290	64	8
12880					64
12881	4	0x008e	16418	64	8
12882					64
12883	4	0x008e	32546	64	8
12884					64
12885	4	0x008e	48674	64	8
12886					64
12887	4	0x008e	64802	4	8
12888					4
12889	4	0x008e	16674	2	8
12890					2
12891	4	0x0082	0	8	16
12892					0
12897	4	0x008e	290	64	8
12898					64
12899	4	0x008e	16418	64	8
12900					64
12901	4	0x008e	32546	64	8
12902					64
12903	4	0x008e	48674	64	8
12904					64
12905	4	0x008e	64802	4	8
12906					4
12907	4	0x008e	16674	2	8
12908					2
12909	4	0x0082	0	8	16
12910					0
12915	4	0x008e	290	64	8
12916					64
12917	4	0x008e	16418	64	8
12918					64
12919	4	0x008e	32546	64	8
12920					64
12921	4	0x008e	48674	64	8
12922					64
12923	4	0x008e	64802	4	8
12924					4
12925	4	0x008e	16674	2	8
12926					2
12927	4	0x0082	0	8	16
12928					0
12933	4	0x008e	290	64	8
12934					64
12935	4	0x008e	16418	64	8
12936					64
12937	4	0x008e	32546	64	8
12938					64
12939	4	0x008e	48674	64	8
12940					64
12941	4	0x008e	64802	4	8
12942					4
12943	4	0x008e	16674	2	8
12944					2
12945	4	0x0082	0	8	16
12946					0
12951	4	0x008e	290	64	8
12952					64
12953	4	0x008e	16418	64	8
12954					64
12955	4	0x008e	32546	64	8
12956					64
12957	4	0x008e	48674	64	8
12958					64
12959	4	0x008e	64802	4	8
12960					4
12961	4	0x008e	16674	2	8
12962					2
12963	4	0x0082	0	8	16
12964					0
12969	4	0x008e	290	64	8
12970					64
12971	4	0x008e	16418	64	8
12972					64
12973	4	0x008e	32546	64	8
12974					64
12975	4	0x008e	48674	64	8
12976					64
12977	4	0x008e	64802	4	8
12978					4
12979	4	0x008e	16674	2	8
12980					2
12981	4	0x0082	0	8	16
12982					0
12987	4	0x008e	290	64	8
12988					64
12989	4	0x008e	16418	64	8
12990					64
12991	4	0x008e	32546	64	8
12992					64
12993	4	0x008e	48674	64	8
12994					64
12995	4	0x008e	64802	4	8
12996					4
12997	4	0x008e	16674	2	8
12998					2
12999	4	0x0082	0	8	16
13000					0
13005	4	0x008e	290	64	8
13006					64
13007	4	0x008e	16418	64	8
13008					64
13009	4	0x008e	32546	64	8
13010					64
13011	4	0x008e	48674	64	8
13012					64
13013	4	0x008e	64802	4	8
13014					4
13015	4	0x008e	16674	2	8
13016					2
13017	4	0x0082	0	8	16
13018					0
13023	4	0x008e	290	64	8
13024					64
13025	4	0x008e	16418	64	8
13026					64
13027	4	0x008e	32546	64	8
13028					64
13029	4	0x008e	48674	64	8
13030					64
13031	4	0x008e	64802	4	8
13032					4
13033	4	0x008e	16674	2	8
13034					2
13035	4	0x0082	0	8	16
13036					0
13041	4	0x008e	290	64	8
13042					64
13043	4	0x008e	16418	64	8
13044					64
13045	4	0x008e	32546	64	8
13046					64
13047	4	0x008e	48674	64	8
13048					64
13049	4	0x008e	64802	4	8
13050					4
13051	4	0x008e	16674	2	8
13052					2
13053	4	0x0082	0	8	16
13054					0
13059	4	0x008e	290	64	8
13060					64
13061	4	0x008e	16418	64	8
13062					64
13063	4	0x008e	32546	64	8
13064					64
13065	4	0x008e	48674	64	8
13066					64
13067	4	0x008e	64802	4	8
13068					4
13069	4	0x008e	16674	2	8
13070					2
13071	4	0x0082	0	8	16
13072					0
13077	4	0x008e	290	64	8
13078					64
13079	4	0x008e	16418	64	8
13080					64
13081	4	0x008e	32546	64	8
13082					64
13083	4	0x008e	48674	64	8
13084					64
13085	4	0x008e	64802	4	8
13086					4
13087	4	0x008e	16674	2	8
13088					2
13089	4	0x0082	0	8	16
13090					0
13095	4	0x008e	290	64	8
13096					64
13097	4	0x008e	16418	64	8
13098					64
13099	4	0x008e	32546	64	8
13100					64
13101	4	0x008e	48674	64	8
13102					64
13103	4	0x008e	64802	4	8
13104					4
13105	4	0x008e	16674	2	8
13106					2
13107	4	0x0082	0	8	16
13108					0
13113	4	0x008e	290	64	8
13114					64
13115	4	0x008e	16418	64	8
13116					64
13117	4	0x008e	32546	64	8
13118					64
13119	4	0x008e	48674	64	8
13120					64
13121	4	0x008e	64802	4	8
13122					4
13123	4	0x008e	16674	2	8
13124					2
13125	4	0x0082	0	8	16
13126					0
13131	4	0x008e	290	64	8
13132					64
13133	4	0x008e	16418	64	8
13134					64
13135	4	0x008e	32546	64	8
13136					64
13137	4	0x008e	48674	64	8
13138					64
13139	4	0x008e	64802	4	8
13140					4
13141	4	0x008e	16674	2	8
13142					2
13143	4	0x0082	0	8	16
13144					0
13149	4	0x008e	290	64	8
13150					64
13151	4	0x008e	16418	64	8
13152					64
13153	4	0x008e	32546	64	8
13154					64
13155	4	0x008e	48674	64	8
13156					64
13157	4	0x008e	64802	4	8
13158					4
13159	4	0x008e	16674	2	8
13160					2
13161	4	0x0082	0	8	16
13162					0
13167	4	0x008e	290	64	8
13168					64
13169	4	0x008e	16418	64	8
13170					64
13171	4	0x008e	32546	64	8
13172					64
13173	4	0x008e	48674	64	8
13174					64
13175	4	0x008e	64802	4	8
13176					4
13177	4	0x008e	16674	2	8
13178					2
13179	4	0x0082	0	8	16
13180					0
13185	4	0x008e	290	64	8
13186					64
13187	4	0x008e	16418	64	8
13188					64
13189	4	0x008e	32546	64	8
13190					64
13191	4	0x008e	48674	64	8
13192					64
13193	4	0x008e	64802	4	8
13194					4
13195	4	0x008e	16674	2	8
13196					2
13197	4	0x0082	0	8	16
13198					0
13203	4	0x008e	290	64	8
13204					64
13205	4	0x008e	16418	64	8
13206					64
13207	4	0x008e	32546	64	8
13208					64
13209	4	0x008e	48674	64	8
13210					64
13211	4	0x008e	64802	4	8
13212					4
13213	4	0x008e	16674	2	8
13214					2
13215	4	0x0082	0	8	16
13216					0
13221	4	0x008e	290	64	8
13222					64
13223	4	0x008e	16418	64	8
13224					64
13225	4	0x008e	32546	64	8
13226					64
13227	4	0x008e	48674	64	8
13228					64
13229	4	0x008e	64802	4	8
13230					4
13231	4	0x008e	16674	2	8
13232					2
13233	4	0x0082	0	8	16
13234					0
13239	4	0x008e	290	64	8
13240					64
13241	4	0x008e	16418	64	8
13242					64
13243	4	0x008e	32546	64	8
13244					64
13245	4	0x008e	48674	64	8
13246					64
13247	4	0x008e	64802	4	8
13248					4
13249	4	0x008e	16674	2	8
13250					2
13251	4	0x0082	0	8	16
13252					0
13257	4	0x008e	290	64	8
13258					64
13259	4	0x008e	16418	64	8
13260					64
13261	4	0x008e	32546	64	8
13262					64
13263	4	0x008e	48674	64	8
13264					64
13265	4	0x008e	64802	4	8
13266					4
13267	4	0x008e	16674	2	8
13268					2
13269	4	0x0082	0	8	16
13270					0
13275	4	0x008e	290	64	8
13276					64
13277	4	0x008e	16418	64	8
13278					64
13279	4	0x008e	32546	64	8
13280					64
13281	4	0x008e	48674	64	8
13282					64
13283	4	0x008e	64802	4	8
13284					4
13285	4	0x008e	16674	2	8
13286					2
13287	4	0x0082	0	8	16
13288					0
13293	4	0x008e	290	64	8
13294					64
13295	4	0x008e	16418	64	8
13296					64
13297	4	0x008e	32546	64	8
13298					64
13299	4	0x008e	48674	64	8
13300					64
13301	4	0x008e	64802	4	8
13302					4
13303	4	0x008e	16674	2	8
13304					2
13305	4	0x0082	0	8	16
13306					0
13311	4	0x008e	290	64	8
13312					64
13313	4	0x008e	16418	64	8
13314					64
13315	4	0x008e	32546	64	8
13316					64
13317	4	0x008e	48674	64	8
13318					64
13319	4	0x008e	64802	4	8
13320					4
13321	4	0x008e	16674	2	8
13322					2
13323	4	0x0082	0	8	16
13324					0
13329	4	0x008e	290	64	8
13330					64
13331	4	0x008e	16418	64	8
13332					64
13333	4	0x008e	32546	64	8
13334					64
13335	4	0x008e	48674	64	8
13336					64
13337	4	0x008e	64802	4	8
13338					4
13339	4	0x008e	16674	2	8
13340					2
13341	4	0x0082	0	8	16
13342					0
13347	4	0x008e	290	64	8
13348					64
13349	4	0x008e	16418	64	8
13350					64
13351	4	0x008e	32546	64	8
13352					64
13353	4	0x008e	48674	64	8
13354					64
13355	4	0x008e	64802	4	8
13356					4
13357	4	0x008e	16674	2	8
13358					2
13359	4	0x0082	0	8	16
13360					0
13365	4	0x008e	290	64	8
13366					64
13367	4	0x008e	16418	64	8
13368					64
13369	4	0x008e	32546	64	8
13370					64
13371	4	0x008e	48674	64	8
13372					64
13373	4	0x008e	64802	4	8
13374					4
13375	4	0x008e	16674	2	8
13376					2
13377	4	0x0082	0	8	16
13378					0
13383	4	0x008e	290	64	8
13384					64
13385	4	0x008e	16418	64	8
13386					64
13387	4	0x008e	32546	64	8
13388					64
13389	4	0x008e	48674	64	8
13390					64
13391	4	0x008e	64802	4	8
13392					4
13393	4	0x008e	16674	2	8
13394					2
13395	4	0x0082	0	8	16
13396					0
13401	4	0x008e	290	64	8
13402					64
13403	4	0x008e	16418	64	8
13404					64
13405	4	0x008e	32546	64	8
13406					64
13407	4	0x008e	48674	64	8
13408					64
13409	4	0x008e	64802	4	8
13410					4
13411	4	0x008e	16674	2	8
13412					2
13413	4	0x0082	0	8	16
13414					0
13419	4	0x008e	290	64	8
13420					64
13421	4	0x008e	16418	64	8
13422					64
13423	4	0x008e	32546	64	8
13424					64
13425	4	0x008e	48674	64	8
13426					64
13427	4	0x008e	64802	4	8
13428					4
13429	4	0x008e	16674	2	8
13430					2
13431	4	0x0082	0	8	16
13432					0
13437	4	0x008e	290	64	8
13438					64
13439	4	0x008e	16418	64	8
13440					64
13441	4	0x008e	32546	64	8
13442					64
13443	4	0x008e	48674	64	8
13444					64
13445	4	0x008e	64802	4	8
13446					4
13447	4	0x008e	16674	2	8
13448					2
13449	4	0x0082	0	8	16
13450					0
13455	4	0x008e	290	64	8
13456					64
13457	4	0x008e	16418	64	8
13458					64
13459	4	0x008e	32546	64	8
13460					64
13461	4	0x008e	48674	64	8
13462					64
13463	4	0x008e	64802	4	8
13464					4
13465	4	0x008e	16674	2	8
13466					2
13467	4	0x0082	0	8	16
13468					0
13473	4	0x008e	290	64	8
13474					64
13475	4	0x008e	16418	64	8
13476					64
13477	4	0x008e	32546	64	8
13478					64
13479	4	0x008e	48674	64	8
13480					64
13481	4	0x008e	64802	4	8
13482					4
13483	4	0x008e	16674	2	8
13484					2
13485	4	0x0082	0	8	16
13486					0
13491	4	0x008e	290	64	8
13492					64
13493	4	0x008e	16418	64	8
13494					64
13495	4	0x008e	32546	64	8
13496					64
13497	4	0x008e	48674	64	8
13498					64
13499	4	0x008e	64802	4	8
13500					4
13501	4	0x008e	16674	2	8
13502					2
13503	4	0x0082	0	8	16
13504					0
13509	4	0x008e	290	64	8
13510					64
13511	4	0x008e	16418	64	8
13512					64
13513	4	0x008e	32546	64	8
13514					64
13515	4	0x008e	48674	64	8
13516					64
13517	4	0x008e	64802	4	8
13518					4
13519	4	0x008e	16674	2	8
13520					2
13521	4	0x0082	0	8	16
13522					0
13527	4	0x008e	290	64	8
13528					64
13529	4	0x008e	16418	64	8
13530					64
13531	4	0x008e	32546	64	8
13532					64
13533	4	0x008e	48674	64	8
13534					64
13535	4	0x008e	64802	4	8
13536					4
13537	4	0x008e	16674	2	8
13538					2
13539	4	0x0082	0	8	16
13540					0
13545	4	0x008e	290	64	8
13546					64
13547	4	0x008e	16418	64	8
13548					64
13549	4	0x008e	32546	64	8
13550					64
13551	4	0x008e	48674	64	8
13552					64
13553	4	0x008e	64802	4	8
13554					4
13555	4	0x008e	16674	2	8
13556					2
13557	4	0x0082	0	8	16
13558					0
13563	4	0x008e	290	64	8
13564					64
13565	4	0x008e	16418	64	8
13566					64
13567	4	0x008e	32546	64	8
13568					64
13569	4	0x008e	48674	64	8
13570					64
13571	4	0x008e	64802	4	8
13572					4
13573	4	0x008e	16674	2	8
13574					2
13575	4	0x0082	0	8	16
13576					0
13581	4	0x008e	290	64	8
13582					64
13583	4	0x008e	16418	64	8
13584					64
13585	4	0x008e	32546	64	8
13586					64
13587	4	0x008e	48674	64	8
13588					64
13589	4	0x008e	64802	4	8
13590					4
13591	4	0x008e	16674	2	8
13592					2
13593	4	0x0082	0	8	16
13594					0
13599	4	0x008e	290	64	8
13600					64
13601	4	0x008e	16418	64	8
13602					64
13603	4	0x008e	32546	64	8
13604					64
13605	4	0x008e	48674	64	8
13606					64
13607	4	0x008e	64802	4	8
13608					4
13609	4	0x008e	16674	2	8
13610					2
13611	4	0x0082	0	8	16
13612					0
13617	4	0x008e	290	64	8
13618					64
13619	4	0x008e	16418	64	8
13620					64
13621	4	0x008e	32546	64	8
13622					64
13623	4	0x008e	48674	64	8
13624					64
13625	4	0x008e	64802	4	8
13626					4
13627	4	0x008e	16674	2	8
13628					2
13629	4	0x0082	0	8	16
13630					0
13635	4	0x008e	290	64	8
13636					64
13637	4	0x008e	16418	64	8
13638					64
13639	4	0x008e	32546	64	8
13640					64
13641	4	0x008e	48674	64	8
13642					64
13643	4	0x008e	64802	4	8
13644					4
13645	4	0x008e	16674	2	8
13646					2
13647	4	0x0082	0	8	16
13648					0
13653	4	0x008e	290	64	8
13654					64
13655	4	0x008e	16418	64	8
13656					64
13657	4	0x008e	32546	64	8
13658					64
13659	4	0x008e	48674	64	8
13660					64
13661	4	0x008e	64802	4	8
13662					4
13663	4	0x008e	16674	2	8
13664					2
13665	4	0x0082	0	8	16
13666					0
13671	4	0x008e	290	64	8
13672					64
13673	4	0x008e	16418	64	8
13674					64
13675	4	0x008e	32546	64	8
13676					64
13677	4	0x008e	48674	64	8
13678					64
13679	4	0x008e	64802	4	8
13680					4
13681	4	0x008e	16674	2	8
13682					2
13683	4	0x0082	0	8	16
13684					0
13689	4	0x008e	290	64	8
13690					64
13691	4	0x008e	16418	64	8
13692					64
13693	4	0x008e	32546	64	8
13694					64
13695	4	0x008e	48674	64	8
13696					64
13697	4	0x008e	64802	4	8
13698					4
13699	4	0x008e	16674	2	8
13700					2
13701	4	0x0082	0	8	16
13702					0
13707	4	0x008e	290	64	8
13708					64
13709	4	0x008e	16418	64	8
13710					64
13711	4	0x008e	32546	64	8
13712					64
13713	4	0x008e	48674	64	8
13714					64
13715	4	0x008e	64802	4	8
13716					4
13717	4	0x008e	16674	2	8
13718					2
13719	4	0x0082	0	8	16
13720					0
13725	4	0x008e	290	64	8
13726					64
13727	4	0x008e	16418	64	8
13728					64
13729	4	0x008e	32546	64	8
13730					64
13731	4	0x008e	48674	64	8
13732					64
13733	4	0x008e	64802	4	8
13734					4
13735	4	0x008e	16674	2	8
13736					2
13737	4	0x0082	0	8	16
13738					0
13743	4	0x008e	290	64	8
13744					64
13745	4	0x008e	16418	64	8
13746					64
13747	4	0x008e	32546	64	8
13748					64
13749	4	0x008e	48674	64	8
13750					64
13751	4	0x008e	64802	4	8
13752					4
13753	4	0x008e	16674	2	8
13754					2
13755	4	0x0082	0	8	16
13756					0
13761	4	0x008e	290	64	8
13762					64
13763	4	0x008e	16418	64	8
13764					64
13765	4	0x008e	32546	64	8
13766					64
13767	4	0x008e	48674	64	8
13768					64
13769	4	0x008e	64802	4	8
13770					4
13771	4	0x008e	16674	2	8
13772					2
13773	4	0x0082	0	8	16
13774					0
13779	4	0x008e	290	64	8
13780					64
13781	4	0x008e	16418	64	8
13782					64
13783	4	0x008e	32546	64	8
13784					64
13785	4	0x008e	48674	64	8
13786					64
13787	4	0x008e	64802	4	8
13788					4
13789	4	0x008e	16674	2	8
13790					2
13791	4	0x0082	0	8	16
13792					0
13797	4	0x008e	290	64	8
13798					64
13799	4	0x008e	16418	64	8
13800					64
13801	4	0x008e	32546	64	8
13802					64
13803	4	0x008e	48674	64	8
13804					64
13805	4	0x008e	64802	4	8
13806					4
13807	4	0x008e	16674	2	8
13808					2
13809	4	0x0082	0	8	16
13810					0
13815	4	0x008e	290	64	8
13816					64
13817	4	0x008e	16418	64	8
13818					64
13819	4	0x008e	32546	64	8
13820					64
13821	4	0x008e	48674	64	8
13822					64
13823	4	0x008e	64802	4	8
13824					4
13825	4	0x008e	16674	2	8
13826					2
13827	4	0x0082	0	8	16
13828					0
13833	4	0x008e	290	64	8
13834					64
13835	4	0x008e	16418	64	8
13836					64
13837	4	0x008e	32546	64	8
13838					64
13839	4	0x008e	48674	64	8
13840					64
13841	4	0x008e	64802	4	8
13842					4
13843	4	0x008e	16674	2	8
13844					2
13845	4	0x0082	0	8	16
13846					0
13851	4	0x008e	290	64	8
13852					64
13853	4	0x008e	16418	64	8
13854					64
13855	4	0x008e	32546	64	8
13856					64
13857	4	0x008e	48674	64	8
13858					64
13859	4	0x008e	64802	4	8
13860					4
13861	4	0x008e	16674	2	8
13862					2
13863	4	0x0082	0	8	16
13864					0
13869	4	0x008e	290	64	8
13870					64
13871	4	0x008e	16418	64	8
13872					64
13873	4	0x008e	32546	64	8
13874					64
13875	4	0x008e	48674	64	8
13876					64
13877	4	0x008e	64802	4	8
13878					4
13879	4	0x008e	16674	2	8
13880					2
13881	4	0x0082	0	8	16
13882					0
13887	4	0x008e	290	64	8
13888					64
13889	4	0x008e	16418	64	8
13890					64
13891	4	0x008e	32546	64	8
13892					64
13893	4	0x008e	48674	64	8
13894					64
13895	4	0x008e	64802	4	8
13896					4
13897	4	0x008e	16674	2	8
13898					2
13899	4	0x0082	0	8	16
13900					0
13905	4	0x008e	290	64	8
13906					64
13907	4	0x008e	16418	64	8
13908					64
13909	4	0x008e	32546	64	8
13910					64
13911	4	0x008e	48674	64	8
13912					64
13913	4	0x008e	64802	4	8
13914					4
13915	4	0x008e	16674	2	8
13916					2
13917	4	0x0082	0	8	16
13918					0
13923	4	0x008e	290	64	8
13924					64
13925	4	0x008e	16418	64	8
13926					64
13927	4	0x008e	32546	64	8
13928					64
13929	4	0x008e	48674	64	8
13930					64
13931	4	0x008e	64802	4	8
13932					4
13933	4	0x008e	16674	2	8
13934					2
13935	4	0x0082	0	8	16
13936					0
13941	4	0x008e	290	64	8
13942					64
13943	4	0x008e	16418	64	8
13944					64
13945	4	0x008e	32546	64	8
13946					64
13947	4	0x008e	48674	64	8
13948					64
13949	4	0x008e	64802	4	8
13950					4
13951	4	0x008e	16674	2	8
13952					2
13953	4	0x0082	0	8	16
13954					0
13959	4	0x008e	290	64	8
13960					64
13961	4	0x008e	16418	64	8
13962					64
13963	4	0x008e	32546	64	8
13964					64
13965	4	0x008e	48674	64	8
13966					64
13967	4	0x008e	64802	4	8
13968					4
13969	4	0x008e	16674	2	8
13970					2
13971	4	0x0082	0	8	16
13972					0
13977	4	0x008e	290	64	8
13978					64
13979	4	0x008e	16418	64	8
13980					64
13981	4	0x008e	32546	64	8
13982					64
13983	4	0x008e	48674	64	8
13984					64
13985	4	0x008e	64802	4	8
13986					4
13987	4	0x008e	16674	2	8
13988					2
13989	4	0x0082	0	8	16
13990					0
13995	4	0x008e	290	64	8
13996					64
13997	4	0x008e	16418	64	8
13998					64
13999	4	0x008e	32546	64	8
14000					64
14001	4	0x008e	48674	64	8
14002					64
14003	4	0x008e	64802	4	8
14004					4
14005	4	0x008e	16674	2	8
14006					2
14007	4	0x0082	0	8	16
14008					0
14013	4	0x008e	290	64	8
14014					64
14015	4	0x008e	16418	64	8
14016					64
14017	4	0x008e	32546	64	8
14018					64
14019	4	0x008e	48674	64	8
14020					64
14021	4	0x008e	64802	4	8
14022					4
14023	4	0x008e	16674	2	8
14024					2
14025	4	0x0082	0	8	16
14026					0
14031	4	0x008e	290	64	8
14032					64
14033	4	0x008e	16418	64	8
14034					64
14035	4	0x008e	32546	64	8
14036					64
14037	4	0x008e	48674	64	8
14038					64
14039	4	0x008e	64802	4	8
14040					4
14041	4	0x008e	16674	2	8
14042					2
14043	4	0x0082	0	8	16
14044					0
14049	4	0x008e	290	64	8
14050					64
14051	4	0x008e	16418	64	8
14052					64
14053	4	0x008e	32546	64	8
14054					64
14055	4	0x008e	48674	64	8
14056					64
14057	4	0x008e	64802	4	8
14058					4
14059	4	0x008e	16674	2	8
14060					2
14061	4	0x0082	0	8	16
14062					0
14067	4	0x008e	290	64	8
14068					64
14069	4	0x008e	16418	64	8
14070					64
14071	4	0x008e	32546	64	8
14072					64
14073	4	0x008e	48674	64	8
14074					64
14075	4	0x008e	64802	4	8
14076					4
14077	4	0x008e	16674	2	8
14078					2
14079	4	0x0082	0	8	16
14080					0
14085	4	0x008e	290	64	8
14086					64
14087	4	0x008e	16418	64	8
14088					64
14089	4	0x008e	32546	64	8
14090					64
14091	4	0x008e	48674	64	8
14092					64
14093	4	0x008e	64802	4	8
14094					4
14095	4	0x008e	16674	2	8
14096					2
14097	4	0x0082	0	8	16
14098					0
14103	4	0x008e	290	64	8
14104					64
14105	4	0x008e	16418	64	8
14106					64
14107	4	0x008e	32546	64	8
14108					64
14109	4	0x008e	48674	64	8
14110					64
14111	4	0x008e	64802	4	8
14112					4
14113	4	0x008e	16674	2	8
14114					2
14115	4	0x0082	0	8	16
14116					0
14121	4	0x008e	290	64	8
14122					64
14123	4	0x008e	16418	64	8
14124					64
14125	4	0x008e	32546	64	8
14126					64
14127	4	0x008e	48674	64	8
14128					64
14129	4	0x008e	64802	4	8
14130					4
14131	4	0x008e	16674	2	8
14132					2
14133	4	0x0082	0	8	16
14134					0
14139	4	0x008e	290	64	8
14140					64
14141	4	0x008e	16418	64	8
14142					64
14143	4	0x008e	32546	64	8
14144					64
14145	4	0x008e	48674	64	8
14146					64
14147	4	0x008e	64802	4	8
14148					4
14149	4	0x008e	16674	2	8
14150					2
14151	4	0x0082	0	8	16
14152					0
14157	4	0x008e	290	64	8
14158					64
14159	4	0x008e	16418	64	8
14160					64
14161	4	0x008e	32546	64	8
14162					64
14163	4	0x008e	48674	64	8
14164					64
14165	4	0x008e	64802	4	8
14166					4
14167	4	0x008e	16674	2	8
14168					2
14169	4	0x0082	0	8	16
14170					0
14175	4	0x008e	290	64	8
14176					64
14177	4	0x008e	16418	64	8
14178					64
14179	4	0x008e	32546	64	8
14180					64
14181	4	0x008e	48674	64	8
14182					64
14183	4	0x008e	64802	4	8
14184					4
14185	4	0x008e	16674	2	8
14186					2
14187	4	0x0082	0	8	16
14188					0
14193	4	0x008e	290	64	8
14194					64
14195	4	0x008e	16418	64	8
14196					64
14197	4	0x008e	32546	64	8
14198					64
14199	4	0x008e	48674	64	8
14200					64
14201	4	0x008e	64802	4	8
14202					4
14203	4	0x008e	16674	2	8
14204					2
14205	4	0x0082	0	8	16
14206					0
14211	4	0x008e	290	64	8
14212					64
14213	4	0x008e	16418	64	8
14214					64
14215	4	0x008e	32546	64	8
14216					64
14217	4	0x008e	48674	64	8
14218					64
14219	4	0x008e	64802	4	8
14220					4
14221	4	0x008e	16674	2	8
14222					2
14223	4	0x0082	0	8	16
14224					0
14229	4	0x008e	290	64	8
14230					64
14231	4	0x008e	16418	64	8
14232					64
14233	4	0x008e	32546	64	8
14234					64
14235	4	0x008e	48674	64	8
14236					64
14237	4	0x008e	64802	4	8
14238					4
14239	4	0x008e	16674	2	8
14240					2
14241	4	0x0082	0	8	16
14242					0
14247	4	0x008e	290	64	8
14248					64
14249	4	0x008e	16418	64	8
14250					64
14251	4	0x008e	32546	64	8
14252					64
14253	4	0x008e	48674	64	8
14254					64
14255	4	0x008e	64802	4	8
14256					4
14257	4	0x008e	16674	2	8
14258					2
14259	4	0x0082	0	8	16
14260					0
14265	4	0x008e	290	64	8
14266					64
14267	4	0x008e	16418	64	8
14268					64
14269	4	0x008e	32546	64	8
14270					64
14271	4	0x008e	48674	64	8
14272					64
14273	4	0x008e	64802	4	8
14274					4
14275	4	0x008e	16674	2	8
14276					2
14277	4	0x0082	0	8	16
14278					0
14283	4	0x008e	290	64	8
14284					64
14285	4	0x008e	16418	64	8
14286					64
14287	4	0x008e	32546	64	8
14288					64
14289	4	0x008e	48674	64	8
14290					64
14291	4	0x008e	64802	4	8
14292					4
14293	4	0x008e	16674	2	8
14294					2
14295	4	0x0082	0	8	16
14296					0
14301	4	0x008e	290	64	8
14302					64
14303	4	0x008e	16418	64	8
14304					64
14305	4	0x008e	32546	64	8
14306					64
14307	4	0x008e	48674	64	8
14308					64
14309	4	0x008e	64802	4	8
14310					4
14311	4	0x008e	16674	2	8
14312					2
14313	4	0x0082	0	8	16
14314					0
14319	4	0x008e	290	64	8
14320					64
14321	4	0x008e	16418	64	8
14322					64
14323	4	0x008e	32546	64	8
14324					64
14325	4	0x008e	48674	64	8
14326					64
14327	4	0x008e	64802	4	8
14328					4
14329	4	0x008e	16674	2	8
14330					2
14331	4	0x0082	0	8	16
14332					0
14337	4	0x008e	290	64	8
14338					64
14339	4	0x008e	16418	64	8
14340					64
14341	4	0x008e	32546	64	8
14342					64
14343	4	0x008e	48674	64	8
14344					64
14345	4	0x008e	64802	4	8
14346					4
14347	4	0x008e	16674	2	8
14348					2
14349	4	0x0082	0	8	16
14350					0
14355	4	0x008e	290	64	8
14356					64
14357	4	0x008e	16418	64	8
14358					64
14359	4	0x008e	32546	64	8
14360					64
14361	4	0x008e	48674	64	8
14362					64
14363	4	0x008e	64802	4	8
14364					4
14365	4	0x008e	16674	2	8
14366					2
14367	4	0x0082	0	8	16
14368					0
14373	4	0x008e	290	64	8
14374					64
14375	4	0x008e	16418	64	8
14376					64
14377	4	0x008e	32546	64	8
14378					64
14379	4	0x008e	48674	64	8
14380					64
14381	4	0x008e	64802	4	8
14382					4
14383	4	0x008e	16674	2	8
14384					2
14385	4	0x0082	0	8	16
14386					0
14391	4	0x008e	290	64	8
14392					64
14393	4	0x008e	16418	64	8
14394					64
14395	4	0x008e	32546	64	8
14396					64
14397	4	0x008e	48674	64	8
14398					64
14399	4	0x008e	64802	4	8
14400					4
14401	4	0x008e	16674	2	8
14402					2
14403	4	0x0082	0	8	16
14404					0
14409	4	0x008e	290	64	8
14410					64
14411	4	0x008e	16418	64	8
14412					64
14413	4	0x008e	32546	64	8
14414					64
14415	4	0x008e	48674	64	8
14416					64
14417	4	0x008e	64802	4	8
14418					4
14419	4	0x008e	16674	2	8
14420					2
14421	4	0x0082	0	8	16
14422					0
14427	4	0x008e	290	64	8
14428					64
14429	4	0x008e	16418	64	8
14430					64
14431	4	0x008e	32546	64	8
14432					64
14433	4	0x008e	48674	64	8
14434					64
14435	4	0x008e	64802	4	8
14436					4
14437	4	0x008e	16674	2	8
14438					2
14439	4	0x0082	0	8	16
14440					0
14445	4	0x008e	290	64	8
14446					64
14447	4	0x008e	16418	64	8
14448					64
14449	4	0x008e	32546	64	8
14450					64
14451	4	0x008e	48674	64	8
14452					64
14453	4	0x008e	64802	4	8
14454					4
14455	4	0x008e	16674	2	8
14456					2
14457	4	0x0082	0	8	16
14458					0
14463	4	0x008e	290	64	8
14464					64
14465	4	0x008e	16418	64	8
14466					64
14467	4	0x008e	32546	64	8
14468					64
14469	4	0x008e	48674	64	8
14470					64
14471	4	0x008e	64802	4	8
14472					4
14473	4	0x008e	16674	2	8
14474					2
14475	4	0x0082	0	8	16
14476					0
14481	4	0x008e	290	64	8
14482					64
14483	4	0x008e	16418	64	8
14484					64
14485	4	0x008e	32546	64	8
14486					64
14487	4	0x008e	48674	64	8
14488					64
14489	4	0x008e	64802	4	8
14490					4
14491	4	0x008e	16674	2	8
14492					2
14493	4	0x0082	0	8	16
14494					0
14499	4	0x008e	290	64	8
14500					64
14501	4	0x008e	16418	64	8
14502					64
14503	4	0x008e	32546	64	8
14504					64
14505	4	0x008e	48674	64	8
14506					64
14507	4	0x008e	64802	4	8
14508					4
14509	4	0x008e	16674	2	8
14510					2
14511	4	0x0082	0	8	16
14512					0
14517	4	0x008e	290	64	8
14518					64
14519	4	0x008e	16418	64	8
14520					64
14521	4	0x008e	32546	64	8
14522					64
14523	4	0x008e	48674	64	8
14524					64
14525	4	0x008e	64802	4	8
14526					4
14527	4	0x008e	16674	2	8
14528					2
14529	4	0x0082	0	8	16
14530					0
14535	4	0x008e	290	64	8
14536					64
14537	4	0x008e	16418	64	8
14538					64
14539	4	0x008e	32546	64	8
14540					64
14541	4	0x008e	48674	64	8
14542					64
14543	4	0x008e	64802	4	8
14544					4
14545	4	0x008e	16674	2	8
14546					2
14547	4	0x0082	0	8	16
14548					0
14553	4	0x008e	290	64	8
14554					64
14555	4	0x008e	16418	64	8
14556					64
14557	4	0x008e	32546	64	8
14558					64
14559	4	0x008e	48674	64	8
14560					64
14561	4	0x008e	64802	4	8
14562					4
14563	4	0x008e	16674	2	8
14564					2
14565	4	0x0082	0	8	16
14566					0
14571	4	0x008e	290	64	8
14572					64
14573	4	0x008e	16418	64	8
14574					64
14575	4	0x008e	32546	64	8
14576					64
14577	4	0x008e	48674	64	8
14578					64
14579	4	0x008e	64802	4	8
14580					4
14581	4	0x008e	16674	2	8
14582					2
14583	4	0x0082	0	8	16
14584					0
14589	4	0x008e	290	64	8
14590					64
14591	4	0x008e	16418	64	8
14592					64
14593	4	0x008e	32546	64	8
14594					64
14595	4	0x008e	48674	64	8
14596					64
14597	4	0x008e	64802	4	8
14598					4
14599	4	0x008e	16674	2	8
14600					2
14601	4	0x0082	0	8	16
14602					0
14607	4	0x008e	290	64	8
14608					64
14609	4	0x008e	16418	64	8
14610					64
14611	4	0x008e	32546	64	8
14612					64
14613	4	0x008e	48674	64	8
14614					64
14615	4	0x008e	64802	4	8
14616					4
14617	4	0x008e	16674	2	8
14618					2
14619	4	0x0082	0	8	16
14620					0
14625	4	0x008e	290	64	8
14626					64
14627	4	0x008e	16418	64	8
14628					64
14629	4	0x008e	32546	64	8
14630					64
14631	4	0x008e	48674	64	8
14632					64
14633	4	0x008e	64802	4	8
14634					4
14635	4	0x008e	16674	2	8
14636					2
14637	4	0x0082	0	8	16
14638					0
14643	4	0x008e	290	64	8
14644					64
14645	4	0x008e	16418	64	8
14646					64
14647	4	0x008e	32546	64	8
14648					64
14649	4	0x008e	48674	64	8
14650					64
14651	4	0x008e	64802	4	8
14652					4
14653	4	0x008e	16674	2	8
14654					2
14655	4	0x0082	0	8	16
14656					0
14661	4	0x008e	290	64	8
14662					64
14663	4	0x008e	16418	64	8
14664					64
14665	4	0x008e	32546	64	8
14666					64
14667	4	0x008e	48674	64	8
14668					64
14669	4	0x008e	64802	4	8
14670					4
14671	4	0x008e	16674	2	8
14672					2
14673	4	0x0082	0	8	16
14674					0
14679	4	0x008e	290	64	8
14680					64
14681	4	0x008e	16418	64	8
14682					64
14683	4	0x008e	32546	64	8
14684					64
14685	4	0x008e	48674	64	8
14686					64
14687	4	0x008e	64802	4	8
14688					4
14689	4	0x008e	16674	2	8
14690					2
14691	4	0x0082	0	8	16
14692					0
14697	4	0x008e	290	64	8
14698					64
14699	4	0x008e	16418	64	8
14700					64
14701	4	0x008e	32546	64	8
14702					64
14703	4	0x008e	48674	64	8
14704					64
14705	4	0x008e	64802	4	8
14706					4
14707	4	0x008e	16674	2	8
14708					2
14709	4	0x0082	0	8	16
14710					0
14715	4	0x008e	290	64	8
14716					64
14717	4	0x008e	16418	64	8
14718					64
14719	4	0x008e	32546	64	8
14720					64
14721	4	0x008e	48674	64	8
14722					64
14723	4	0x008e	64802	4	8
14724					4
14725	4	0x008e	16674	2	8
14726					2
14727	4	0x0082	0	8	16
14728					0
14733	4	0x008e	290	64	8
14734					64
14735	4	0x008e	16418	64	8
14736					64
14737	4	0x008e	32546	64	8
14738					64
14739	4	0x008e	48674	64	8
14740					64
14741	4	0x008e	64802	4	8
14742					4
14743	4	0x008e	16674	2	8
14744					2
14745	4	0x0082	0	8	16
14746					0
14751	4	0x008e	290	64	8
14752					64
14753	4	0x008e	16418	64	8
14754					64
14755	4	0x008e	32546	64	8
14756					64
14757	4	0x008e	48674	64	8
14758					64
14759	4	0x008e	64802	4	8
14760					4
14761	4	0x008e	16674	2	8
14762					2
14763	4	0x0082	0	8	16
14764					0
14769	4	0x008e	290	64	8
14770					64
14771	4	0x008e	16418	64	8
14772					64
14773	4	0x008e	32546	64	8
14774					64
14775	4	0x008e	48674	64	8
14776					64
14777	4	0x008e	64802	4	8
14778					4
14779	4	0x008e	16674	2	8
14780					2
14781	4	0x0082	0	8	16
14782					0
14787	4	0x008e	290	64	8
14788					64
14789	4	0x008e	16418	64	8
14790					64
14791	4	0x008e	32546	64	8
14792					64
14793	4	0x008e	48674	64	8
14794					64
14795	4	0x008e	64802	4	8
14796					4
14797	4	0x008e	16674	2	8
14798					2
14799	4	0x0082	0	8	16
14800					0
14805	4	0x008e	290	64	8
14806					64
14807	4	0x008e	16418	64	8
14808					64
14809	4	0x008e	32546	64	8
14810					64
14811	4	0x008e	48674	64	8
14812					64
14813	4	0x008e	64802	4	8
14814					4
14815	4	0x008e	16674	2	8
14816					2
14817	4	0x0082	0	8	16
14818					0
14823	4	0x008e	290	64	8
14824					64
14825	4	0x008e	16418	64	8
14826					64
14827	4	0x008e	32546	64	8
14828					64
14829	4	0x008e	48674	64	8
14830					64
14831	4	0x008e	64802	4	8
14832					4
14833	4	0x008e	16674	2	8
14834					2
14835	4	0x0082	0	8	16
14836					0
14841	4	0x008e	290	64	8
14842					64
14843	4	0x008e	16418	64	8
14844					64
14845	4	0x008e	32546	64	8
14846					64
14847	4	0x008e	48674	64	8
14848					64
14849	4	0x008e	64802	4	8
14850					4
14851	4	0x008e	16674	2	8
14852					2
14853	4	0x0082	0	8	16
14854					0
14859	4	0x008e	290	64	8
14860					64
14861	4	0x008e	16418	64	8
14862					64
14863	4	0x008e	32546	64	8
14864					64
14865	4	0x008e	48674	64	8
14866					64
14867	4	0x008e	64802	4	8
14868					4
14869	4	0x008e	16674	2	8
14870					2
14871	4	0x0082	0	8	16
14872					0
14877	4	0x008e	290	64	8
14878					64
14879	4	0x008e	16418	64	8
14880					64
14881	4	0x008e	32546	64	8
14882					64
14883	4	0x008e	48674	64	8
14884					64
14885	4	0x008e	64802	4	8
14886					4
14887	4	0x008e	16674	2	8
14888					2
14889	4	0x0082	0	8	16
14890					0
14895	4	0x008e	290	64	8
14896					64
14897	4	0x008e	16418	64	8
14898					64
14899	4	0x008e	32546	64	8
14900					64
14901	4	0x008e	48674	64	8
14902					64
14903	4	0x008e	64802	4	8
14904					4
14905	4	0x008e	16674	2	8
14906					2
14907	4	0x0082	0	8	16
14908					0
14913	4	0x008e	290	64	8
14914					64
14915	4	0x008e	16418	64	8
14916					64
14917	4	0x008e	32546	64	8
14918					64
14919	4	0x008e	48674	64	8
14920					64
14921	4	0x008e	64802	4	8
14922					4
14923	4	0x008e	16674	2	8
14924					2
14925	4	0x0082	0	8	16
14926					0
14931	4	0x008e	290	64	8
14932					64
14933	4	0x008e	16418	64	8
14934					64
14935	4	0x008e	32546	64	8
14936					64
14937	4	0x008e	48674	64	8
14938					64
14939	4	0x008e	64802	4	8
14940					4
14941	4	0x008e	16674	2	8
14942					2
14943	4	0x0082	0	8	16
14944					0
14949	4	0x008e	290	64	8
14950					64
14951	4	0x008e	16418	64	8
14952					64
14953	4	0x008e	32546	64	8
14954					64
14955	4	0x008e	48674	64	8
14956					64
14957	4	0x008e	64802	4	8
14958					4
14959	4	0x008e	16674	2	8
14960					2
14961	4	0x0082	0	8	16
14962					0
14967	4	0x008e	290	64	8
14968					64
14969	4	0x008e	16418	64	8
14970					64
14971	4	0x008e	32546	64	8
14972					64
14973	4	0x008e	48674	64	8
14974					64
14975	4	0x008e	64802	4	8
14976					4
14977	4	0x008e	16674	2	8
14978					2
14979	4	0x0082	0	8	16
14980					0
14985	4	0x008e	290	64	8
14986					64
14987	4	0x008e	16418	64	8
14988					64
14989	4	0x008e	32546	64	8
14990					64
14991	4	0x008e	48674	64	8
14992					64
14993	4	0x008e	64802	4	8
14994					4
14995	4	0x008e	16674	2	8
14996					2
14997	4	0x0082	0	8	16
14998					0
15003	4	0x008e	290	64	8
15004					64
15005	4	0x008e	16418	64	8
15006					64
15007	4	0x008e	32546	64	8
15008					64
15009	4	0x008e	48674	64	8
15010					64
15011	4	0x008e	64802	4	8
15012					4
15013	4	0x008e	16674	2	8
15014					2
15015	4	0x0082	0	8	16
15016					0
15021	4	0x008e	290	64	8
15022					64
15023	4	0x008e	16418	64	8
15024					64
15025	4	0x008e	32546	64	8
15026					64
15027	4	0x008e	48674	64	8
15028					64
15029	4	0x008e	64802	4	8
15030					4
15031	4	0x008e	16674	2	8
15032					2
15033	4	0x0082	0	8	16
15034					0
15039	4	0x008e	290	64	8
15040					64
15041	4	0x008e	16418	64	8
15042					64
15043	4	0x008e	32546	64	8
15044					64
15045	4	0x008e	48674	64	8
15046					64
15047	4	0x008e	64802	4	8
15048					4
15049	4	0x008e	16674	2	8
15050					2
15051	4	0x0082	0	8	16
15052					0
15057	4	0x008e	290	64	8
15058					64
15059	4	0x008e	16418	64	8
15060					64
15061	4	0x008e	32546	64	8
15062					64
15063	4	0x008e	48674	64	8
15064					64
15065	4	0x008e	64802	4	8
15066					4
15067	4	0x008e	16674	2	8
15068					2
15069	4	0x0082	0	8	16
15070					0
15075	4	0x008e	290	64	8
15076					64
15077	4	0x008e	16418	64	8
15078					64
15079	4	0x008e	32546	64	8
15080					64
15081	4	0x008e	48674	64	8
15082					64
15083	4	0x008e	64802	4	8
15084					4
15085	4	0x008e	16674	2	8
15086					2
15087	4	0x0082	0	8	16
15088					0
15093	4	0x008e	290	64	8
15094					64
15095	4	0x008e	16418	64	8
15096					64
15097	4	0x008e	32546	64	8
15098					64
15099	4	0x008e	48674	64	8
15100					64
15101	4	0x008e	64802	4	8
15102					4
15103	4	0x008e	16674	2	8
15104					2
15105	4	0x0082	0	8	16
15106					0
15111	4	0x008e	290	64	8
15112					64
15113	4	0x008e	16418	64	8
15114					64
15115	4	0x008e	32546	64	8
15116					64
15117	4	0x008e	48674	64	8
15118					64
15119	4	0x008e	64802	4	8
15120					4
15121	4	0x008e	16674	2	8
15122					2
15123	4	0x0082	0	8	16
15124					0
15129	4	0x008e	290	64	8
15130					64
15131	4	0x008e	16418	64	8
15132					64
15133	4	0x008e	32546	64	8
15134					64
15135	4	0x008e	48674	64	8
15136					64
15137	4	0x008e	64802	4	8
15138					4
15139	4	0x008e	16674	2	8
15140					2
15141	4	0x0082	0	8	16
15142					0
15147	4	0x008e	290	64	8
15148					64
15149	4	0x008e	16418	64	8
15150					64
15151	4	0x008e	32546	64	8
15152					64
15153	4	0x008e	48674	64	8
15154					64
15155	4	0x008e	64802	4	8
15156					4
15157	4	0x008e	16674	2	8
15158					2
15159	4	0x0082	0	8	16
15160					0
15165	4	0x008e	290	64	8
15166					64
15167	4	0x008e	16418	64	8
15168					64
15169	4	0x008e	32546	64	8
15170					64
15171	4	0x008e	48674	64	8
15172					64
15173	4	0x008e	64802	4	8
15174					4
15175	4	0x008e	16674	2	8
15176					2
15177	4	0x0082	0	8	16
15178					0
15183	4	0x008e	290	64	8
15184					64
15185	4	0x008e	16418	64	8
15186					64
15187	4	0x008e	32546	64	8
15188					64
15189	4	0x008e	48674	64	8
15190					64
15191	4	0x008e	64802	4	8
15192					4
15193	4	0x008e	16674	2	8
15194					2
15195	4	0x0082	0	8	16
15196					0
15201	4	0x008e	290	64	8
15202					64
15203	4	0x008e	16418	64	8
15204					64
15205	4	0x008e	32546	64	8
15206					64
15207	4	0x008e	48674	64	8
15208					64
15209	4	0x008e	64802	4	8
15210					4
15211	4	0x008e	16674	2	8
15212					2
15213	4	0x0082	0	8	16
15214					0
15219	4	0x008e	290	64	8
15220					64
15221	4	0x008e	16418	64	8
15222					64
15223	4	0x008e	32546	64	8
15224					64
15225	4	0x008e	48674	64	8
15226					64
15227	4	0x008e	64802	4	8
15228					4
15229	4	0x008e	16674	2	8
15230					2
15231	4	0x0082	0	8	16
15232					0
15237	4	0x008e	290	64	8
15238					64
15239	4	0x008e	16418	64	8
15240					64
15241	4	0x008e	32546	64	8
15242					64
15243	4	0x008e	48674	64	8
15244					64
15245	4	0x008e	64802	4	8
15246					4
15247	4	0x008e	16674	2	8
15248					2
15249	4	0x0082	0	8	16
15250					0
15255	4	0x008e	290	64	8
15256					64
15257	4	0x008e	16418	64	8
15258					64
15259	4	0x008e	32546	64	8
15260					64
15261	4	0x008e	48674	64	8
15262					64
15263	4	0x008e	64802	4	8
15264					4
15265	4	0x008e	16674	2	8
15266					2
15267	4	0x0082	0	8	16
15268					0
15273	4	0x008e	290	64	8
15274					64
15275	4	0x008e	16418	64	8
15276					64
15277	4	0x008e	32546	64	8
15278					64
15279	4	0x008e	48674	64	8
15280					64
15281	4	0x008e	64802	4	8
15282					4
15283	4	0x008e	16674	2	8
15284					2
15285	4	0x0082	0	8	16
15286					0
15291	4	0x008e	290	64	8
15292					64
15293	4	0x008e	16418	64	8
15294					64
15295	4	0x008e	32546	64	8
15296					64
15297	4	0x008e	48674	64	8
15298					64
15299	4	0x008e	64802	4	8
15300					4
15301	4	0x008e	16674	2	8
15302					2
15303	4	0x0082	0	8	16
15304					0
15309	4	0x008e	290	64	8
15310					64
15311	4	0x008e	16418	64	8
15312					64
15313	4	0x008e	32546	64	8
15314					64
15315	4	0x008e	48674	64	8
15316					64
15317	4	0x008e	64802	4	8
15318					4
15319	4	0x008e	16674	2	8
15320					2
15321	4	0x0082	0	8	16
15322					0
15327	4	0x008e	290	64	8
15328					64
15329	4	0x008e	16418	64	8
15330					64
15331	4	0x008e	32546	64	8
15332					64
15333	4	0x008e	48674	64	8
15334					64
15335	4	0x008e	64802	4	8
15336					4
15337	4	0x008e	16674	2	8
15338					2
15339	4	0x0082	0	8	16
15340					0
15345	4	0x008e	290	64	8
15346					64
15347	4	0x008e	16418	64	8
15348					64
15349	4	0x008e	32546	64	8
15350					64
15351	4	0x008e	48674	64	8
15352					64
15353	4	0x008e	64802	4	8
15354					4
15355	4	0x008e	16674	2	8
15356					2
15357	4	0x0082	0	8	16
15358					0
15363	4	0x008e	290	64	8
15364					64
15365	4	0x008e	16418	64	8
15366					64
15367	4	0x008e	32546	64	8
15368					64
15369	4	0x008e	48674	64	8
15370					64
15371	4	0x008e	64802	4	8
15372					4
15373	4	0x008e	16674	2	8
15374					2
15375	4	0x0082	0	8	16
15376					0
15381	4	0x008e	290	64	8
15382					64
15383	4	0x008e	16418	64	8
15384					64
15385	4	0x008e	32546	64	8
15386					64
15387	4	0x008e	48674	64	8
15388					64
15389	4	0x008e	64802	4	8
15390					4
15391	4	0x008e	16674	2	8
15392					2
15393	4	0x0082	0	8	16
15394					0
15399	4	0x008e	290	64	8
15400					64
15401	4	0x008e	16418	64	8
15402					64
15403	4	0x008e	32546	64	8
15404					64
15405	4	0x008e	48674	64	8
15406					64
15407	4	0x008e	64802	4	8
15408					4
15409	4	0x008e	16674	2	8
15410					2
15411	4	0x0082	0	8	16
15412					0
15417	4	0x008e	290	64	8
15418					64
15419	4	0x008e	16418	64	8
15420					64
15421	4	0x008e	32546	64	8
15422					64
15423	4	0x008e	48674	64	8
15424					64
15425	4	0x008e	64802	4	8
15426					4
15427	4	0x008e	16674	2	8
15428					2
15429	4	0x0082	0	8	16
15430					0
15435	4	0x008e	290	64	8
15436					64
15437	4	0x008e	16418	64	8
15438					64
15439	4	0x008e	32546	64	8
15440					64
15441	4	0x008e	48674	64	8
15442					64
15443	4	0x008e	64802	4	8
15444					4
15445	4	0x008e	16674	2	8
15446					2
15447	4	0x0082	0	8	16
15448					0
15453	4	0x008e	290	64	8
15454					64
15455	4	0x008e	16418	64	8
15456					64
15457	4	0x008e	32546	64	8
15458					64
15459	4	0x008e	48674	64	8
15460					64
15461	4	0x008e	64802	4	8
15462					4
15463	4	0x008e	16674	2	8
15464					2
15465	4	0x0082	0	8	16
15466					0
15471	4	0x008e	290	64	8
15472					64
15473	4	0x008e	16418	64	8
15474					64
15475	4	0x008e	32546	64	8
15476					64
15477	4	0x008e	48674	64	8
15478					64
15479	4	0x008e	64802	4	8
15480					4
15481	4	0x008e	16674	2	8
15482					2
15483	4	0x0082	0	8	16
15484					0
15489	4	0x008e	290	64	8
15490					64
15491	4	0x008e	16418	64	8
15492					64
15493	4	0x008e	32546	64	8
15494					64
15495	4	0x008e	48674	64	8
15496					64
15497	4	0x008e	64802	4	8
15498					4
15499	4	0x008e	16674	2	8
15500					2
15501	4	0x0082	0	8	16
15502					0
15507	4	0x008e	290	64	8
15508					64
15509	4	0x008e	16418	64	8
15510					64
15511	4	0x008e	32546	64	8
15512					64
15513	4	0x008e	48674	64	8
15514					64
15515	4	0x008e	64802	4	8
15516					4
15517	4	0x008e	16674	2	8
15518					2
15519	4	0x0082	0	8	16
15520					0
15525	4	0x008e	290	64	8
15526					64
15527	4	0x008e	16418	64	8
15528					64
15529	4	0x008e	32546	64	8
15530					64
15531	4	0x008e	48674	64	8
15532					64
15533	4	0x008e	64802	4	8
15534					4
15535	4	0x008e	16674	2	8
15536					2
15537	4	0x0082	0	8	16
15538					0
15543	4	0x008e	290	64	8
15544					64
15545	4	0x008e	16418	64	8
15546					64
15547	4	0x008e	32546	64	8
15548					64
15549	4	0x008e	48674	64	8
15550					64
15551	4	0x008e	64802	4	8
15552					4
15553	4	0x008e	16674	2	8
15554					2
15555	4	0x0082	0	8	16
15556					0
15561	4	0x008e	290	64	8
15562					64
15563	4	0x008e	16418	64	8
15564					64
15565	4	0x008e	32546	64	8
15566					64
15567	4	0x008e	48674	64	8
15568					64
15569	4	0x008e	64802	4	8
15570					4
15571	4	0x008e	16674	2	8
15572					2
15573	4	0x0082	0	8	16
15574					0
15579	4	0x008e	290	64	8
15580					64
15581	4	0x008e	16418	64	8
15582					64
15583	4	0x008e	32546	64	8
15584					64
15585	4	0x008e	48674	64	8
15586					64
15587	4	0x008e	64802	4	8
15588					4
15589	4	0x008e	16674	2	8
15590					2
15591	4	0x0082	0	8	16
15592					0
15597	4	0x008e	290	64	8
15598					64
15599	4	0x008e	16418	64	8
15600					64
15601	4	0x008e	32546	64	8
15602					64
15603	4	0x008e	48674	64	8
15604					64
15605	4	0x008e	64802	4	8
15606					4
15607	4	0x008e	16674	2	8
15608					2
15609	4	0x0082	0	8	16
15610					0
15615	4	0x008e	290	64	8
15616					64
15617	4	0x008e	16418	64	8
15618					64
15619	4	0x008e	32546	64	8
15620					64
15621	4	0x008e	48674	64	8
15622					64
15623	4	0x008e	64802	4	8
15624					4
15625	4	0x008e	16674	2	8
15626					2
15627	4	0x0082	0	8	16
15628					0
15633	4	0x008e	290	64	8
15634					64
15635	4	0x008e	16418	64	8
15636					64
15637	4	0x008e	32546	64	8
15638					64
15639	4	0x008e	48674	64	8
15640					64
15641	4	0x008e	64802	4	8
15642					4
15643	4	0x008e	16674	2	8
15644					2
15645	4	0x0082	0	8	16
15646					0
15651	4	0x008e	290	64	8
15652					64
15653	4	0x008e	16418	64	8
15654					64
15655	4	0x008e	32546	64	8
15656					64
15657	4	0x008e	48674	64	8
15658					64
15659	4	0x008e	64802	4	8
15660					4
15661	4	0x008e	16674	2	8
15662					2
15663	4	0x0082	0	8	16
15664					0
15669	4	0x008e	290	64	8
15670					64
15671	4	0x008e	16418	64	8
15672					64
15673	4	0x008e	32546	64	8
15674					64
15675	4	0x008e	48674	64	8
15676					64
15677	4	0x008e	64802	4	8
15678					4
15679	4	0x008e	16674	2	8
15680					2
15681	4	0x0082	0	8	16
15682					0
15687	4	0x008e	290	64	8
15688					64
15689	4	0x008e	16418	64	8
15690					64
15691	4	0x008e	32546	64	8
15692					64
15693	4	0x008e	48674	64	8
15694					64
15695	4	0x008e	64802	4	8
15696					4
15697	4	0x008e	16674	2	8
15698					2
15699	4	0x0082	0	8	16
15700					0
15705	4	0x008e	290	64	8
15706					64
15707	4	0x008e	16418	64	8
15708					64
15709	4	0x008e	32546	64	8
15710					64
15711	4	0x008e	48674	64	8
15712					64
15713	4	0x008e	64802	4	8
15714					4
15715	4	0x008e	16674	2	8
15716					2
15717	4	0x0082	0	8	16
15718					0
15723	4	0x008e	290	64	8
15724					64
15725	4	0x008e	16418	64	8
15726					64
15727	4	0x008e	32546	64	8
15728					64
15729	4	0x008e	48674	64	8
15730					64
15731	4	0x008e	64802	4	8
15732					4
15733	4	0x008e	16674	2	8
15734					2
15735	4	0x0082	0	8	16
15736					0
15741	4	0x008e	290	64	8
15742					64
15743	4	0x008e	16418	64	8
15744					64
15745	4	0x008e	32546	64	8
15746					64
15747	4	0x008e	48674	64	8
15748					64
15749	4	0x008e	64802	4	8
15750					4
15751	4	0x008e	16674	2	8
15752					2
15753	4	0x0082	0	8	16
15754					0
15759	4	0x008e	290	64	8
15760					64
15761	4	0x008e	16418	64	8
15762					64
15763	4	0x008e	32546	64	8
15764					64
15765	4	0x008e	48674	64	8
15766					64
15767	4	0x008e	64802	4	8
15768					4
15769	4	0x008e	16674	2	8
15770					2
15771	4	0x0082	0	8	16
15772					0
15777	4	0x008e	290	64	8
15778					64
15779	4	0x008e	16418	64	8
15780					64
15781	4	0x008e	32546	64	8
15782					64
15783	4	0x008e	48674	64	8
15784					64
15785	4	0x008e	64802	4	8
15786					4
15787	4	0x008e	16674	2	8
15788					2
15789	4	0x0082	0	8	16
15790					0
15795	4	0x008e	290	64	8
15796					64
15797	4	0x008e	16418	64	8
15798					64
15799	4	0x008e	32546	64	8
15800					64
15801	4	0x008e	48674	64	8
15802					64
15803	4	0x008e	64802	4	8
15804					4
15805	4	0x008e	16674	2	8
15806					2
15807	4	0x0082	0	8	16
15808					0
15813	4	0x008e	290	64	8
15814					64
15815	4	0x008e	16418	64	8
15816					64
15817	4	0x008e	32546	64	8
15818					64
15819	4	0x008e	48674	64	8
15820					64
15821	4	0x008e	64802	4	8
15822					4
15823	4	0x008e	16674	2	8
15824					2
15825	4	0x0082	0	8	16
15826					0
15831	4	0x008e	290	64	8
15832					64
15833	4	0x008e	16418	64	8
15834					64
15835	4	0x008e	32546	64	8
15836					64
15837	4	0x008e	48674	64	8
15838					64
15839	4	0x008e	64802	4	8
15840					4
15841	4	0x008e	16674	2	8
15842					2
15843	4	0x0082	0	8	16
15844					0
15849	4	0x008e	290	64	8
15850					64
15851	4	0x008e	16418	64	8
15852					64
15853	4	0x008e	32546	64	8
15854					64
15855	4	0x008e	48674	64	8
15856					64
15857	4	0x008e	64802	4	8
15858					4
15859	4	0x008e	16674	2	8
15860					2
15861	4	0x0082	0	8	16
15862					0
15867	4	0x008e	290	64	8
15868					64
15869	4	0x008e	16418	64	8
15870					64
15871	4	0x008e	32546	64	8
15872					64
15873	4	0x008e	48674	64	8
15874					64
15875	4	0x008e	64802	4	8
15876					4
15877	4	0x008e	16674	2	8
15878					2
15879	4	0x0082	0	8	16
15880					0
15885	4	0x008e	290	64	8
15886					64
15887	4	0x008e	16418	64	8
15888					64
15889	4	0x008e	32546	64	8
15890					64
15891	4	0x008e	48674	64	8
15892					64
15893	4	0x008e	64802	4	8
15894					4
15895	4	0x008e	16674	2	8
15896					2
15897	4	0x0082	0	8	16
15898					0
15903	4	0x008e	290	64	8
15904					64
15905	4	0x008e	16418	64	8
15906					64
15907	4	0x008e	32546	64	8
15908					64
15909	4	0x008e	48674	64	8
15910					64
15911	4	0x008e	64802	4	8
15912					4
15913	4	0x008e	16674	2	8
15914					2
15915	4	0x0082	0	8	16
15916					0
15921	4	0x008e	290	64	8
15922					64
15923	4	0x008e	16418	64	8
15924					64
15925	4	0x008e	32546	64	8
15926					64
15927	4	0x008e	48674	64	8
15928					64
15929	4	0x008e	64802	4	8
15930					4
15931	4	0x008e	16674	2	8
15932					2
15933	4	0x0082	0	8	16
15934					0
15939	4	0x008e	290	64	8
15940					64
15941	4	0x008e	16418	64	8
15942					64
15943	4	0x008e	32546	64	8
15944					64
15945	4	0x008e	48674	64	8
15946					64
15947	4	0x008e	64802	4	8
15948					4
15949	4	0x008e	16674	2	8
15950					2
15951	4	0x0082	0	8	16
15952					0
15957	4	0x008e	290	64	8
15958					64
15959	4	0x008e	16418	64	8
15960					64
15961	4	0x008e	32546	64	8
15962					64
15963	4	0x008e	48674	64	8
15964					64
15965	4	0x008e	64802	4	8
15966					4
15967	4	0x008e	16674	2	8
15968					2
15969	4	0x0082	0	8	16
15970					0
15975	4	0x008e	290	64	8
15976					64
15977	4	0x008e	16418	64	8
15978					64
15979	4	0x008e	32546	64	8
15980					64
15981	4	0x008e	48674	64	8
15982					64
15983	4	0x008e	64802	4	8
15984					4
15985	4	0x008e	16674	2	8
15986					2
15987	4	0x0083	0	2	10
15988					0
15989	4	0x0083	0	2	10
15990					0
15991	4	0x0083	0	6	14
15992					0
15993	4	0x0083	0	2	10
15994					0
15995	4	0x008e	16674	2	8
15996					2
15997	4	0x008e	18466	4	8
15998					4
15999	4	0x0083	0	2	10
16000					0
16001	4	0x0083	0	2	10
16002					0
16003	4	0x008e	290	64	8
16004					64
16005	4	0x008e	16418	64	8
16006					64
16007	4	0x008e	32546	64	8
16008					64
16009	4	0x008e	48674	64	8
16010					64
16011	4	0x008e	64802	4	8
16012					4
16013	4	0x008e	16674	2	8
16014					2
16015	4	0x008e	19234	4	8
16016					4
16017	4	0x008e	290	64	8
16018					64
16019	4	0x008e	16418	64	8
16020					64
16021	4	0x008e	32546	64	8
16022					64
16023	4	0x008e	48674	64	8
16024					64
16025	4	0x008e	64802	4	8
16026					4
16027	4	0x008e	16674	2	8
16028					2
16029	4	0x0083	0	2	10
16030					0
16031	4	0x0083	0	2	10
16032					0
16033	4	0x0083	0	2	10
16034					0
16035	4	0x0083	0	2	10
16036					0
16037	4	0x0083	0	2	10
16038					0
16039	4	0x0083	0	2	10
16040					0
16041	4	0x0083	0	2	10
16042					0
16043	4	0x008e	290	64	8
16044					64
16045	4	0x008e	16418	64	8
16046					64
16047	4	0x008e	32546	64	8
16048					64
16049	4	0x008e	48674	64	8
16050					64
16051	4	0x008e	64802	4	8
16052					4
16053	4	0x0083	0	2	10
16054					0
16055	12	0x008c	16	1	9
16056					0
16057	12	0x008c	19	1	9
16058					0
16059	4	0x0083	0	64	72
16060					0
16061	4	0x0083	0	64	72
16062					0
16063	4	0x0083	0	64	72
16064					0
16065	4	0x0083	0	8	16
16066					0
16067	4	0x0083	0	54	62
16068					0
16069	4	0x0084	57862	4	8
16070					4
16071	4	0x008e	290	64	8
16072					64
16073	4	0x008e	16418	64	8
16074					64
16075	4	0x008e	32546	64	8
16076					64
16077	4	0x008e	48674	64	8
16078					64
16079	4	0x008e	64802	4	8
16080					4
16081	4	0x008e	16674	2	8
16082					2
16083	4	0x008e	2594	2	8
16084					2
16085	4	0x0083	0	2	10
16086					0
16087	4	0x008e	16418	2	8
16088					2
16089	4	0x0083	0	2	10
16090					0
16091	4	0x0083	0	2	10
16092					0
16093	4	0x0083	0	2	10
16094					0
16095	4	0x0083	0	2	10
16096					0
16097	4	0x0083	0	2	10
16098					0
