3244	54.003706000					0
3249	54.066762000	4	0x008e	290	64	8
3250	54.070711000					64
3251	54.071078000	4	0x008e	16418	64	8
3252	54.074688000					64
3253	54.074769000	4	0x008e	32546	64	8
3254	54.078703000					64
3255	54.078749000	4	0x008e	48674	64	8
3256	54.082697000					64
3257	54.083107000	4	0x008e	64802	4	8
3258	54.086696000					4
3259	54.086763000	4	0x008e	16674	2	8
3260	54.090696000					2
3261	54.090966000	4	0x0082	0	8	16
3262	54.094702000					0
3267	54.135038000	4	0x008e	290	64	8
3268	54.138703000					64
3269	54.138742000	4	0x008e	16418	64	8
3270	54.142722000					64
3271	54.142779000	4	0x008e	32546	64	8
3272	54.146719000					64
3273	54.146786000	4	0x008e	48674	64	8
3274	54.150718000					64
3275	54.151013000	4	0x008e	64802	4	8
3276	54.154714000					4
3277	54.154795000	4	0x008e	16674	2	8
3278	54.158705000					2
3279	54.158753000	4	0x008e	290	64	8
3280	54.162707000					64
3281	54.162743000	4	0x008e	16418	64	8
3282	54.166707000					64
3283	54.166742000	4	0x008e	32546	64	8
3284	54.170709000					64
3285	54.170770000	4	0x008e	48674	64	8
3286	54.174726000					64
3287	54.175019000	4	0x008e	64802	4	8
3288	54.178707000					4
3289	54.178774000	4	0x008e	16674	2	8
3290	54.182708000					2
3291	54.182797000	4	0x008e	290	64	8
3292	54.186701000					64
3293	54.186804000	4	0x008e	16418	64	8
3294	54.190712000					64
3295	54.190779000	4	0x008e	32546	64	8
3296	54.194713000					64
3297	54.194802000	4	0x008e	48674	64	8
3298	54.198710000					64
3299	54.198798000	4	0x008e	64802	4	8
3300	54.202720000					4
3301	54.202820000	4	0x008e	16674	2	8
3302	54.206711000					2
3303	54.206989000	4	0x008e	290	64	8
3304	54.210730000					64
3305	54.211009000	4	0x008e	16418	64	8
3306	54.214713000					64
3307	54.214782000	4	0x008e	32546	64	8
3308	54.218716000					64
3309	54.218795000	4	0x008e	48674	64	8
3310	54.222732000					64
3311	54.223011000	4	0x008e	64802	4	8
3312	54.226713000					4
3313	54.226780000	4	0x008e	16674	2	8
3314	54.230713000					2
3315	54.230801000	4	0x008e	290	64	8
3316	54.234726000					64
3317	54.234825000	4	0x008e	16418	64	8
3318	54.238716000					64
3319	54.238783000	4	0x008e	32546	64	8
3320	54.242719000					64
3321	54.242804000	4	0x008e	48674	64	8
3322	54.246734000					64
3323	54.247018000	4	0x008e	64802	4	8
3324	54.250722000					4
3325	54.250790000	4	0x008e	16674	2	8
3326	54.254734000					2
3327	54.255026000	4	0x008e	290	64	8
3328	54.258736000					64
3329	54.259021000	4	0x008e	16418	64	8
3330	54.262724000					64
3331	54.262773000	4	0x008e	32546	64	8
3332	54.266762000					64
3333	54.266829000	4	0x008e	48674	64	8
3334	54.270725000					64
3335	54.271004000	4	0x008e	64802	4	8
3336	54.274709000					4
3337	54.274768000	4	0x008e	16674	2	8
3338	54.278722000					2
3339	54.278797000	4	0x008e	290	64	8
3340	54.282745000					64
3341	54.283053000	4	0x008e	16418	64	8
3342	54.286727000					64
3343	54.286799000	4	0x008e	32546	64	8
3344	54.290731000					64
3345	54.290802000	4	0x008e	48674	64	8
3346	54.294736000					64
3347	54.295028000	4	0x008e	64802	4	8
3348	54.298737000					4
3349	54.298838000	4	0x008e	16674	2	8
3350	54.302739000					2
3351	54.303031000	4	0x008e	290	64	8
3352	54.306737000					64
3353	54.307042000	4	0x008e	16418	64	8
3354	54.310720000					64
3355	54.310802000	4	0x008e	32546	64	8
3356	54.314743000					64
3357	54.315025000	4	0x008e	48674	64	8
3358	54.318738000					64
3359	54.319060000	4	0x008e	64802	4	8
3360	54.322737000					4
3361	54.322817000	4	0x008e	16674	2	8
3362	54.326736000					2
3363	54.326833000	4	0x008e	290	64	8
3364	54.330748000					64
3365	54.331093000	4	0x008e	16418	64	8
3366	54.334720000					64
3367	54.334797000	4	0x008e	32546	64	8
3368	54.338740000					64
3369	54.339023000	4	0x008e	48674	64	8
3370	54.342750000					64
3371	54.342840000	4	0x008e	64802	4	8
3372	54.346741000					4
3373	54.346831000	4	0x008e	16674	2	8
3374	54.350741000					2
3375	54.351026000	4	0x008e	290	64	8
3376	54.354742000					64
3377	54.355127000	4	0x008e	16418	64	8
3378	54.358745000					64
3379	54.358814000	4	0x008e	32546	64	8
3380	54.362749000					64
3381	54.363036000	4	0x008e	48674	64	8
3382	54.366723000					64
3383	54.367141000	4	0x008e	64802	4	8
3384	54.370743000					4
3385	54.370801000	4	0x008e	16674	2	8
3386	54.374747000					2
3387	54.374858000	4	0x008e	290	64	8
3388	54.378729000					64
3389	54.379160000	4	0x008e	16418	64	8
3390	54.382747000					64
3391	54.382825000	4	0x008e	32546	64	8
3392	54.386746000					64
3393	54.386821000	4	0x008e	48674	64	8
3394	54.390750000					64
3395	54.390850000	4	0x008e	64802	4	8
3396	54.394745000					4
3397	54.394827000	4	0x008e	16674	2	8
3398	54.398746000					2
3399	54.398871000	4	0x008e	290	64	8
3400	54.402748000					64
3401	54.403198000	4	0x008e	16418	64	8
3402	54.406738000					64
3403	54.406820000	4	0x008e	32546	64	8
3404	54.410736000					64
3405	54.411000000	4	0x008e	48674	64	8
3406	54.414736000					64
3407	54.415209000	4	0x008e	64802	4	8
3408	54.418734000					4
3409	54.418801000	4	0x008e	16674	2	8
3410	54.422739000					2
3411	54.423026000	4	0x008e	290	64	8
3412	54.426738000					64
3413	54.426802000	4	0x008e	16418	64	8
3414	54.430737000					64
3415	54.430822000	4	0x008e	32546	64	8
3416	54.434735000					64
3417	54.435008000	4	0x008e	48674	64	8
3418	54.438742000					64
3419	54.438815000	4	0x008e	64802	4	8
3420	54.442738000					4
3421	54.442825000	4	0x008e	16674	2	8
3422	54.446738000					2
3423	54.447008000	4	0x008e	290	64	8
3424	54.450738000					64
3425	54.450783000	4	0x008e	16418	64	8
3426	54.454740000					64
3427	54.454778000	4	0x008e	32546	64	8
3428	54.458759000					64
3429	54.458803000	4	0x008e	48674	64	8
3430	54.462741000					64
3431	54.462773000	4	0x008e	64802	4	8
3432	54.466743000					4
3433	54.466829000	4	0x008e	16674	2	8
3434	54.470754000					2
3435	54.470850000	4	0x008e	290	64	8
3436	54.474749000					64
3437	54.474819000	4	0x008e	16418	64	8
3438	54.478749000					64
3439	54.479030000	4	0x008e	32546	64	8
3440	54.482750000					64
3441	54.482830000	4	0x008e	48674	64	8
3442	54.486750000					64
3443	54.486820000	4	0x008e	64802	4	8
3444	54.490751000					4
3445	54.491036000	4	0x008e	16674	2	8
3446	54.494749000					2
3447	54.495029000	4	0x008e	290	64	8
3448	54.498751000					64
3449	54.498833000	4	0x008e	16418	64	8
3450	54.502747000					64
3451	54.503011000	4	0x008e	32546	64	8
3452	54.506747000					64
3453	54.507015000	4	0x008e	48674	64	8
3454	54.510747000					64
3455	54.510812000	4	0x008e	64802	4	8
3456	54.514761000					4
3457	54.514843000	4	0x008e	16674	2	8
3458	54.518762000					2
3459	54.519053000	4	0x008e	290	64	8
3460	54.522763000					64
3461	54.522832000	4	0x008e	16418	64	8
3462	54.526764000					64
3463	54.526839000	4	0x008e	32546	64	8
3464	54.530763000					64
3465	54.530872000	4	0x008e	48674	64	8
3466	54.534750000					64
3467	54.534817000	4	0x008e	64802	4	8
3468	54.538750000					4
3469	54.539029000	4	0x008e	16674	2	8
3470	54.542751000					2
3471	54.543027000	4	0x008e	290	64	8
3472	54.546759000					64
3473	54.546823000	4	0x008e	16418	64	8
3474	54.550753000					64
3475	54.551029000	4	0x008e	32546	64	8
3476	54.554753000					64
3477	54.555035000	4	0x008e	48674	64	8
3478	54.558753000					64
3479	54.558818000	4	0x008e	64802	4	8
3480	54.562756000					4
3481	54.562858000	4	0x008e	16674	2	8
3482	54.566753000					2
3483	54.567033000	4	0x008e	290	64	8
3484	54.570754000					64
3485	54.570810000	4	0x008e	16418	64	8
3486	54.574740000					64
3487	54.575004000	4	0x008e	32546	64	8
3488	54.578773000					64
3489	54.579100000	4	0x008e	48674	64	8
3490	54.582755000					64
3491	54.582821000	4	0x008e	64802	4	8
3492	54.586741000					4
3493	54.587010000	4	0x008e	16674	2	8
3494	54.591043000					2
3495	54.591083000	4	0x008e	290	64	8
3496	54.594759000					64
3497	54.594798000	4	0x008e	16418	64	8
3498	54.598760000					64
3499	54.599028000	4	0x008e	32546	64	8
3500	54.602758000					64
3501	54.603114000	4	0x008e	48674	64	8
3502	54.606758000					64
3503	54.606846000	4	0x008e	64802	4	8
3504	54.610759000					4
3505	54.611033000	4	0x008e	16674	2	8
3506	54.614760000					2
3507	54.615123000	4	0x008e	290	64	8
3508	54.618759000					64
3509	54.618822000	4	0x008e	16418	64	8
3510	54.622774000					64
3511	54.622857000	4	0x008e	32546	64	8
3512	54.626767000					64
3513	54.627129000	4	0x008e	48674	64	8
3514	54.630767000					64
3515	54.630835000	4	0x008e	64802	4	8
3516	54.634766000					4
3517	54.635042000	4	0x008e	16674	2	8
3518	54.638768000					2
3519	54.638853000	4	0x008e	290	64	8
3520	54.642763000					64
3521	54.643024000	4	0x008e	16418	64	8
3522	54.646781000					64
3523	54.647062000	4	0x008e	32546	64	8
3524	54.650763000					64
3525	54.651180000	4	0x008e	48674	64	8
3526	54.654777000					64
3527	54.654886000	4	0x008e	64802	4	8
3528	54.658765000					4
3529	54.659033000	4	0x008e	16674	2	8
3530	54.662765000					2
3531	54.663189000	4	0x008e	290	64	8
3532	54.666763000					64
3533	54.666829000	4	0x008e	16418	64	8
3534	54.670782000					64
3535	54.670872000	4	0x008e	32546	64	8
3536	54.674773000					64
3537	54.674864000	4	0x008e	48674	64	8
3538	54.678774000					64
3539	54.678855000	4	0x008e	64802	4	8
3540	54.682771000					4
3541	54.682876000	4	0x008e	16674	2	8
3542	54.686758000					2
3543	54.686842000	4	0x008e	290	64	8
3544	54.690850000					64
3545	54.690942000	4	0x008e	16418	64	8
3546	54.694765000					64
3547	54.694806000	4	0x008e	32546	64	8
3548	54.698755000					64
3549	54.698787000	4	0x008e	48674	64	8
3550	54.702760000					64
3551	54.702809000	4	0x008e	64802	4	8
3552	54.706756000					4
3553	54.706787000	4	0x008e	16674	2	8
3554	54.710755000					2
3555	54.710787000	4	0x008e	290	64	8
3556	54.714765000					64
3557	54.714828000	4	0x008e	16418	64	8
3558	54.718760000					64
3559	54.718792000	4	0x008e	32546	64	8
3560	54.722759000					64
3561	54.722789000	4	0x008e	48674	64	8
3562	54.726760000					64
3563	54.726791000	4	0x008e	64802	4	8
3564	54.730763000					4
3565	54.730805000	4	0x008e	16674	2	8
3566	54.734765000					2
3567	54.734826000	4	0x008e	290	64	8
3568	54.738763000					64
3569	54.738794000	4	0x008e	16418	64	8
3570	54.742761000					64
3571	54.742791000	4	0x008e	32546	64	8
3572	54.746765000					64
3573	54.746826000	4	0x008e	48674	64	8
3574	54.750762000					64
3575	54.750793000	4	0x008e	64802	4	8
3576	54.754760000					4
3577	54.754788000	4	0x008e	16674	2	8
3578	54.758760000					2
3579	54.758789000	4	0x008e	290	64	8
3580	54.762770000					64
3581	54.762817000	4	0x008e	16418	64	8
3582	54.766767000					64
3583	54.766816000	4	0x008e	32546	64	8
3584	54.770768000					64
3585	54.770807000	4	0x008e	48674	64	8
3586	54.774767000					64
3587	54.774806000	4	0x008e	64802	4	8
3588	54.778767000					4
3589	54.778811000	4	0x008e	16674	2	8
3590	54.782770000					2
3591	54.782834000	4	0x008e	290	64	8
3592	54.786771000					64
3593	54.786808000	4	0x008e	16418	64	8
3594	54.790768000					64
3595	54.790805000	4	0x008e	32546	64	8
3596	54.794777000					64
3597	54.794842000	4	0x008e	48674	64	8
3598	54.798771000					64
3599	54.798847000	4	0x008e	64802	4	8
3600	54.802769000					4
3601	54.802845000	4	0x008e	16674	2	8
3602	54.806788000					2
3603	54.806859000	4	0x008e	290	64	8
3604	54.810775000					64
3605	54.810856000	4	0x008e	16418	64	8
3606	54.814776000					64
3607	54.814845000	4	0x008e	32546	64	8
3608	54.818772000					64
3609	54.818853000	4	0x008e	48674	64	8
3610	54.822774000					64
3611	54.822851000	4	0x008e	64802	4	8
3612	54.826772000					4
3613	54.826851000	4	0x008e	16674	2	8
3614	54.830772000					2
3615	54.830852000	4	0x008e	290	64	8
3616	54.834776000					64
3617	54.834852000	4	0x008e	16418	64	8
3618	54.838772000					64
3619	54.838837000	4	0x008e	32546	64	8
3620	54.842783000					64
3621	54.842847000	4	0x008e	48674	64	8
3622	54.846774000					64
3623	54.846833000	4	0x008e	64802	4	8
3624	54.850778000					4
3625	54.850867000	4	0x008e	16674	2	8
3626	54.854820000					2
3627	54.854893000	4	0x008e	290	64	8
3628	54.858794000					64
3629	54.858881000	4	0x008e	16418	64	8
3630	54.862778000					64
3631	54.862841000	4	0x008e	32546	64	8
3632	54.866774000					64
3633	54.866803000	4	0x008e	48674	64	8
3634	54.870775000					64
3635	54.870812000	4	0x008e	64802	4	8
3636	54.874774000					4
3637	54.874803000	4	0x008e	16674	2	8
3638	54.878781000					2
3639	54.878840000	4	0x008e	290	64	8
3640	54.882777000					64
3641	54.882808000	4	0x008e	16418	64	8
3642	54.886785000					64
3643	54.886860000	4	0x008e	32546	64	8
3644	54.890780000					64
3645	54.890813000	4	0x008e	48674	64	8
3646	54.894783000					64
3647	54.894839000	4	0x008e	64802	4	8
3648	54.898783000					4
3649	54.898831000	4	0x008e	16674	2	8
3650	54.902782000					2
3651	54.902842000	4	0x008e	290	64	8
3654	54.906785000					64
3655	54.906834000	4	0x008e	16418	64	8
3656	54.910781000					64
3657	54.910819000	4	0x008e	32546	64	8
3658	54.914783000					64
3659	54.914820000	4	0x008e	48674	64	8
3660	54.918782000					64
3661	54.918824000	4	0x008e	64802	4	8
3662	54.922779000					4
3663	54.922812000	4	0x008e	16674	2	8
3664	54.926779000					2
3665	54.926812000	4	0x008e	290	64	8
3666	54.930781000					64
3667	54.930850000	4	0x008e	16418	64	8
3668	54.934797000					64
3669	54.934890000	4	0x008e	32546	64	8
3672	54.938799000					64
3673	54.938889000	4	0x008e	48674	64	8
3674	54.942806000					64
3675	54.942915000	4	0x008e	64802	4	8
3676	54.946796000					4
3677	54.946878000	4	0x008e	16674	2	8
3678	54.950831000					2
3679	54.953166000	4	0x008e	290	64	8
3680	54.956798000					64
3681	54.956879000	4	0x008e	16418	64	8
3682	54.960807000					64
3683	54.961511000	4	0x008e	32546	64	8
3684	54.964805000					64
3685	54.965108000	4	0x008e	48674	64	8
3686	54.968798000					64
3687	54.968881000	4	0x008e	64802	4	8
3688	54.972807000					4
3689	54.972918000	4	0x008e	16674	2	8
3690	54.976812000					2
3691	54.976918000	4	0x008e	290	64	8
3692	54.980799000					64
3693	54.980906000	4	0x008e	16418	64	8
3696	54.984809000					64
3697	54.984855000	4	0x008e	32546	64	8
3698	54.988808000					64
3699	54.988913000	4	0x008e	48674	64	8
3700	54.992798000					64
3701	54.992872000	4	0x008e	64802	4	8
3702	54.996820000					4
3703	54.996942000	4	0x008e	16674	2	8
3704	55.000847000					2
3705	55.001099000	4	0x008e	290	64	8
3706	55.004828000					64
3707	55.004998000	4	0x008e	16418	64	8
3708	55.008807000					64
3709	55.008914000	4	0x008e	32546	64	8
3710	55.012809000					64
3711	55.012941000	4	0x008e	48674	64	8
3712	55.016808000					64
3713	55.016893000	4	0x008e	64802	4	8
3714	55.020795000					4
3715	55.020859000	4	0x008e	16674	2	8
3716	55.024805000					2
3717	55.024916000	4	0x008e	290	64	8
3718	55.028824000					64
3719	55.028977000	4	0x008e	16418	64	8
3720	55.032849000					64
3721	55.032984000	4	0x008e	32546	64	8
3722	55.036802000					64
3723	55.036888000	4	0x008e	48674	64	8
3724	55.040805000					64
3725	55.040879000	4	0x008e	64802	4	8
3726	55.044796000					4
3727	55.044862000	4	0x008e	16674	2	8
3728	55.048809000					2
3729	55.048911000	4	0x008e	290	64	8
3730	55.052801000					64
3731	55.052843000	4	0x008e	16418	64	8
3734	55.056805000					64
3735	55.056862000	4	0x008e	32546	64	8
3736	55.060804000					64
3737	55.060852000	4	0x008e	48674	64	8
3738	55.064800000					64
3739	55.064848000	4	0x008e	64802	4	8
3740	55.068809000					4
3741	55.068890000	4	0x008e	16674	2	8
3742	55.072807000					2
3743	55.072892000	4	0x008e	290	64	8
3744	55.076819000					64
3745	55.076902000	4	0x008e	16418	64	8
3746	55.080819000					64
3747	55.080921000	4	0x008e	32546	64	8
3748	55.084818000					64
3749	55.084912000	4	0x008e	48674	64	8
3750	55.088814000					64
3751	55.088892000	4	0x008e	64802	4	8
3752	55.092810000					4
3753	55.092886000	4	0x008e	16674	2	8
3754	55.096814000					2
3755	55.096911000	4	0x008e	290	64	8
3756	55.100815000					64
3757	55.100891000	4	0x008e	16418	64	8
3758	55.104811000					64
3759	55.104880000	4	0x008e	32546	64	8
3760	55.108824000					64
3761	55.108918000	4	0x008e	48674	64	8
3762	55.112821000					64
3763	55.112975000	4	0x008e	64802	4	8
3764	55.116883000					4
3765	55.117102000	4	0x008e	16674	2	8
3766	55.120808000					2
3767	55.120866000	4	0x008e	290	64	8
3768	55.124813000					64
3769	55.124864000	4	0x008e	16418	64	8
3770	55.128816000					64
3771	55.128872000	4	0x008e	32546	64	8
3772	55.132820000					64
3773	55.132886000	4	0x008e	48674	64	8
3774	55.136810000					64
3775	55.136850000	4	0x008e	64802	4	8
3776	55.140811000					4
3777	55.140859000	4	0x008e	16674	2	8
3778	55.144807000					2
3779	55.144844000	4	0x008e	290	64	8
3780	55.148808000					64
3781	55.148846000	4	0x008e	16418	64	8
3782	55.152809000					64
3783	55.152840000	4	0x008e	32546	64	8
3784	55.156813000					64
3785	55.156848000	4	0x008e	48674	64	8
3786	55.160810000					64
3787	55.160836000	4	0x008e	64802	4	8
3788	55.164819000					4
3789	55.164901000	4	0x008e	16674	2	8
3790	55.168827000					2
3791	55.168950000	4	0x008e	290	64	8
3792	55.172836000					64
3793	55.172940000	4	0x008e	16418	64	8
3794	55.176824000					64
3795	55.176884000	4	0x008e	32546	64	8
3796	55.180821000					64
3797	55.180873000	4	0x008e	48674	64	8
3798	55.184837000					64
3799	55.184892000	4	0x008e	64802	4	8
3800	55.188820000					4
3801	55.188865000	4	0x008e	16674	2	8
3802	55.192812000					2
3803	55.192844000	4	0x008e	290	64	8
3804	55.196814000					64
3805	55.196844000	4	0x008e	16418	64	8
3806	55.200822000					64
3807	55.200880000	4	0x008e	32546	64	8
3808	55.204829000					64
3809	55.204923000	4	0x008e	48674	64	8
3810	55.208824000					64
3811	55.208876000	4	0x008e	64802	4	8
3812	55.212815000					4
3813	55.212845000	4	0x008e	16674	2	8
3814	55.216819000					2
3815	55.216882000	4	0x008e	290	64	8
3816	55.220822000					64
3817	55.220865000	4	0x008e	16418	64	8
3818	55.224827000					64
3819	55.224894000	4	0x008e	32546	64	8
3820	55.228818000					64
3821	55.228852000	4	0x008e	48674	64	8
3822	55.232821000					64
3823	55.232860000	4	0x008e	64802	4	8
3824	55.236818000					4
3825	55.236854000	4	0x008e	16674	2	8
3826	55.240816000					2
3827	55.240853000	4	0x008e	290	64	8
3828	55.244821000					64
3829	55.244871000	4	0x008e	16418	64	8
3830	55.248828000					64
3831	55.248887000	4	0x008e	32546	64	8
3832	55.252823000					64
3833	55.252877000	4	0x008e	48674	64	8
3834	55.256826000					64
3835	55.256877000	4	0x008e	64802	4	8
3836	55.260824000					4
3837	55.260878000	4	0x008e	16674	2	8
3838	55.264828000					2
3839	55.264899000	4	0x008e	290	64	8
3840	55.268827000					64
3841	55.268864000	4	0x008e	16418	64	8
3842	55.272825000					64
3843	55.272862000	4	0x008e	32546	64	8
3844	55.276828000					64
3845	55.276865000	4	0x008e	48674	64	8
3846	55.280832000					64
3847	55.280891000	4	0x008e	64802	4	8
3848	55.284821000					4
3849	55.284850000	4	0x008e	16674	2	8
3850	55.288828000					2
3851	55.288871000	4	0x008e	290	64	8
3852	55.292830000					64
3853	55.292864000	4	0x008e	16418	64	8
3854	55.296825000					64
3855	55.296852000	4	0x008e	32546	64	8
3856	55.300825000					64
3857	55.300854000	4	0x008e	48674	64	8
3858	55.304826000					64
3859	55.304855000	4	0x008e	64802	4	8
3860	55.308826000					4
3861	55.308869000	4	0x008e	16674	2	8
3862	55.312833000					2
3863	55.312883000	4	0x008e	290	64	8
3864	55.316832000					64
3865	55.316869000	4	0x008e	16418	64	8
3866	55.320830000					64
3867	55.320862000	4	0x008e	32546	64	8
3868	55.324838000					64
3869	55.324904000	4	0x008e	48674	64	8
3870	55.328833000					64
3871	55.328873000	4	0x008e	64802	4	8
3872	55.332831000					4
3873	55.332874000	4	0x008e	16674	2	8
3874	55.336833000					2
3875	55.336877000	4	0x008e	290	64	8
3876	55.340837000					64
3877	55.340881000	4	0x008e	16418	64	8
3878	55.344834000					64
3879	55.344875000	4	0x008e	32546	64	8
3880	55.348841000					64
3881	55.348893000	4	0x008e	48674	64	8
3882	55.352834000					64
3883	55.352875000	4	0x008e	64802	4	8
3884	55.356834000					4
3885	55.356886000	4	0x008e	16674	2	8
3886	55.360835000					2
3887	55.360880000	4	0x008e	290	64	8
3888	55.364840000					64
3889	55.364884000	4	0x008e	16418	64	8
3890	55.368838000					64
3891	55.368878000	4	0x008e	32546	64	8
3892	55.372842000					64
3893	55.372896000	4	0x008e	48674	64	8
3894	55.376839000					64
3895	55.376878000	4	0x008e	64802	4	8
3896	55.380837000					4
3897	55.380876000	4	0x008e	16674	2	8
3898	55.384841000					2
3899	55.384881000	4	0x008e	290	64	8
3900	55.388844000					64
3901	55.388895000	4	0x008e	16418	64	8
3902	55.392843000					64
3903	55.392882000	4	0x008e	32546	64	8
3904	55.396844000					64
3905	55.396881000	4	0x008e	48674	64	8
3906	55.400843000					64
3907	55.400886000	4	0x008e	64802	4	8
3908	55.404844000					4
3909	55.404904000	4	0x008e	16674	2	8
3910	55.408841000					2
3911	55.408884000	4	0x008e	290	64	8
3912	55.412844000					64
3913	55.412888000	4	0x008e	16418	64	8
3914	55.416841000					64
3915	55.416878000	4	0x008e	32546	64	8
3916	55.420850000					64
3917	55.420906000	4	0x008e	48674	64	8
3918	55.424846000					64
3919	55.424886000	4	0x008e	64802	4	8
3920	55.428844000					4
3921	55.428884000	4	0x008e	16674	2	8
3922	55.432847000					2
3923	55.432892000	4	0x008e	290	64	8
3924	55.436843000					64
3925	55.436876000	4	0x008e	16418	64	8
3926	55.440841000					64
3927	55.440868000	4	0x008e	32546	64	8
3928	55.444843000					64
3929	55.444871000	4	0x008e	48674	64	8
3930	55.448841000					64
3931	55.448869000	4	0x008e	64802	4	8
3932	55.452845000					4
3933	55.452887000	4	0x008e	16674	2	8
3934	55.456843000					2
3935	55.456877000	4	0x008e	290	64	8
3936	55.460844000					64
3937	55.460875000	4	0x008e	16418	64	8
3938	55.464844000					64
3939	55.464885000	4	0x008e	32546	64	8
3940	55.468844000					64
3941	55.468871000	4	0x008e	48674	64	8
3942	55.472844000					64
3943	55.472872000	4	0x008e	64802	4	8
3944	55.476846000					4
3945	55.476874000	4	0x008e	16674	2	8
3946	55.480853000					2
3947	55.480905000	4	0x008e	290	64	8
3948	55.484847000					64
3949	55.484871000	4	0x008e	16418	64	8
3950	55.488847000					64
3951	55.488874000	4	0x008e	32546	64	8
3952	55.492849000					64
3953	55.492876000	4	0x008e	48674	64	8
3954	55.496854000					64
3955	55.496895000	4	0x008e	64802	4	8
3956	55.500849000					4
3957	55.500880000	4	0x008e	16674	2	8
3958	55.504848000					2
3959	55.504882000	4	0x008e	290	64	8
3960	55.508850000					64
3961	55.508880000	4	0x008e	16418	64	8
3962	55.512855000					64
3963	55.512893000	4	0x008e	32546	64	8
3964	55.516851000					64
3965	55.516879000	4	0x008e	48674	64	8
3966	55.520851000					64
3967	55.520878000	4	0x008e	64802	4	8
3968	55.524851000					4
3969	55.524878000	4	0x008e	16674	2	8
3970	55.528852000					2
3971	55.528885000	4	0x008e	290	64	8
3972	55.532852000					64
3973	55.532880000	4	0x008e	16418	64	8
3974	55.536853000					64
3975	55.536880000	4	0x008e	32546	64	8
3976	55.540854000					64
3977	55.540881000	4	0x008e	48674	64	8
3978	55.544860000					64
3979	55.544925000	4	0x008e	64802	4	8
3980	55.548854000					4
3981	55.548881000	4	0x008e	16674	2	8
3982	55.552855000					2
3983	55.552916000	4	0x008e	290	64	8
3984	55.556855000					64
3985	55.556891000	4	0x008e	16418	64	8
3986	55.560866000					64
3987	55.560920000	4	0x008e	32546	64	8
3988	55.564859000					64
3989	55.564895000	4	0x008e	48674	64	8
3990	55.568858000					64
3991	55.568888000	4	0x008e	64802	4	8
3992	55.572856000					4
3993	55.572904000	4	0x008e	16674	2	8
3994	55.576858000					2
3995	55.576893000	4	0x008e	290	64	8
3996	55.580859000					64
3997	55.580886000	4	0x008e	16418	64	8
3998	55.584875000					64
3999	55.584907000	4	0x008e	32546	64	8
4000	55.588876000					64
4001	55.588917000	4	0x008e	48674	64	8
4002	55.592876000					64
4003	55.592906000	4	0x008e	64802	4	8
4004	55.596875000					4
4005	55.596907000	4	0x008e	16674	2	8
4006	55.600875000					2
4007	55.600928000	4	0x008e	290	64	8
4008	55.604882000					64
4009	55.604943000	4	0x008e	16418	64	8
4010	55.608878000					64
4011	55.608937000	4	0x008e	32546	64	8
4012	55.613102000					64
4013	55.613187000	4	0x008e	48674	64	8
4014	55.616877000					64
4015	55.616919000	4	0x008e	64802	4	8
4016	55.620894000					4
4017	55.620981000	4	0x008e	16674	2	8
4018	55.624879000					2
4019	55.624959000	4	0x008e	290	64	8
4020	55.628880000					64
4021	55.628935000	4	0x008e	16418	64	8
4022	55.633104000					64
4023	55.633189000	4	0x008e	32546	64	8
4024	55.636893000					64
4025	55.636976000	4	0x008e	48674	64	8
4026	55.640887000					64
4027	55.640950000	4	0x008e	64802	4	8
4028	55.644888000					4
4029	55.644937000	4	0x008e	16674	2	8
4030	55.648900000					2
4031	55.648987000	4	0x008e	290	64	8
4032	55.652898000					64
4033	55.652982000	4	0x008e	16418	64	8
4034	55.656897000					64
4035	55.656979000	4	0x008e	32546	64	8
4036	55.660897000					64
4037	55.660979000	4	0x008e	48674	64	8
4038	55.664896000					64
4039	55.664978000	4	0x008e	64802	4	8
4040	55.668884000					4
4041	55.668967000	4	0x008e	16674	2	8
4042	55.672869000					2
4043	55.672938000	4	0x008e	290	64	8
4044	55.676870000					64
4045	55.676934000	4	0x008e	16418	64	8
4046	55.680871000					64
4047	55.680946000	4	0x008e	32546	64	8
4048	55.684882000					64
4049	55.684966000	4	0x008e	48674	64	8
4050	55.688880000					64
4051	55.688947000	4	0x008e	64802	4	8
4052	55.692873000					4
4053	55.692955000	4	0x008e	16674	2	8
4054	55.696895000					2
4055	55.696956000	4	0x008e	290	64	8
4056	55.700875000					64
4057	55.700935000	4	0x008e	16418	64	8
4058	55.704878000					64
4059	55.704953000	4	0x008e	32546	64	8
4060	55.708873000					64
4061	55.708950000	4	0x008e	48674	64	8
4062	55.712878000					64
4063	55.712928000	4	0x008e	64802	4	8
4064	55.716873000					4
4065	55.716944000	4	0x008e	16674	2	8
4066	55.720873000					2
4067	55.720942000	4	0x008e	290	64	8
4068	55.724875000					64
4069	55.724930000	4	0x008e	16418	64	8
4070	55.728881000					64
4071	55.728976000	4	0x008e	32546	64	8
4072	55.732880000					64
4073	55.732946000	4	0x008e	48674	64	8
4074	55.736880000					64
4075	55.736933000	4	0x008e	64802	4	8
4076	55.740877000					4
4077	55.740951000	4	0x008e	16674	2	8
4078	55.744880000					2
4079	55.744948000	4	0x008e	290	64	8
4080	55.748880000					64
4081	55.748936000	4	0x008e	16418	64	8
4082	55.752883000					64
4083	55.752954000	4	0x008e	32546	64	8
4084	55.756878000					64
4085	55.756934000	4	0x008e	48674	64	8
4086	55.760889000					64
4087	55.760993000	4	0x008e	64802	4	8
4088	55.764889000					4
4089	55.764986000	4	0x008e	16674	2	8
4092	55.768886000					2
4093	55.768985000	4	0x008e	290	64	8
4094	55.772885000					64
4095	55.772960000	4	0x008e	16418	64	8
4096	55.776890000					64
4097	55.776991000	4	0x008e	32546	64	8
4098	55.780886000					64
4099	55.780962000	4	0x008e	48674	64	8
4100	55.784886000					64
4101	55.784961000	4	0x008e	64802	4	8
4102	55.788885000					4
4103	55.788961000	4	0x008e	16674	2	8
4104	55.792889000					2
4105	55.792977000	4	0x008e	290	64	8
4106	55.796888000					64
4107	55.796962000	4	0x008e	16418	64	8
4108	55.800887000					64
4109	55.800962000	4	0x008e	32546	64	8
4110	55.804889000					64
4111	55.804964000	4	0x008e	48674	64	8
4112	55.808893000					64
4113	55.808951000	4	0x008e	64802	4	8
4114	55.812889000					4
4115	55.812945000	4	0x008e	16674	2	8
4116	55.816889000					2
4117	55.816947000	4	0x008e	290	64	8
4118	55.820889000					64
4119	55.820947000	4	0x008e	16418	64	8
4120	55.824899000					64
4121	55.824972000	4	0x008e	32546	64	8
4122	55.828895000					64
4123	55.828950000	4	0x008e	48674	64	8
4124	55.832890000					64
4125	55.832948000	4	0x008e	64802	4	8
4126	55.836897000					4
4127	55.836978000	4	0x008e	16674	2	8
4130	55.840931000					2
4131	55.841026000	4	0x008e	290	64	8
4132	55.844907000					64
4133	55.845015000	4	0x008e	16418	64	8
4134	55.848919000					64
4135	55.849073000	4	0x008e	32546	64	8
4136	55.852930000					64
4137	55.853400000	4	0x008e	48674	64	8
4138	55.856915000					64
4139	55.856969000	4	0x008e	64802	4	8
4140	55.860901000					4
4141	55.860983000	4	0x008e	16674	2	8
4142	55.864951000					2
4143	55.865233000	4	0x008e	290	64	8
4144	55.868964000					64
4145	55.869077000	4	0x008e	16418	64	8
4146	55.872901000					64
4147	55.872982000	4	0x008e	32546	64	8
4148	55.876910000					64
4149	55.877031000	4	0x008e	48674	64	8
4150	55.880933000					64
4151	55.881474000	4	0x008e	64802	4	8
4152	55.884906000					4
4153	55.884992000	4	0x008e	16674	2	8
4154	55.888943000					2
4155	55.889097000	4	0x008e	290	64	8
4156	55.892945000					64
4157	55.893269000	4	0x008e	16418	64	8
4158	55.896907000					64
4159	55.896960000	4	0x008e	32546	64	8
4160	55.900907000					64
4161	55.900985000	4	0x008e	48674	64	8
4162	55.904924000					64
4163	55.904989000	4	0x008e	64802	4	8
4164	55.908910000					4
4165	55.909001000	4	0x008e	16674	2	8
4166	55.912902000					2
4167	55.912957000	4	0x008e	290	64	8
4168	55.916911000					64
4169	55.916990000	4	0x008e	16418	64	8
4170	55.920900000					64
4171	55.920931000	4	0x008e	32546	64	8
4172	55.924900000					64
4173	55.924931000	4	0x008e	48674	64	8
4174	55.928897000					64
4175	55.928925000	4	0x008e	64802	4	8
4176	55.932905000					4
4177	55.932945000	4	0x008e	16674	2	8
4178	55.936900000					2
4179	55.936959000	4	0x008e	290	64	8
4180	55.940899000					64
4181	55.940927000	4	0x008e	16418	64	8
4184	55.944906000					64
4185	55.944942000	4	0x008e	32546	64	8
4186	55.948907000					64
4187	55.948969000	4	0x008e	48674	64	8
4188	55.952904000					64
4189	55.952937000	4	0x008e	64802	4	8
4190	55.956903000					4
4191	55.956930000	4	0x008e	16674	2	8
4192	55.960903000					2
4193	55.960933000	4	0x008e	290	64	8
4194	55.964913000					64
4195	55.964973000	4	0x008e	16418	64	8
4196	55.968908000					64
4197	55.968955000	4	0x008e	32546	64	8
4198	55.972909000					64
4199	55.972937000	4	0x008e	48674	64	8
4200	55.976905000					64
4201	55.976932000	4	0x008e	64802	4	8
4202	55.980911000					4
4203	55.980955000	4	0x008e	16674	2	8
4204	55.984908000					2
4205	55.984955000	4	0x008e	290	64	8
4206	55.988908000					64
4207	55.988936000	4	0x008e	16418	64	8
4208	55.992904000					64
4209	55.992932000	4	0x008e	32546	64	8
4210	55.996915000					64
4211	55.996962000	4	0x008e	48674	64	8
4212	56.000915000					64
4213	56.000955000	4	0x008e	64802	4	8
4214	56.004906000					4
4215	56.004936000	4	0x008e	16674	2	8
4216	56.008909000					2
4217	56.008941000	4	0x008e	290	64	8
4218	56.012914000					64
4219	56.012953000	4	0x008e	16418	64	8
4220	56.016915000					64
4221	56.016956000	4	0x008e	32546	64	8
4222	56.020911000					64
4223	56.020938000	4	0x008e	48674	64	8
4224	56.024911000					64
4225	56.024943000	4	0x008e	64802	4	8
4226	56.028912000					4
4227	56.028943000	4	0x008e	16674	2	8
4228	56.032915000					2
4229	56.032961000	4	0x008e	290	64	8
4230	56.036914000					64
4231	56.036950000	4	0x008e	16418	64	8
4232	56.040918000					64
4233	56.040954000	4	0x008e	32546	64	8
4234	56.044915000					64
4235	56.044945000	4	0x008e	48674	64	8
4236	56.048921000					64
4237	56.048962000	4	0x008e	64802	4	8
4238	56.052917000					4
4239	56.052963000	4	0x008e	16674	2	8
4240	56.056919000					2
4241	56.056971000	4	0x008e	290	64	8
4242	56.060921000					64
4243	56.060960000	4	0x008e	16418	64	8
4244	56.064929000					64
4245	56.064989000	4	0x008e	32546	64	8
4246	56.068923000					64
4247	56.068968000	4	0x008e	48674	64	8
4248	56.072927000					64
4249	56.072983000	4	0x008e	64802	4	8
4250	56.076919000					4
4251	56.076959000	4	0x008e	16674	2	8
4252	56.080922000					2
4253	56.080965000	4	0x008e	290	64	8
4254	56.084929000					64
4255	56.084980000	4	0x008e	16418	64	8
4256	56.088934000					64
4257	56.089002000	4	0x008e	32546	64	8
4258	56.092924000					64
4259	56.092963000	4	0x008e	48674	64	8
4260	56.096923000					64
4261	56.096960000	4	0x008e	64802	4	8
4262	56.100927000					4
4263	56.100977000	4	0x008e	16674	2	8
4264	56.104927000					2
4265	56.104981000	4	0x008e	290	64	8
4266	56.108926000					64
4267	56.108965000	4	0x008e	16418	64	8
4268	56.112928000					64
4269	56.112969000	4	0x008e	32546	64	8
4270	56.116939000					64
4271	56.116988000	4	0x008e	48674	64	8
4272	56.120936000					64
4273	56.120998000	4	0x008e	64802	4	8
4274	56.124931000					4
4275	56.124981000	4	0x008e	16674	2	8
4276	56.128928000					2
4277	56.128969000	4	0x008e	290	64	8
4278	56.132950000					64
4279	56.133025000	4	0x008e	16418	64	8
4280	56.136948000					64
4281	56.137041000	4	0x008e	32546	64	8
4282	56.140936000					64
4283	56.140981000	4	0x008e	48674	64	8
4284	56.144930000					64
4285	56.144978000	4	0x008e	64802	4	8
4286	56.148936000					4
4287	56.148993000	4	0x008e	16674	2	8
4288	56.152927000					2
4289	56.152968000	4	0x008e	290	64	8
4290	56.156929000					64
4291	56.156967000	4	0x008e	16418	64	8
4292	56.160931000					64
4293	56.160968000	4	0x008e	32546	64	8
4294	56.164940000					64
4295	56.165025000	4	0x008e	48674	64	8
4296	56.168930000					64
4297	56.168956000	4	0x008e	64802	4	8
4298	56.172929000					4
4299	56.172965000	4	0x008e	16674	2	8
4300	56.176928000					2
4301	56.176959000	4	0x008e	290	64	8
4302	56.180929000					64
4303	56.180956000	4	0x008e	16418	64	8
4304	56.184935000					64
4305	56.184973000	4	0x008e	32546	64	8
4306	56.188930000					64
4307	56.188958000	4	0x008e	48674	64	8
4308	56.192930000					64
4309	56.192957000	4	0x008e	64802	4	8
4310	56.196934000					4
4311	56.196989000	4	0x008e	16674	2	8
4312	56.200933000					2
4313	56.200968000	4	0x008e	290	64	8
4314	56.204937000					64
4315	56.204969000	4	0x008e	16418	64	8
4316	56.208932000					64
4317	56.208958000	4	0x008e	32546	64	8
4318	56.212942000					64
4319	56.212991000	4	0x008e	48674	64	8
4320	56.216935000					64
4321	56.216967000	4	0x008e	64802	4	8
4322	56.220934000					4
4323	56.220963000	4	0x008e	16674	2	8
4324	56.224938000					2
4325	56.224979000	4	0x008e	290	64	8
4326	56.228938000					64
4327	56.228971000	4	0x008e	16418	64	8
4328	56.232939000					64
4329	56.232974000	4	0x008e	32546	64	8
4330	56.236936000					64
4331	56.236966000	4	0x008e	48674	64	8
4332	56.240942000					64
4333	56.240978000	4	0x008e	64802	4	8
4334	56.244936000					4
4335	56.244967000	4	0x008e	16674	2	8
4336	56.248940000					2
4337	56.248975000	4	0x008e	290	64	8
4338	56.252938000					64
4339	56.252965000	4	0x008e	16418	64	8
4340	56.256938000					64
4341	56.256965000	4	0x008e	32546	64	8
4342	56.260940000					64
4343	56.260992000	4	0x008e	48674	64	8
4344	56.264944000					64
4345	56.265008000	4	0x008e	64802	4	8
4346	56.268940000					4
4347	56.268974000	4	0x008e	16674	2	8
4348	56.272940000					2
4349	56.272989000	4	0x008e	290	64	8
4350	56.276947000					64
4351	56.276999000	4	0x008e	16418	64	8
4352	56.280940000					64
4353	56.280967000	4	0x008e	32546	64	8
4354	56.284952000					64
4355	56.284998000	4	0x008e	48674	64	8
4356	56.288946000					64
4357	56.288982000	4	0x008e	64802	4	8
4358	56.292942000					4
4359	56.292970000	4	0x008e	16674	2	8
4360	56.296941000					2
4361	56.296973000	4	0x008e	290	64	8
4362	56.300949000					64
4363	56.300984000	4	0x008e	16418	64	8
4364	56.304948000					64
4365	56.304983000	4	0x008e	32546	64	8
4366	56.308945000					64
4367	56.308973000	4	0x008e	48674	64	8
4368	56.312945000					64
4369	56.312974000	4	0x008e	64802	4	8
4370	56.316953000					4
4371	56.317029000	4	0x008e	16674	2	8
4372	56.320947000					2
4373	56.321029000	4	0x008e	290	64	8
4374	56.324947000					64
4375	56.324976000	4	0x008e	16418	64	8
4376	56.328944000					64
4377	56.328970000	4	0x008e	32546	64	8
4378	56.332954000					64
4379	56.332991000	4	0x008e	48674	64	8
4380	56.336947000					64
4381	56.336978000	4	0x008e	64802	4	8
4382	56.340946000					4
4383	56.340975000	4	0x008e	16674	2	8
4384	56.344945000					2
4385	56.344976000	4	0x008e	290	64	8
4386	56.348953000					64
4387	56.348991000	4	0x008e	16418	64	8
4388	56.352957000					64
4389	56.353000000	4	0x008e	32546	64	8
4390	56.356951000					64
4391	56.356979000	4	0x008e	48674	64	8
4392	56.360952000					64
4393	56.360979000	4	0x008e	64802	4	8
4394	56.364952000					4
4395	56.364991000	4	0x008e	16674	2	8
4396	56.368954000					2
4397	56.368997000	4	0x008e	290	64	8
4398	56.372953000					64
4399	56.372981000	4	0x008e	16418	64	8
4400	56.376953000					64
4401	56.376982000	4	0x008e	32546	64	8
4402	56.380998000					64
4403	56.381061000	4	0x008e	48674	64	8
4404	56.384967000					64
4405	56.385019000	4	0x008e	64802	4	8
4406	56.388954000					4
4407	56.388984000	4	0x008e	16674	2	8
4408	56.392969000					2
4409	56.393006000	4	0x008e	290	64	8
4410	56.396971000					64
4411	56.397010000	4	0x008e	16418	64	8
4412	56.400974000					64
4413	56.401016000	4	0x008e	32546	64	8
4414	56.405194000					64
4415	56.405239000	4	0x008e	48674	64	8
4416	56.408972000					64
4417	56.409005000	4	0x008e	64802	4	8
4418	56.412973000					4
4419	56.413027000	4	0x008e	16674	2	8
4420	56.416973000					2
4421	56.417027000	4	0x008e	290	64	8
4422	56.420975000					64
4423	56.421010000	4	0x008e	16418	64	8
4424	56.424974000					64
4425	56.425008000	4	0x008e	32546	64	8
4426	56.428980000					64
4427	56.429046000	4	0x008e	48674	64	8
4428	56.432981000					64
4429	56.433030000	4	0x008e	64802	4	8
4430	56.436975000					4
4431	56.437008000	4	0x008e	16674	2	8
4432	56.440975000					2
4433	56.441012000	4	0x008e	290	64	8
4434	56.444979000					64
4435	56.445020000	4	0x008e	16418	64	8
4436	56.448993000					64
4437	56.449050000	4	0x008e	32546	64	8
4438	56.452978000					64
4439	56.453008000	4	0x008e	48674	64	8
4440	56.456978000					64
4441	56.457010000	4	0x008e	64802	4	8
4442	56.460980000					4
4443	56.461026000	4	0x008e	16674	2	8
4444	56.464965000					2
4445	56.465008000	4	0x008e	290	64	8
4446	56.468978000					64
4447	56.469012000	4	0x008e	16418	64	8
4448	56.472984000					64
4449	56.473018000	4	0x008e	32546	64	8
4450	56.476972000					64
4451	56.477019000	4	0x008e	48674	64	8
4452	56.480965000					64
4453	56.480989000	4	0x008e	64802	4	8
4454	56.484964000					4
4455	56.485004000	4	0x008e	16674	2	8
4456	56.488971000					2
4457	56.489010000	4	0x008e	290	64	8
4458	56.492976000					64
4459	56.493034000	4	0x008e	16418	64	8
4460	56.496967000					64
4461	56.497002000	4	0x008e	32546	64	8
4462	56.500971000					64
4463	56.501007000	4	0x008e	48674	64	8
4464	56.504965000					64
4465	56.504993000	4	0x008e	64802	4	8
4466	56.508968000					4
4467	56.509003000	4	0x008e	16674	2	8
4468	56.512966000					2
4469	56.512997000	4	0x008e	290	64	8
4470	56.516973000					64
4471	56.517009000	4	0x008e	16418	64	8
4472	56.520983000					64
4473	56.521018000	4	0x008e	32546	64	8
4474	56.524992000					64
4475	56.525039000	4	0x008e	48674	64	8
4476	56.528972000					64
4477	56.529002000	4	0x008e	64802	4	8
4478	56.532987000					4
4479	56.533033000	4	0x008e	16674	2	8
4480	56.537003000					2
4481	56.537077000	4	0x008e	290	64	8
4482	56.540989000					64
4483	56.541020000	4	0x008e	16418	64	8
4484	56.545002000					64
4485	56.545045000	4	0x008e	32546	64	8
4486	56.548991000					64
4487	56.549031000	4	0x008e	48674	64	8
4490	56.552996000					64
4491	56.553050000	4	0x008e	64802	4	8
4492	56.556991000					4
4493	56.557031000	4	0x008e	16674	2	8
4494	56.560989000					2
4495	56.561026000	4	0x008e	290	64	8
4496	56.564981000					64
4497	56.565025000	4	0x008e	16418	64	8
4498	56.568990000					64
4499	56.569061000	4	0x008e	32546	64	8
4500	56.572977000					64
4501	56.573002000	4	0x008e	48674	64	8
4502	56.576976000					64
4503	56.577002000	4	0x008e	64802	4	8
4504	56.580975000					4
4505	56.581010000	4	0x008e	16674	2	8
4506	56.584981000					2
4507	56.585031000	4	0x008e	290	64	8
4508	56.588976000					64
4509	56.589007000	4	0x008e	16418	64	8
4510	56.592977000					64
4511	56.593007000	4	0x008e	32546	64	8
4512	56.596979000					64
4513	56.597008000	4	0x008e	48674	64	8
4514	56.600992000					64
4515	56.601046000	4	0x008e	64802	4	8
4516	56.604977000					4
4517	56.605003000	4	0x008e	16674	2	8
4518	56.608980000					2
4519	56.609012000	4	0x008e	290	64	8
4520	56.612978000					64
4521	56.613005000	4	0x008e	16418	64	8
4522	56.616994000					64
4523	56.617049000	4	0x008e	32546	64	8
4524	56.620982000					64
4525	56.621011000	4	0x008e	48674	64	8
4526	56.624982000					64
4527	56.625009000	4	0x008e	64802	4	8
4528	56.628980000					4
4529	56.629011000	4	0x008e	16674	2	8
4530	56.632983000					2
4531	56.633030000	4	0x008e	290	64	8
4532	56.636987000					64
4533	56.637019000	4	0x008e	16418	64	8
4534	56.640988000					64
4535	56.641020000	4	0x008e	32546	64	8
4536	56.644983000					64
4537	56.645010000	4	0x008e	48674	64	8
4540	56.648994000					64
4541	56.649040000	4	0x008e	64802	4	8
4542	56.652985000					4
4543	56.653020000	4	0x008e	16674	2	8
4544	56.656985000					2
4545	56.657016000	4	0x008e	290	64	8
4546	56.660985000					64
4547	56.661012000	4	0x008e	16418	64	8
4548	56.664998000					64
4549	56.665049000	4	0x008e	32546	64	8
4550	56.668988000					64
4551	56.669016000	4	0x008e	48674	64	8
4552	56.672988000					64
4553	56.673017000	4	0x008e	64802	4	8
4554	56.676993000					4
4555	56.677050000	4	0x008e	16674	2	8
4556	56.680987000					2
4557	56.681018000	4	0x008e	290	64	8
4558	56.684994000					64
4559	56.685030000	4	0x008e	16418	64	8
4562	56.688999000					64
4563	56.689057000	4	0x008e	32546	64	8
4564	56.693009000					64
4565	56.693102000	4	0x008e	48674	64	8
4566	56.697011000					64
4567	56.697111000	4	0x008e	64802	4	8
4568	56.701006000					4
4569	56.701097000	4	0x008e	16674	2	8
4570	56.705001000					2
4571	56.705132000	4	0x008e	290	64	8
4572	56.709008000					64
4573	56.709098000	4	0x008e	16418	64	8
4574	56.713003000					64
4575	56.713080000	4	0x008e	32546	64	8
4576	56.717012000					64
4577	56.717102000	4	0x008e	48674	64	8
4578	56.721007000					64
4579	56.721069000	4	0x008e	64802	4	8
4580	56.725018000					4
4581	56.725267000	4	0x008e	16674	2	8
4582	56.729047000					2
4583	56.729156000	4	0x008e	290	64	8
4584	56.733019000					64
4585	56.733094000	4	0x008e	16418	64	8
4586	56.737003000					64
4587	56.737050000	4	0x008e	32546	64	8
4588	56.741010000					64
4589	56.741087000	4	0x008e	48674	64	8
4590	56.744995000					64
4591	56.745023000	4	0x008e	64802	4	8
4592	56.749022000					4
4593	56.749137000	4	0x008e	16674	2	8
4594	56.752996000					2
4595	56.753029000	4	0x008e	290	64	8
4596	56.757008000					64
4597	56.757083000	4	0x008e	16418	64	8
4598	56.761004000					64
4599	56.761040000	4	0x008e	32546	64	8
4600	56.765009000					64
4601	56.765085000	4	0x008e	48674	64	8
4602	56.769006000					64
4603	56.769050000	4	0x008e	64802	4	8
4604	56.773001000					4
4605	56.773058000	4	0x008e	16674	2	8
4606	56.776999000					2
4607	56.777046000	4	0x008e	290	64	8
4608	56.781000000					64
4609	56.781040000	4	0x008e	16418	64	8
4610	56.785040000					64
4611	56.785108000	4	0x008e	32546	64	8
4612	56.789013000					64
4613	56.789083000	4	0x008e	48674	64	8
4614	56.793000000					64
4615	56.793036000	4	0x008e	64802	4	8
4616	56.796999000					4
4617	56.797049000	4	0x008e	16674	2	8
4618	56.801005000					2
4619	56.801072000	4	0x008e	290	64	8
4620	56.805010000					64
4621	56.805075000	4	0x008e	16418	64	8
4622	56.809001000					64
4623	56.809044000	4	0x008e	32546	64	8
4624	56.813004000					64
4625	56.813045000	4	0x008e	48674	64	8
4626	56.817019000					64
4627	56.817092000	4	0x008e	64802	4	8
4628	56.821011000					4
4629	56.821080000	4	0x008e	16674	2	8
4630	56.825007000					2
4631	56.825051000	4	0x008e	290	64	8
4632	56.829005000					64
4633	56.829044000	4	0x008e	16418	64	8
4634	56.833013000					64
4635	56.833073000	4	0x008e	32546	64	8
4636	56.837006000					64
4637	56.837054000	4	0x008e	48674	64	8
4638	56.841013000					64
4639	56.841064000	4	0x008e	64802	4	8
4640	56.845008000					4
4641	56.845050000	4	0x008e	16674	2	8
4642	56.849039000					2
4643	56.849114000	4	0x008e	290	64	8
4644	56.853012000					64
4645	56.853046000	4	0x008e	16418	64	8
4646	56.857007000					64
4647	56.857036000	4	0x008e	32546	64	8
4648	56.861009000					64
4649	56.861037000	4	0x008e	48674	64	8
4650	56.865021000					64
4651	56.865086000	4	0x008e	64802	4	8
4652	56.869011000					4
4653	56.869041000	4	0x008e	16674	2	8
4654	56.873010000					2
4655	56.873041000	4	0x008e	290	64	8
4656	56.877012000					64
4657	56.877040000	4	0x008e	16418	64	8
4658	56.881013000					64
4659	56.881048000	4	0x008e	32546	64	8
4660	56.885013000					64
4661	56.885041000	4	0x008e	48674	64	8
4662	56.889011000					64
4663	56.889040000	4	0x008e	64802	4	8
4664	56.893013000					4
4665	56.893043000	4	0x008e	16674	2	8
4666	56.897016000					2
4667	56.897066000	4	0x008e	290	64	8
4668	56.901022000					64
4669	56.901065000	4	0x008e	16418	64	8
4670	56.905016000					64
4671	56.905043000	4	0x008e	32546	64	8
4672	56.909013000					64
4673	56.909040000	4	0x008e	48674	64	8
4674	56.913019000					64
4675	56.913058000	4	0x008e	64802	4	8
4676	56.917016000					4
4677	56.917046000	4	0x008e	16674	2	8
4678	56.921016000					2
4679	56.921046000	4	0x008e	290	64	8
4680	56.925037000					64
4681	56.925079000	4	0x008e	16418	64	8
4682	56.929021000					64
4683	56.929053000	4	0x008e	32546	64	8
4684	56.933018000					64
4685	56.933045000	4	0x008e	48674	64	8
4686	56.937018000					64
4687	56.937045000	4	0x008e	64802	4	8
4688	56.941023000					4
4689	56.941073000	4	0x008e	16674	2	8
4690	56.945021000					2
4691	56.945066000	4	0x008e	290	64	8
4692	56.949021000					64
4693	56.949050000	4	0x008e	16418	64	8
4694	56.953022000					64
4695	56.953052000	4	0x008e	32546	64	8
4696	56.957030000					64
4697	56.957071000	4	0x008e	48674	64	8
4698	56.961023000					64
4699	56.961051000	4	0x008e	64802	4	8
4700	56.965021000					4
4701	56.965053000	4	0x008e	16674	2	8
4702	56.969025000					2
4703	56.969067000	4	0x008e	290	64	8
4704	56.973030000					64
4705	56.973137000	4	0x008e	16418	64	8
4706	56.977038000					64
4707	56.977084000	4	0x008e	32546	64	8
4708	56.981035000					64
4709	56.981078000	4	0x008e	48674	64	8
4710	56.985029000					64
4711	56.985076000	4	0x008e	64802	4	8
4712	56.989028000					4
4713	56.989085000	4	0x008e	16674	2	8
4714	56.993025000					2
4715	56.993057000	4	0x008e	290	64	8
4716	56.997031000					64
4717	56.997070000	4	0x008e	16418	64	8
4718	57.001026000					64
4719	57.001053000	4	0x008e	32546	64	8
4720	57.005032000					64
4721	57.005068000	4	0x008e	48674	64	8
4722	57.009025000					64
4723	57.009051000	4	0x008e	64802	4	8
4724	57.013025000					4
4725	57.013054000	4	0x008e	16674	2	8
4726	57.017032000					2
4727	57.017073000	4	0x008e	290	64	8
4728	57.021037000					64
4729	57.021084000	4	0x008e	16418	64	8
4730	57.025028000					64
4731	57.025056000	4	0x008e	32546	64	8
4732	57.029034000					64
4733	57.029062000	4	0x008e	48674	64	8
4734	57.033031000					64
4735	57.033062000	4	0x008e	64802	4	8
4736	57.037036000					4
4737	57.037088000	4	0x008e	16674	2	8
4738	57.041030000					2
4739	57.041067000	4	0x008e	290	64	8
4740	57.045037000					64
4741	57.045069000	4	0x008e	16418	64	8
4742	57.049030000					64
4743	57.049056000	4	0x008e	32546	64	8
4744	57.053038000					64
4745	57.053080000	4	0x008e	48674	64	8
4746	57.057032000					64
4747	57.057062000	4	0x008e	64802	4	8
4748	57.061032000					4
4749	57.061063000	4	0x008e	16674	2	8
4750	57.065033000					2
4751	57.065078000	4	0x008e	290	64	8
4752	57.069039000					64
4753	57.069078000	4	0x008e	16418	64	8
4754	57.073035000					64
4755	57.073065000	4	0x008e	32546	64	8
4756	57.077037000					64
4757	57.077078000	4	0x008e	48674	64	8
4758	57.081038000					64
4759	57.081088000	4	0x008e	64802	4	8
4760	57.085037000					4
4761	57.085073000	4	0x008e	16674	2	8
4762	57.089038000					2
4763	57.089116000	4	0x008e	290	64	8
4764	57.093040000					64
4765	57.093084000	4	0x008e	16418	64	8
4766	57.097046000					64
4767	57.097098000	4	0x008e	32546	64	8
4768	57.101042000					64
4769	57.101080000	4	0x008e	48674	64	8
4770	57.105044000					64
4771	57.105083000	4	0x008e	64802	4	8
4772	57.109041000					4
4773	57.109082000	4	0x008e	16674	2	8
4774	57.113044000					2
4775	57.113091000	4	0x008e	290	64	8
4776	57.117045000					64
4777	57.117085000	4	0x008e	16418	64	8
4778	57.121043000					64
4779	57.121080000	4	0x008e	32546	64	8
4780	57.125045000					64
4781	57.125081000	4	0x008e	48674	64	8
4782	57.129051000					64
4783	57.129105000	4	0x008e	64802	4	8
4784	57.133047000					4
4785	57.133086000	4	0x008e	16674	2	8
4786	57.137045000					2
4787	57.137086000	4	0x008e	290	64	8
4788	57.141047000					64
4789	57.141084000	4	0x008e	16418	64	8
4790	57.145061000					64
4791	57.145154000	4	0x008e	32546	64	8
4792	57.149060000					64
4793	57.149149000	4	0x008e	48674	64	8
4794	57.153050000					64
4795	57.153103000	4	0x008e	64802	4	8
4796	57.157047000					4
4797	57.157086000	4	0x008e	16674	2	8
4798	57.161050000					2
4799	57.161102000	4	0x008e	290	64	8
4800	57.165050000					64
4801	57.165088000	4	0x008e	16418	64	8
4802	57.169049000					64
4803	57.169085000	4	0x008e	32546	64	8
4804	57.173054000					64
4805	57.173094000	4	0x008e	48674	64	8
4806	57.177055000					64
4807	57.177117000	4	0x008e	64802	4	8
4808	57.181049000					4
4809	57.181090000	4	0x008e	16674	2	8
4810	57.185050000					2
4811	57.185092000	4	0x008e	290	64	8
4812	57.189056000					64
4813	57.189096000	4	0x008e	16418	64	8
4814	57.193059000					64
4815	57.193117000	4	0x008e	32546	64	8
4816	57.197057000					64
4817	57.197095000	4	0x008e	48674	64	8
4818	57.201055000					64
4819	57.201095000	4	0x008e	64802	4	8
4820	57.205057000					4
4821	57.205102000	4	0x008e	16674	2	8
4822	57.209053000					2
4823	57.209097000	4	0x008e	290	64	8
4824	57.213051000					64
4825	57.213079000	4	0x008e	16418	64	8
4826	57.217055000					64
4827	57.217086000	4	0x008e	32546	64	8
4828	57.221068000					64
4829	57.221101000	4	0x008e	48674	64	8
4830	57.225081000					64
4831	57.225136000	4	0x008e	64802	4	8
4832	57.229068000					4
4833	57.229102000	4	0x008e	16674	2	8
4834	57.233068000					2
4835	57.233104000	4	0x008e	290	64	8
4836	57.237055000					64
4837	57.237087000	4	0x008e	16418	64	8
4838	57.241075000					64
4839	57.241115000	4	0x008e	32546	64	8
4840	57.245072000					64
4841	57.245107000	4	0x008e	48674	64	8
4842	57.249064000					64
4843	57.249115000	4	0x008e	64802	4	8
4844	57.253069000					4
4845	57.253107000	4	0x008e	16674	2	8
4846	57.257068000					2
4847	57.257158000	4	0x008e	290	64	8
4848	57.261090000					64
4849	57.261143000	4	0x008e	16418	64	8
4850	57.265061000					64
4851	57.265105000	4	0x008e	32546	64	8
4852	57.269082000					64
4853	57.269128000	4	0x008e	48674	64	8
4854	57.273084000					64
4855	57.273136000	4	0x008e	64802	4	8
4856	57.277074000					4
4857	57.277108000	4	0x008e	16674	2	8
4858	57.281076000					2
4859	57.281115000	4	0x008e	290	64	8
4860	57.285074000					64
4861	57.285106000	4	0x008e	16418	64	8
4862	57.289082000					64
4863	57.289124000	4	0x008e	32546	64	8
4864	57.293077000					64
4865	57.293108000	4	0x008e	48674	64	8
4866	57.297065000					64
4867	57.297099000	4	0x008e	64802	4	8
4868	57.301064000					4
4869	57.301100000	4	0x008e	16674	2	8
4870	57.305077000					2
4871	57.305111000	4	0x008e	290	64	8
4872	57.309079000					64
4873	57.309111000	4	0x008e	16418	64	8
4876	57.313078000					64
4877	57.313135000	4	0x008e	32546	64	8
4878	57.317071000					64
4879	57.317130000	4	0x008e	48674	64	8
4880	57.321080000					64
4881	57.321127000	4	0x008e	64802	4	8
4882	57.325081000					4
4883	57.325129000	4	0x008e	16674	2	8
4884	57.329081000					2
4885	57.329131000	4	0x008e	290	64	8
4886	57.333076000					64
4887	57.333170000	4	0x008e	16418	64	8
4888	57.337067000					64
4889	57.337103000	4	0x008e	32546	64	8
4890	57.341074000					64
4891	57.341118000	4	0x008e	48674	64	8
4892	57.345080000					64
4893	57.345124000	4	0x008e	64802	4	8
4894	57.349088000					4
4895	57.349158000	4	0x008e	16674	2	8
4896	57.353084000					2
4897	57.353131000	4	0x008e	290	64	8
4898	57.357086000					64
4899	57.357132000	4	0x008e	16418	64	8
4900	57.361085000					64
4901	57.361126000	4	0x008e	32546	64	8
4902	57.365109000					64
4903	57.365177000	4	0x008e	48674	64	8
4906	57.369088000					64
4907	57.369151000	4	0x008e	64802	4	8
4908	57.373088000					4
4909	57.373196000	4	0x008e	16674	2	8
4910	57.377097000					2
4911	57.377224000	4	0x008e	290	64	8
4912	57.381097000					64
4913	57.384905000	4	0x008e	16418	64	8
4914	57.388088000					64
4915	57.388207000	4	0x008e	32546	64	8
4916	57.392088000					64
4917	57.392178000	4	0x008e	48674	64	8
4918	57.396083000					64
4919	57.396174000	4	0x008e	64802	4	8
4920	57.400082000					4
4921	57.400171000	4	0x008e	16674	2	8
4922	57.404079000					2
4923	57.404142000	4	0x008e	290	64	8
4924	57.408110000					64
4925	57.408195000	4	0x008e	16418	64	8
4926	57.412097000					64
4927	57.412763000	4	0x008e	32546	64	8
4928	57.416135000					64
4929	57.416247000	4	0x008e	48674	64	8
4930	57.420112000					64
4931	57.420310000	4	0x008e	64802	4	8
4932	57.424219000					4
4933	57.424455000	4	0x008e	16674	2	8
4934	57.428087000					2
4935	57.428228000	4	0x008e	290	64	8
4936	57.432093000					64
4937	57.432199000	4	0x008e	16418	64	8
4938	57.436090000					64
4939	57.436172000	4	0x008e	32546	64	8
4940	57.440126000					64
4941	57.440318000	4	0x008e	48674	64	8
4942	57.444088000					64
4943	57.444138000	4	0x008e	64802	4	8
4944	57.448114000					4
4945	57.448217000	4	0x008e	16674	2	8
4946	57.452084000					2
4947	57.452131000	4	0x008e	290	64	8
4950	57.456085000					64
4951	57.456111000	4	0x008e	16418	64	8
4952	57.460095000					64
4953	57.460158000	4	0x008e	32546	64	8
4954	57.464079000					64
4955	57.464105000	4	0x008e	48674	64	8
4956	57.468093000					64
4957	57.468148000	4	0x008e	64802	4	8
4958	57.472082000					4
4959	57.472129000	4	0x008e	16674	2	8
4960	57.476082000					2
4961	57.476140000	4	0x008e	290	64	8
4962	57.480082000					64
4963	57.480109000	4	0x008e	16418	64	8
4964	57.484095000					64
4965	57.484152000	4	0x008e	32546	64	8
4966	57.488086000					64
4967	57.488138000	4	0x008e	48674	64	8
4968	57.492089000					64
4969	57.492121000	4	0x008e	64802	4	8
4970	57.496084000					4
4971	57.496112000	4	0x008e	16674	2	8
4972	57.500089000					2
4973	57.500144000	4	0x008e	290	64	8
4974	57.504092000					64
4975	57.504142000	4	0x008e	16418	64	8
4976	57.508094000					64
4977	57.508134000	4	0x008e	32546	64	8
4978	57.512088000					64
4979	57.512115000	4	0x008e	48674	64	8
4980	57.516103000					64
4981	57.516163000	4	0x008e	64802	4	8
4982	57.520096000					4
4983	57.520159000	4	0x008e	16674	2	8
4984	57.524088000					2
4985	57.524124000	4	0x008e	290	64	8
4986	57.528090000					64
4987	57.528120000	4	0x008e	16418	64	8
4988	57.532103000					64
4989	57.532159000	4	0x008e	32546	64	8
4990	57.536094000					64
4991	57.536132000	4	0x008e	48674	64	8
4992	57.540091000					64
4993	57.540119000	4	0x008e	64802	4	8
4994	57.544089000					4
4995	57.544117000	4	0x008e	16674	2	8
4996	57.548092000					2
4997	57.548131000	4	0x008e	290	64	8
4998	57.552106000					64
4999	57.552163000	4	0x008e	16418	64	8
5000	57.556094000					64
5001	57.556125000	4	0x008e	32546	64	8
5002	57.560094000					64
5003	57.560123000	4	0x008e	48674	64	8
5004	57.564092000					64
5005	57.564122000	4	0x008e	64802	4	8
5006	57.568101000					4
5007	57.568155000	4	0x008e	16674	2	8
5008	57.572096000					2
5009	57.572130000	4	0x008e	290	64	8
5010	57.576096000					64
5011	57.576130000	4	0x008e	16418	64	8
5012	57.580097000					64
5013	57.580130000	4	0x008e	32546	64	8
5014	57.584109000					64
5015	57.584163000	4	0x008e	48674	64	8
5016	57.588096000					64
5017	57.588124000	4	0x008e	64802	4	8
5018	57.592095000					4
5019	57.592122000	4	0x008e	16674	2	8
5020	57.596099000					2
5021	57.596163000	4	0x008e	290	64	8
5022	57.600111000					64
5023	57.600188000	4	0x008e	16418	64	8
5024	57.604105000					64
5025	57.604150000	4	0x008e	32546	64	8
5026	57.608098000					64
5027	57.608140000	4	0x008e	48674	64	8
5028	57.612103000					64
5029	57.612151000	4	0x008e	64802	4	8
5030	57.616102000					4
5031	57.616167000	4	0x008e	16674	2	8
5032	57.620099000					2
5033	57.620149000	4	0x008e	290	64	8
5036	57.624106000					64
5037	57.624133000	4	0x008e	16418	64	8
5038	57.628128000					64
5039	57.628289000	4	0x008e	32546	64	8
5040	57.632127000					64
5041	57.632273000	4	0x008e	48674	64	8
5042	57.636121000					64
5043	57.636202000	4	0x008e	64802	4	8
5044	57.640116000					4
5045	57.640199000	4	0x008e	16674	2	8
5046	57.644105000					2
5047	57.644160000	4	0x008e	290	64	8
5048	57.648121000					64
5049	57.648198000	4	0x008e	16418	64	8
5050	57.652134000					64
5051	57.652189000	4	0x008e	32546	64	8
5052	57.656104000					64
5053	57.656127000	4	0x008e	48674	64	8
5054	57.660130000					64
5055	57.660232000	4	0x008e	64802	4	8
5056	57.664109000					4
5057	57.664175000	4	0x008e	16674	2	8
5058	57.668108000					2
5059	57.668165000	4	0x008e	290	64	8
5060	57.672110000					64
5061	57.672149000	4	0x008e	16418	64	8
5062	57.676111000					64
5063	57.676146000	4	0x008e	32546	64	8
5064	57.680108000					64
5065	57.680139000	4	0x008e	48674	64	8
5066	57.684121000					64
5067	57.684181000	4	0x008e	64802	4	8
5068	57.688106000					4
5069	57.688156000	4	0x008e	16674	2	8
5070	57.692114000					2
5071	57.692171000	4	0x008e	290	64	8
5072	57.696109000					64
5073	57.696142000	4	0x008e	16418	64	8
5074	57.700111000					64
5075	57.700157000	4	0x008e	32546	64	8
5076	57.704117000					64
5077	57.704167000	4	0x008e	48674	64	8
5078	57.708108000					64
5079	57.708135000	4	0x008e	64802	4	8
5080	57.712110000					4
5081	57.712140000	4	0x008e	16674	2	8
5082	57.716110000					2
5083	57.716141000	4	0x008e	290	64	8
5084	57.720116000					64
5085	57.720156000	4	0x008e	16418	64	8
5086	57.724112000					64
5087	57.724139000	4	0x008e	32546	64	8
5088	57.728112000					64
5089	57.728138000	4	0x008e	48674	64	8
5090	57.732114000					64
5091	57.732142000	4	0x008e	64802	4	8
5092	57.736118000					4
5093	57.736181000	4	0x008e	16674	2	8
5094	57.740113000					2
5095	57.740147000	4	0x008e	290	64	8
5096	57.744114000					64
5097	57.744142000	4	0x008e	16418	64	8
5098	57.748115000					64
5099	57.748144000	4	0x008e	32546	64	8
5100	57.752116000					64
5101	57.752153000	4	0x008e	48674	64	8
5102	57.756115000					64
5103	57.756143000	4	0x008e	64802	4	8
5104	57.760117000					4
5105	57.760160000	4	0x008e	16674	2	8
5106	57.764121000					2
5107	57.764178000	4	0x008e	290	64	8
5108	57.768130000					64
5109	57.768198000	4	0x008e	16418	64	8
5110	57.772123000					64
5111	57.772160000	4	0x008e	32546	64	8
5112	57.776116000					64
5113	57.776140000	4	0x008e	48674	64	8
5114	57.780116000					64
5115	57.780143000	4	0x008e	64802	4	8
5116	57.784123000					4
5117	57.784171000	4	0x008e	16674	2	8
5118	57.788119000					2
5119	57.788153000	4	0x008e	290	64	8
5120	57.792123000					64
5121	57.792162000	4	0x008e	16418	64	8
5122	57.796118000					64
5123	57.796146000	4	0x008e	32546	64	8
5124	57.800122000					64
5125	57.800151000	4	0x008e	48674	64	8
5126	57.804121000					64
5127	57.804150000	4	0x008e	64802	4	8
5128	57.808121000					4
5129	57.808150000	4	0x008e	16674	2	8
5130	57.812124000					2
5131	57.812168000	4	0x008e	290	64	8
5132	57.816123000					64
5133	57.816150000	4	0x008e	16418	64	8
5134	57.820124000					64
5135	57.820152000	4	0x008e	32546	64	8
5136	57.824127000					64
5137	57.824169000	4	0x008e	48674	64	8
5138	57.828125000					64
5139	57.828154000	4	0x008e	64802	4	8
5140	57.832124000					4
5141	57.832154000	4	0x008e	16674	2	8
5142	57.836127000					2
5143	57.836170000	4	0x008e	290	64	8
5144	57.840125000					64
5145	57.840154000	4	0x008e	16418	64	8
5146	57.844128000					64
5147	57.844160000	4	0x008e	32546	64	8
5150	57.848130000					64
5151	57.848150000	4	0x008e	48674	64	8
5152	57.852130000					64
5153	57.852163000	4	0x008e	64802	4	8
5154	57.856126000					4
5155	57.856154000	4	0x008e	16674	2	8
5156	57.860126000					2
5157	57.860193000	4	0x008e	290	64	8
5158	57.864129000					64
5159	57.864157000	4	0x008e	16418	64	8
5160	57.868128000					64
5161	57.868157000	4	0x008e	32546	64	8
5164	57.872130000					64
5165	57.872153000	4	0x008e	48674	64	8
5166	57.876151000					64
5167	57.876227000	4	0x008e	64802	4	8
5170	57.880134000					4
5171	57.880166000	4	0x008e	16674	2	8
5172	57.884147000					2
5173	57.884235000	4	0x008e	290	64	8
5174	57.888149000					64
5175	57.888255000	4	0x008e	16418	64	8
5176	57.892169000					64
5177	57.893318000	4	0x008e	32546	64	8
5178	57.897146000					64
5179	57.897224000	4	0x008e	48674	64	8
5180	57.901204000					64
5181	57.901461000	4	0x008e	64802	4	8
5182	57.905161000					4
5183	57.905258000	4	0x008e	16674	2	8
5184	57.909152000					2
5185	57.909241000	4	0x008e	290	64	8
5186	57.913174000					64
5187	57.913310000	4	0x008e	16418	64	8
5188	57.917149000					64
5189	57.917191000	4	0x008e	32546	64	8
5192	57.921156000					64
5193	57.921199000	4	0x008e	48674	64	8
5194	57.925150000					64
5195	57.925189000	4	0x008e	64802	4	8
5196	57.929153000					4
5197	57.929198000	4	0x008e	16674	2	8
5198	57.933161000					2
5199	57.933326000	4	0x008e	290	64	8
5200	57.937162000					64
5201	57.937275000	4	0x008e	16418	64	8
5202	57.941151000					64
5203	57.941244000	4	0x008e	32546	64	8
5204	57.945171000					64
5205	57.945286000	4	0x008e	48674	64	8
5206	57.949157000					64
5207	57.949245000	4	0x008e	64802	4	8
5208	57.953195000					4
5209	57.953422000	4	0x008e	16674	2	8
5210	57.957157000					2
5211	57.957259000	4	0x008e	290	64	8
5212	57.961153000					64
5213	57.961236000	4	0x008e	16418	64	8
5214	57.965179000					64
5215	57.965314000	4	0x008e	32546	64	8
5216	57.969151000					64
5217	57.969203000	4	0x008e	48674	64	8
5218	57.973146000					64
5219	57.973183000	4	0x008e	64802	4	8
5222	57.977151000					4
5223	57.977203000	4	0x008e	16674	2	8
5224	57.981140000					2
5225	57.981172000	4	0x008e	290	64	8
5226	57.985157000					64
5227	57.985233000	4	0x008e	16418	64	8
5228	57.989151000					64
5229	57.989213000	4	0x008e	32546	64	8
5230	57.993146000					64
5231	57.993179000	4	0x008e	48674	64	8
5232	57.997143000					64
5233	57.997168000	4	0x008e	64802	4	8
5234	58.001154000					4
5235	58.001213000	4	0x008e	16674	2	8
5236	58.005144000					2
5237	58.005174000	4	0x008e	290	64	8
5238	58.009145000					64
5239	58.009172000	4	0x008e	16418	64	8
5240	58.013150000					64
5241	58.013187000	4	0x008e	32546	64	8
5242	58.017172000					64
5243	58.017282000	4	0x008e	48674	64	8
5244	58.021146000					64
5245	58.021187000	4	0x008e	64802	4	8
5246	58.025147000					4
5247	58.025180000	4	0x008e	16674	2	8
5248	58.029146000					2
5249	58.029180000	4	0x008e	290	64	8
5250	58.033165000					64
5251	58.033250000	4	0x008e	16418	64	8
5252	58.037149000					64
5253	58.037184000	4	0x008e	32546	64	8
5254	58.041151000					64
5255	58.041191000	4	0x008e	48674	64	8
5256	58.045149000					64
5257	58.045189000	4	0x008e	64802	4	8
5258	58.049167000					4
5259	58.049277000	4	0x008e	16674	2	8
5260	58.053152000					2
5261	58.053197000	4	0x008e	290	64	8
5262	58.057151000					64
5263	58.057192000	4	0x008e	16418	64	8
5264	58.061152000					64
5265	58.061191000	4	0x008e	32546	64	8
5266	58.065164000					64
5267	58.065249000	4	0x008e	48674	64	8
5268	58.069153000					64
5269	58.069187000	4	0x008e	64802	4	8
5270	58.073152000					4
5271	58.073194000	4	0x008e	16674	2	8
5272	58.077152000					2
5273	58.077196000	4	0x008e	290	64	8
5274	58.081155000					64
5275	58.081214000	4	0x008e	16418	64	8
5276	58.085166000					64
5277	58.085229000	4	0x008e	32546	64	8
5278	58.089157000					64
5279	58.089192000	4	0x008e	48674	64	8
5280	58.093158000					64
5281	58.093209000	4	0x008e	64802	4	8
5282	58.097167000					4
5283	58.097262000	4	0x008e	16674	2	8
5284	58.101161000					2
5285	58.101221000	4	0x008e	290	64	8
5286	58.105157000					64
5287	58.105184000	4	0x008e	16418	64	8
5288	58.109177000					64
5289	58.109242000	4	0x008e	32546	64	8
5290	58.113163000					64
5291	58.113212000	4	0x008e	48674	64	8
5292	58.117159000					64
5293	58.117194000	4	0x008e	64802	4	8
5294	58.121159000					4
5295	58.121189000	4	0x008e	16674	2	8
5296	58.125162000					2
5297	58.125202000	4	0x008e	290	64	8
5298	58.129164000					64
5299	58.129206000	4	0x008e	16418	64	8
5300	58.133163000					64
5301	58.133206000	4	0x008e	32546	64	8
5302	58.137162000					64
5303	58.137198000	4	0x008e	48674	64	8
5304	58.141167000					64
5305	58.141219000	4	0x008e	64802	4	8
5306	58.145164000					4
5307	58.145207000	4	0x008e	16674	2	8
5308	58.149167000					2
5309	58.149222000	4	0x008e	290	64	8
5310	58.153167000					64
5311	58.153211000	4	0x008e	16418	64	8
5312	58.157180000					64
5313	58.157277000	4	0x008e	32546	64	8
5314	58.161173000					64
5315	58.161239000	4	0x008e	48674	64	8
5316	58.165179000					64
5317	58.165270000	4	0x008e	64802	4	8
5318	58.169165000					4
5319	58.169206000	4	0x008e	16674	2	8
5320	58.173168000					2
5321	58.173215000	4	0x008e	290	64	8
5322	58.177168000					64
5323	58.177205000	4	0x008e	16418	64	8
5324	58.181169000					64
5325	58.181202000	4	0x008e	32546	64	8
5326	58.185167000					64
5327	58.185195000	4	0x008e	48674	64	8
5328	58.189174000					64
5329	58.189211000	4	0x008e	64802	4	8
5330	58.193170000					4
5331	58.193211000	4	0x008e	16674	2	8
5332	58.197168000					2
5333	58.197200000	4	0x008e	290	64	8
5334	58.201186000					64
5335	58.201252000	4	0x008e	16418	64	8
5336	58.205178000					64
5337	58.205244000	4	0x008e	32546	64	8
5338	58.209170000					64
5339	58.209202000	4	0x008e	48674	64	8
5340	58.213180000					64
5341	58.213250000	4	0x008e	64802	4	8
5342	58.217175000					4
5343	58.217239000	4	0x008e	16674	2	8
5344	58.221173000					2
5345	58.221259000	4	0x008e	290	64	8
5346	58.225174000					64
5347	58.225214000	4	0x008e	16418	64	8
5348	58.229171000					64
5349	58.229210000	4	0x008e	32546	64	8
5350	58.233182000					64
5351	58.233269000	4	0x008e	48674	64	8
5352	58.237185000					64
5353	58.237249000	4	0x008e	64802	4	8
5354	58.241176000					4
5355	58.241221000	4	0x008e	16674	2	8
5356	58.245174000					2
5357	58.245227000	4	0x008e	290	64	8
5358	58.249176000					64
5359	58.249213000	4	0x008e	16418	64	8
5360	58.253177000					64
5361	58.253232000	4	0x008e	32546	64	8
5362	58.257175000					64
5363	58.257206000	4	0x008e	48674	64	8
5364	58.261175000					64
5365	58.261204000	4	0x008e	64802	4	8
5366	58.265174000					4
5367	58.265208000	4	0x008e	16674	2	8
5368	58.269176000					2
5369	58.269206000	4	0x008e	290	64	8
5370	58.273176000					64
5371	58.273204000	4	0x008e	16418	64	8
5372	58.277176000					64
5373	58.277203000	4	0x008e	32546	64	8
5374	58.281285000					64
5375	58.281334000	4	0x008e	48674	64	8
5376	58.285180000					64
5377	58.285206000	4	0x008e	64802	4	8
5378	58.289177000					4
5379	58.289206000	4	0x008e	16674	2	8
5380	58.293178000					2
5381	58.293208000	4	0x008e	290	64	8
5382	58.297179000					64
5383	58.297211000	4	0x008e	16418	64	8
5384	58.301189000					64
5385	58.301240000	4	0x008e	32546	64	8
5386	58.305180000					64
5387	58.305209000	4	0x008e	48674	64	8
5388	58.309180000					64
5389	58.309209000	4	0x008e	64802	4	8
5390	58.313185000					4
5391	58.313219000	4	0x008e	16674	2	8
5392	58.317183000					2
5393	58.317220000	4	0x008e	290	64	8
5394	58.321187000					64
5395	58.321227000	4	0x008e	16418	64	8
5396	58.325182000					64
5397	58.325212000	4	0x008e	32546	64	8
5398	58.329184000					64
5399	58.329216000	4	0x008e	48674	64	8
5400	58.333184000					64
5401	58.333216000	4	0x008e	64802	4	8
5402	58.337182000					4
5403	58.337211000	4	0x008e	16674	2	8
5404	58.341184000					2
5405	58.341215000	4	0x008e	290	64	8
5406	58.345191000					64
5407	58.345250000	4	0x008e	16418	64	8
5408	58.349188000					64
5409	58.349225000	4	0x008e	32546	64	8
5410	58.353199000					64
5411	58.353257000	4	0x008e	48674	64	8
5412	58.357187000					64
5413	58.357215000	4	0x008e	64802	4	8
5414	58.361192000					4
5415	58.361253000	4	0x008e	16674	2	8
5416	58.365189000					2
5417	58.365241000	4	0x008e	290	64	8
5418	58.369199000					64
5419	58.369252000	4	0x008e	16418	64	8
5420	58.373189000					64
5421	58.373217000	4	0x008e	32546	64	8
5422	58.377203000					64
5423	58.377305000	4	0x008e	48674	64	8
5424	58.381311000					64
5425	58.381377000	4	0x008e	64802	4	8
5426	58.385194000					4
5427	58.385265000	4	0x008e	16674	2	8
5428	58.389188000					2
5429	58.389220000	4	0x008e	290	64	8
5430	58.393204000					64
5431	58.393287000	4	0x008e	16418	64	8
5432	58.397201000					64
5433	58.397250000	4	0x008e	32546	64	8
5434	58.401217000					64
5435	58.401288000	4	0x008e	48674	64	8
5436	58.405194000					64
5437	58.405230000	4	0x008e	64802	4	8
5438	58.409197000					4
5439	58.409285000	4	0x008e	16674	2	8
5440	58.413213000					2
5441	58.413391000	4	0x008e	290	64	8
5442	58.417225000					64
5443	58.417502000	4	0x008e	16418	64	8
5444	58.421199000					64
5445	58.421234000	4	0x008e	32546	64	8
5446	58.425207000					64
5447	58.425292000	4	0x008e	48674	64	8
5448	58.429193000					64
5449	58.429233000	4	0x008e	64802	4	8
5450	58.433202000					4
5451	58.433269000	4	0x008e	16674	2	8
5452	58.437195000					2
5453	58.437242000	4	0x008e	290	64	8
5454	58.441215000					64
5455	58.441280000	4	0x008e	16418	64	8
5456	58.445197000					64
5457	58.445222000	4	0x008e	32546	64	8
5458	58.449387000					64
5459	58.449440000	4	0x008e	48674	64	8
5460	58.453208000					64
5461	58.453264000	4	0x008e	64802	4	8
5462	58.457200000					4
5463	58.457241000	4	0x008e	16674	2	8
5464	58.461199000					2
5465	58.461230000	4	0x008e	290	64	8
5466	58.465206000					64
5467	58.465254000	4	0x008e	16418	64	8
5468	58.469201000					64
5469	58.469235000	4	0x008e	32546	64	8
5470	58.473201000					64
5471	58.473244000	4	0x008e	48674	64	8
5472	58.477203000					64
5473	58.477232000	4	0x008e	64802	4	8
5474	58.481277000					4
5475	58.481325000	4	0x008e	16674	2	8
5476	58.485206000					2
5477	58.485272000	4	0x008e	290	64	8
5478	58.489206000					64
5479	58.489247000	4	0x008e	16418	64	8
5480	58.493203000					64
5481	58.493236000	4	0x008e	32546	64	8
5482	58.497206000					64
5483	58.497244000	4	0x008e	48674	64	8
5484	58.501216000					64
5485	58.501274000	4	0x008e	64802	4	8
5486	58.505205000					4
5487	58.505236000	4	0x008e	16674	2	8
5488	58.509210000					2
5489	58.509253000	4	0x008e	290	64	8
5490	58.513205000					64
5491	58.513230000	4	0x008e	16418	64	8
5492	58.517276000					64
5493	58.517382000	4	0x008e	32546	64	8
5494	58.521214000					64
5495	58.521290000	4	0x008e	48674	64	8
5496	58.525206000					64
5497	58.525242000	4	0x008e	64802	4	8
5498	58.529209000					4
5499	58.529279000	4	0x008e	16674	2	8
5500	58.533216000					2
5501	58.533289000	4	0x008e	290	64	8
5502	58.537210000					64
5503	58.537252000	4	0x008e	16418	64	8
5504	58.541209000					64
5505	58.541241000	4	0x008e	32546	64	8
5506	58.545209000					64
5507	58.545240000	4	0x008e	48674	64	8
5508	58.549220000					64
5509	58.549271000	4	0x008e	64802	4	8
5510	58.553209000					4
5511	58.553240000	4	0x008e	16674	2	8
5512	58.557209000					2
5513	58.557239000	4	0x008e	290	64	8
5514	58.561209000					64
5515	58.561237000	4	0x008e	16418	64	8
5516	58.565219000					64
5517	58.565265000	4	0x008e	32546	64	8
5518	58.569212000					64
5519	58.569267000	4	0x008e	48674	64	8
5520	58.573211000					64
5521	58.573253000	4	0x008e	64802	4	8
5522	58.577210000					4
5523	58.577265000	4	0x008e	16674	2	8
5524	58.581281000					2
5525	58.581329000	4	0x008e	290	64	8
5526	58.585213000					64
5527	58.585243000	4	0x008e	16418	64	8
5528	58.589213000					64
5529	58.589241000	4	0x008e	32546	64	8
5530	58.593219000					64
5531	58.593259000	4	0x008e	48674	64	8
5532	58.597215000					64
5533	58.597247000	4	0x008e	64802	4	8
5534	58.601215000					4
5535	58.601247000	4	0x008e	16674	2	8
5536	58.605215000					2
5537	58.605249000	4	0x008e	290	64	8
5538	58.609216000					64
5539	58.609255000	4	0x008e	16418	64	8
5540	58.613217000					64
5541	58.613248000	4	0x008e	32546	64	8
5542	58.617217000					64
5543	58.617258000	4	0x008e	48674	64	8
5544	58.621217000					64
5545	58.621248000	4	0x008e	64802	4	8
5546	58.625226000					4
5547	58.625312000	4	0x008e	16674	2	8
5548	58.629226000					2
5549	58.629364000	4	0x008e	290	64	8
5550	58.633230000					64
5551	58.633278000	4	0x008e	16418	64	8
5552	58.637218000					64
5553	58.637255000	4	0x008e	32546	64	8
5554	58.641230000					64
5555	58.641314000	4	0x008e	48674	64	8
5556	58.645223000					64
5557	58.645269000	4	0x008e	64802	4	8
5558	58.649228000					4
5559	58.649292000	4	0x008e	16674	2	8
5560	58.653222000					2
5561	58.653278000	4	0x008e	290	64	8
5562	58.657225000					64
5563	58.657266000	4	0x008e	16418	64	8
5564	58.661223000					64
5565	58.661274000	4	0x008e	32546	64	8
5566	58.665223000					64
5567	58.665279000	4	0x008e	48674	64	8
5568	58.669222000					64
5569	58.669265000	4	0x008e	64802	4	8
5570	58.673233000					4
5571	58.673306000	4	0x008e	16674	2	8
5572	58.677231000					2
5573	58.677284000	4	0x008e	290	64	8
5574	58.681298000					64
5575	58.681348000	4	0x008e	16418	64	8
5576	58.685234000					64
5577	58.685272000	4	0x008e	32546	64	8
5578	58.689224000					64
5579	58.689255000	4	0x008e	48674	64	8
5580	58.693226000					64
5581	58.693257000	4	0x008e	64802	4	8
5582	58.697226000					4
5583	58.697261000	4	0x008e	16674	2	8
5584	58.701234000					2
5585	58.701291000	4	0x008e	290	64	8
5586	58.705229000					64
5587	58.705263000	4	0x008e	16418	64	8
5588	58.709230000					64
5589	58.709266000	4	0x008e	32546	64	8
5590	58.713230000					64
5591	58.713264000	4	0x008e	48674	64	8
5592	58.717231000					64
5593	58.717283000	4	0x008e	64802	4	8
5594	58.721228000					4
5595	58.721258000	4	0x008e	16674	2	8
5596	58.725230000					2
5597	58.725261000	4	0x008e	290	64	8
5598	58.729231000					64
5599	58.729258000	4	0x008e	16418	64	8
5600	58.733237000					64
5601	58.733282000	4	0x008e	32546	64	8
5602	58.737232000					64
5603	58.737260000	4	0x008e	48674	64	8
5604	58.741232000					64
5605	58.741264000	4	0x008e	64802	4	8
5606	58.745233000					4
5607	58.745267000	4	0x008e	16674	2	8
5608	58.749234000					2
5609	58.749276000	4	0x008e	290	64	8
5610	58.753234000					64
5611	58.753263000	4	0x008e	16418	64	8
5612	58.757234000					64
5613	58.757265000	4	0x008e	32546	64	8
5614	58.761241000					64
5615	58.761301000	4	0x008e	48674	64	8
5616	58.765243000					64
5617	58.765303000	4	0x008e	64802	4	8
5618	58.769236000					4
5619	58.769275000	4	0x008e	16674	2	8
5620	58.773233000					2
5621	58.773271000	4	0x008e	290	64	8
5622	58.777237000					64
5623	58.777271000	4	0x008e	16418	64	8
5624	58.781274000					64
5625	58.781335000	4	0x008e	32546	64	8
5626	58.785240000					64
5627	58.785275000	4	0x008e	48674	64	8
5628	58.789238000					64
5629	58.789265000	4	0x008e	64802	4	8
5630	58.793237000					4
5631	58.793264000	4	0x008e	16674	2	8
5632	58.797240000					2
5633	58.797278000	4	0x008e	290	64	8
5634	58.801239000					64
5635	58.801272000	4	0x008e	16418	64	8
5636	58.805239000					64
5637	58.805267000	4	0x008e	32546	64	8
5638	58.809240000					64
5639	58.809266000	4	0x008e	48674	64	8
5640	58.813250000					64
5641	58.813324000	4	0x008e	64802	4	8
5642	58.817241000					4
5643	58.817280000	4	0x008e	16674	2	8
5644	58.821240000					2
5645	58.821272000	4	0x008e	290	64	8
5646	58.825239000					64
5647	58.825267000	4	0x008e	16418	64	8
5648	58.829244000					64
5649	58.829286000	4	0x008e	32546	64	8
5650	58.833244000					64
5651	58.833286000	4	0x008e	48674	64	8
5652	58.837244000					64
5653	58.837276000	4	0x008e	64802	4	8
5654	58.841243000					4
5655	58.841274000	4	0x008e	16674	2	8
5656	58.845243000					2
5657	58.845285000	4	0x008e	290	64	8
5658	58.849247000					64
5659	58.849288000	4	0x008e	16418	64	8
5660	58.853244000					64
5661	58.853275000	4	0x008e	32546	64	8
5662	58.857245000					64
5663	58.857275000	4	0x008e	48674	64	8
5664	58.861248000					64
5665	58.861294000	4	0x008e	64802	4	8
5666	58.865246000					4
5667	58.865281000	4	0x008e	16674	2	8
5668	58.869246000					2
5669	58.869276000	4	0x008e	290	64	8
5670	58.873247000					64
5671	58.873285000	4	0x008e	16418	64	8
5672	58.877248000					64
5673	58.877275000	4	0x008e	32546	64	8
5674	58.881247000					64
5675	58.881274000	4	0x008e	48674	64	8
5676	58.885249000					64
5677	58.885276000	4	0x008e	64802	4	8
5678	58.889252000					4
5679	58.889289000	4	0x008e	16674	2	8
5680	58.893248000					2
5681	58.893279000	4	0x008e	290	64	8
5682	58.897250000					64
5683	58.897277000	4	0x008e	16418	64	8
5684	58.901251000					64
5685	58.901285000	4	0x008e	32546	64	8
5686	58.905257000					64
5687	58.905315000	4	0x008e	48674	64	8
5688	58.909253000					64
5689	58.909282000	4	0x008e	64802	4	8
5690	58.913252000					4
5691	58.913280000	4	0x008e	16674	2	8
5692	58.917253000					2
5693	58.917289000	4	0x008e	290	64	8
5694	58.921255000					64
5695	58.921292000	4	0x008e	16418	64	8
5696	58.925499000					64
5697	58.925557000	4	0x008e	32546	64	8
5698	58.929270000					64
5699	58.929303000	4	0x008e	48674	64	8
5700	58.933274000					64
5701	58.933318000	4	0x008e	64802	4	8
5702	58.937257000					4
5703	58.937294000	4	0x008e	16674	2	8
5704	58.941270000					2
5705	58.941305000	4	0x008e	290	64	8
5706	58.945269000					64
5707	58.945300000	4	0x008e	16418	64	8
5708	58.949270000					64
5709	58.949303000	4	0x008e	32546	64	8
5710	58.953282000					64
5711	58.953338000	4	0x008e	48674	64	8
5712	58.957274000					64
5713	58.957355000	4	0x008e	64802	4	8
5714	58.961273000					4
5715	58.961344000	4	0x008e	16674	2	8
5716	58.965272000					2
5717	58.965364000	4	0x008e	290	64	8
5718	58.969281000					64
5719	58.969368000	4	0x008e	16418	64	8
5720	58.973493000					64
5721	58.973573000	4	0x008e	32546	64	8
5722	58.977275000					64
5723	58.977344000	4	0x008e	48674	64	8
5724	58.981266000					64
5725	58.981343000	4	0x008e	64802	4	8
5726	58.985262000					4
5727	58.985332000	4	0x008e	16674	2	8
5728	58.989276000					2
5729	58.989329000	4	0x008e	290	64	8
5730	58.993483000					64
5731	58.993552000	4	0x008e	16418	64	8
5732	58.997285000					64
5733	58.997361000	4	0x008e	32546	64	8
5734	59.001278000					64
5735	59.001330000	4	0x008e	48674	64	8
5736	59.005270000					64
5737	59.005349000	4	0x008e	64802	4	8
5738	59.009271000					4
5739	59.009363000	4	0x008e	16674	2	8
5740	59.013276000					2
5741	59.013412000	4	0x008e	290	64	8
5742	59.017278000					64
5743	59.017350000	4	0x008e	16418	64	8
5744	59.021285000					64
5745	59.021342000	4	0x008e	32546	64	8
5746	59.025268000					64
5747	59.025303000	4	0x008e	48674	64	8
5748	59.029268000					64
5749	59.029305000	4	0x008e	64802	4	8
5750	59.033274000					4
5751	59.033339000	4	0x008e	16674	2	8
5752	59.037294000					2
5753	59.037486000	4	0x008e	290	64	8
5754	59.041268000					64
5755	59.041296000	4	0x008e	16418	64	8
5756	59.045269000					64
5757	59.045315000	4	0x008e	32546	64	8
5758	59.049277000					64
5759	59.049334000	4	0x008e	48674	64	8
5760	59.053307000					64
5761	59.053415000	4	0x008e	64802	4	8
5762	59.057268000					4
5763	59.057309000	4	0x008e	16674	2	8
5764	59.061275000					2
5765	59.061326000	4	0x008e	290	64	8
5766	59.065281000					64
5767	59.065339000	4	0x008e	16418	64	8
5768	59.069280000					64
5769	59.069325000	4	0x008e	32546	64	8
5770	59.073275000					64
5771	59.073307000	4	0x008e	48674	64	8
5772	59.077273000					64
5773	59.077304000	4	0x008e	64802	4	8
5774	59.081283000					4
5775	59.081318000	4	0x008e	16674	2	8
5776	59.085281000					2
5777	59.085337000	4	0x008e	290	64	8
5778	59.089275000					64
5779	59.089315000	4	0x008e	16418	64	8
5780	59.093274000					64
5781	59.093305000	4	0x008e	32546	64	8
5782	59.097274000					64
5783	59.097302000	4	0x008e	48674	64	8
5784	59.101296000					64
5785	59.101373000	4	0x008e	64802	4	8
5786	59.105280000					4
5787	59.105325000	4	0x008e	16674	2	8
5788	59.109274000					2
5789	59.109311000	4	0x008e	290	64	8
5790	59.113276000					64
5791	59.113307000	4	0x008e	16418	64	8
5792	59.117325000					64
5793	59.117453000	4	0x008e	32546	64	8
5794	59.121290000					64
5795	59.121384000	4	0x008e	48674	64	8
5796	59.125288000					64
5797	59.125357000	4	0x008e	64802	4	8
5798	59.129284000					4
5799	59.129354000	4	0x008e	16674	2	8
5800	59.133293000					2
5801	59.133420000	4	0x008e	290	64	8
5802	59.137289000					64
5803	59.137357000	4	0x008e	16418	64	8
5804	59.141278000					64
5805	59.141308000	4	0x008e	32546	64	8
5806	59.145298000					64
5807	59.145381000	4	0x008e	48674	64	8
5808	59.149296000					64
5809	59.149350000	4	0x008e	64802	4	8
5810	59.153285000					4
5811	59.153362000	4	0x008e	16674	2	8
5812	59.157283000					2
5813	59.157334000	4	0x008e	290	64	8
5814	59.161282000					64
5815	59.161310000	4	0x008e	16418	64	8
5816	59.165287000					64
5817	59.165326000	4	0x008e	32546	64	8
5818	59.169296000					64
5819	59.169358000	4	0x008e	48674	64	8
5820	59.173286000					64
5821	59.173331000	4	0x008e	64802	4	8
5822	59.177283000					4
5823	59.177316000	4	0x008e	16674	2	8
5824	59.181284000					2
5825	59.197425000	4	0x0082	0	8	16
5826	59.201295000					0
5829	59.212588000	4	0x0083	0	2	10
5830	59.216303000					0
5831	59.216395000	4	0x0083	0	2	10
5832	59.220293000					0
5833	59.220359000	4	0x0083	0	6	14
5834	59.224291000					0
5835	59.224333000	4	0x0083	0	2	10
5836	59.228298000					0
5837	59.335206000	4	0x008e	16674	2	8
5838	59.338309000					2
5839	59.338368000	4	0x008e	18466	4	8
5840	59.342312000					4
5841	59.342369000	4	0x0083	0	2	10
5842	59.346306000					0
5843	59.346347000	4	0x0083	0	2	10
5844	59.350315000					0
5845	59.350387000	4	0x008e	290	64	8
5846	59.354310000					64
5847	59.354349000	4	0x008e	16418	64	8
5848	59.358310000					64
5849	59.358369000	4	0x008e	32546	64	8
5850	59.362309000					64
5851	59.362350000	4	0x008e	48674	64	8
5852	59.366318000					64
5853	59.366380000	4	0x008e	64802	4	8
5854	59.370318000					4
5855	59.370385000	4	0x008e	16674	2	8
5856	59.374345000					2
5857	59.374473000	4	0x008e	19234	4	8
5858	59.378315000					4
5859	59.378526000	4	0x008e	290	64	8
5860	59.382367000					64
5861	59.382535000	4	0x008e	16418	64	8
5862	59.386389000					64
5863	59.386561000	4	0x008e	32546	64	8
5864	59.390348000					64
5865	59.390462000	4	0x008e	48674	64	8
5866	59.394541000					64
5867	59.394652000	4	0x008e	64802	4	8
5868	59.398321000					4
5869	59.398413000	4	0x008e	16674	2	8
5870	59.402331000					2
5871	59.402436000	4	0x0083	0	2	10
5872	59.406315000					0
5873	59.406388000	4	0x0083	0	2	10
5874	59.410316000					0
5875	59.526964000	4	0x0083	0	2	10
5876	59.530329000					0
5877	59.530376000	4	0x0083	0	2	10
5878	59.534333000					0
5879	59.534415000	4	0x0083	0	2	10
5880	59.538326000					0
5881	59.538375000	4	0x0083	0	2	10
5882	59.542338000					0
5883	59.542423000	4	0x0083	0	2	10
5884	59.546342000					0
5885	59.602192000	4	0x008e	290	64	8
5886	59.605341000					64
5887	59.605381000	4	0x008e	16418	64	8
5888	59.609348000					64
5889	59.609417000	4	0x008e	32546	64	8
5890	59.613338000					64
5891	59.613369000	4	0x008e	48674	64	8
5892	59.617345000					64
5893	59.617408000	4	0x008e	64802	4	8
5894	59.621336000					4
5895	59.621369000	4	0x0083	0	2	10
5896	59.625340000					0
5897	59.625399000	12	0x008c	16	1	9
5898	59.629337000					0
5899	59.629370000	12	0x008c	19	1	9
5900	59.633343000					0
5901	59.633424000	4	0x0083	0	64	72
5902	59.637344000					0
5903	59.637379000	4	0x0083	0	64	72
5904	59.641346000					0
5905	59.641404000	4	0x0083	0	64	72
5906	59.645344000					0
5907	59.645379000	4	0x0083	0	8	16
5908	59.649352000					0
5909	59.649454000	4	0x0083	0	54	62
5910	59.653344000					0
5911	59.653409000	4	0x0084	57862	4	8
5912	59.657346000					4
5913	59.765727000	4	0x008e	290	64	8
5914	59.769358000					64
5915	59.769406000	4	0x008e	16418	64	8
5916	59.773357000					64
5917	59.773389000	4	0x008e	32546	64	8
5918	59.777357000					64
5919	59.777394000	4	0x008e	48674	64	8
5920	59.781363000					64
5921	59.781440000	4	0x008e	64802	4	8
5922	59.785364000					4
5923	59.785426000	4	0x008e	16674	2	8
5924	59.789362000					2
5925	59.789401000	4	0x008e	2594	2	8
5926	59.793360000					2
5927	59.793409000	4	0x0083	0	2	10
5928	59.797356000					0
5929	59.797390000	4	0x008e	16418	2	8
5930	59.801356000					2
5931	59.801456000	4	0x0083	0	2	10
5932	59.805357000					0
5933	59.805393000	4	0x0083	0	2	10
5934	59.809359000					0
5935	59.809396000	4	0x0083	0	2	10
5936	59.813370000					0
5937	59.813445000	4	0x0083	0	2	10
5938	59.817373000					0
5939	59.817470000	4	0x0083	0	2	10
5940	59.821371000					0
5995	77.470398000	4	0x008e	290	64	8
5996	77.473450000					64
5997	77.473484000	4	0x008e	16418	64	8
5998	77.477445000					64
5999	77.477472000	4	0x008e	32546	64	8
6000	77.481443000					64
6001	77.481480000	4	0x008e	48674	64	8
6002	77.485459000					64
6003	77.485513000	4	0x008e	64802	4	8
6004	77.489445000					4
6005	77.489472000	4	0x0083	0	2	10
6006	77.493446000					0
6007	77.493478000	12	0x008c	16	1	9
6008	77.497467000					0
6009	77.497497000	12	0x008c	19	1	9
6010	77.501450000					0
6011	77.501507000	4	0x0083	0	64	72
6012	77.505448000					0
6013	77.505476000	4	0x0083	0	64	72
6014	77.509446000					0
6015	77.509475000	4	0x0083	0	64	72
6016	77.513448000					0
6017	77.513476000	4	0x0083	0	8	16
6018	77.517458000					0
6019	77.517522000	4	0x0083	0	54	62
6020	77.521449000					0
6021	77.521494000	4	0x0084	57862	4	8
6022	77.525449000					4
6023	77.637211000	4	0x008e	290	64	8
6024	77.640500000					64
6025	77.640571000	4	0x008e	16418	64	8
6026	77.644470000					64
6027	77.644527000	4	0x008e	32546	64	8
6028	77.648476000					64
6029	77.648527000	4	0x008e	48674	64	8
6030	77.652469000					64
6031	77.652511000	4	0x008e	64802	4	8
6032	77.656468000					4
6033	77.656524000	4	0x008e	16674	2	8
6034	77.660481000					2
6035	77.660519000	4	0x008e	2594	2	8
6036	77.664476000					2
6037	77.664523000	4	0x0083	0	2	10
6038	77.668482000					0
6039	77.668576000	4	0x008e	16418	2	8
6040	77.672465000					2
6041	77.672589000	4	0x0083	0	2	10
6042	77.676470000					0
6043	77.676532000	4	0x0083	0	2	10
6044	77.680468000					0
6045	77.680511000	4	0x0083	0	2	10
6046	77.684471000					0
6047	77.684523000	4	0x0083	0	2	10
6048	77.688467000					0
6049	77.688511000	4	0x0083	0	2	10
6050	77.692486000					0
6051	77.695690000	4	0x008e	290	64	8
6052	77.699477000					64
6053	77.699519000	4	0x008e	16418	64	8
6054	77.703475000					64
6055	77.703506000	4	0x008e	32546	64	8
6056	77.707470000					64
6057	77.707496000	4	0x008e	48674	64	8
6058	77.711472000					64
6059	77.711505000	4	0x008e	64802	4	8
6060	77.715475000					4
6061	77.715515000	4	0x0083	0	2	10
6062	77.719472000					0
6063	77.719506000	12	0x008c	16	1	9
6064	77.723490000					0
6065	77.723526000	12	0x008c	19	1	9
6066	77.727476000					0
6067	77.727532000	4	0x0083	0	64	72
6068	77.731481000					0
6069	77.731545000	4	0x0083	0	64	72
6070	77.735497000					0
6071	77.735536000	4	0x0083	0	64	72
6072	77.739476000					0
6073	77.739503000	4	0x0083	0	8	16
6074	77.743476000					0
6075	77.743516000	4	0x0083	0	54	62
6076	77.747510000					0
6077	77.747593000	4	0x0084	57862	4	8
6078	77.751477000					4
6079	77.853852000	4	0x008e	290	64	8
6080	77.857529000					64
6081	77.857607000	4	0x008e	16418	64	8
6082	77.861755000					64
6083	77.861816000	4	0x008e	32546	64	8
6084	77.865823000					64
6085	77.865879000	4	0x008e	48674	64	8
6086	77.869522000					64
6087	77.869594000	4	0x008e	64802	4	8
6088	77.873520000					4
6089	77.873600000	4	0x008e	16674	2	8
6090	77.877519000					2
6091	77.877579000	4	0x008e	2594	2	8
6092	77.881522000					2
6093	77.881585000	4	0x0083	0	2	10
6094	77.885517000					0
6095	77.885572000	4	0x008e	16418	2	8
6096	77.889508000					2
6097	77.889648000	4	0x0083	0	2	10
6098	77.893508000					0
6099	77.893559000	4	0x0083	0	2	10
6100	77.897508000					0
6101	77.897559000	4	0x0083	0	2	10
6102	77.901510000					0
6103	77.901564000	4	0x0083	0	2	10
6104	77.905509000					0
6105	77.905564000	4	0x0083	0	2	10
6106	77.909510000					0
6107	77.912609000	4	0x008e	290	64	8
6108	77.916520000					64
6109	77.916592000	4	0x008e	16418	64	8
6110	77.920733000					64
6111	77.920792000	4	0x008e	32546	64	8
6112	77.924738000					64
6113	77.924823000	4	0x008e	48674	64	8
6114	77.928915000					64
6115	77.929000000	4	0x008e	64802	4	8
6116	77.932521000					4
6117	77.932609000	4	0x0083	0	2	10
6118	77.936513000					0
6119	77.936591000	12	0x008c	16	1	9
6120	77.940514000					0
6121	77.940580000	12	0x008c	19	1	9
6122	77.944516000					0
6123	77.944597000	4	0x0083	0	64	72
6124	77.948522000					0
6125	77.948584000	4	0x0083	0	64	72
6126	77.952961000					0
6127	77.953045000	4	0x0083	0	64	72
6128	77.956517000					0
6129	77.956565000	4	0x0083	0	8	16
6130	77.960518000					0
6131	77.960599000	4	0x0083	0	54	62
6132	77.964521000					0
6133	77.964601000	4	0x0084	57862	4	8
6134	77.968515000					4
6135	78.072627000	4	0x008e	290	64	8
6136	78.076536000					64
6137	78.076817000	4	0x008e	16418	64	8
6138	78.080752000					64
6139	78.080803000	4	0x008e	32546	64	8
6140	78.084524000					64
6141	78.084579000	4	0x008e	48674	64	8
6142	78.088529000					64
6143	78.088612000	4	0x008e	64802	4	8
6144	78.092532000					4
6145	78.092613000	4	0x008e	16674	2	8
6146	78.096531000					2
6147	78.096600000	4	0x008e	2594	2	8
6148	78.100532000					2
6149	78.100609000	4	0x0083	0	2	10
6150	78.104534000					0
6151	78.104605000	4	0x008e	16418	2	8
6152	78.108533000					2
6153	78.108674000	4	0x008e	290	64	8
6154	78.112536000					64
6155	78.112604000	4	0x008e	16418	64	8
6156	78.116796000					64
6157	78.116875000	4	0x008e	32546	64	8
6158	78.120533000					64
6159	78.120617000	4	0x008e	48674	64	8
6160	78.124537000					64
6161	78.124607000	4	0x008e	64802	4	8
6162	78.128535000					4
6163	78.128610000	4	0x008e	16674	2	8
6164	78.132536000					2
6165	78.132605000	12	0x008e	11	1	8
6166	78.136543000					1
6167	78.136683000	4	0x0083	0	64	72
6168	78.140539000					0
6169	78.140612000	4	0x0083	0	64	72
6170	78.144539000					0
6171	78.144607000	4	0x0083	0	64	72
6172	78.148742000					0
6173	78.148811000	4	0x0083	0	8	16
6174	78.152539000					0
6175	78.152622000	4	0x0083	0	54	62
6176	78.156539000					0
6177	78.156612000	4	0x0083	0	54	62
6178	78.160540000					0
6179	78.160614000	4	0x0083	0	60	68
6180	78.164538000					0
6181	78.164612000	4	0x0083	0	2	10
6182	78.168543000					0
6183	78.168599000	12	0x008c	16	1	9
6184	78.172552000					0
6185	78.172599000	12	0x008c	19	1	9
6186	78.176546000					0
6187	78.176588000	4	0x008e	290	64	8
6188	78.180547000					64
6189	78.180587000	4	0x008e	16418	64	8
6190	78.184771000					64
6191	78.184826000	4	0x008e	32546	64	8
6192	78.188897000					64
6193	78.188941000	4	0x008e	48674	64	8
6194	78.192551000					64
6195	78.192595000	4	0x008e	64802	4	8
6196	78.196552000					4
6197	78.196592000	4	0x0083	0	2	10
6198	78.200546000					0
6199	78.200603000	4	0x0083	0	2	10
6200	78.204540000					0
6201	78.204632000	4	0x0083	0	2	10
6202	78.208547000					0
6203	78.208608000	4	0x0083	0	4	12
6204	78.212542000					0
6205	78.212589000	4	0x0083	0	4	12
6206	78.216539000					0
6207	78.216606000	4	0x0083	0	4	12
6208	78.220535000					0
6209	78.220589000	4	0x0083	0	4	12
6210	78.224530000					0
6211	78.224558000	4	0x0083	0	4	12
6212	78.228545000					0
6213	78.228626000	4	0x0083	0	4	12
6214	78.232538000					0
6215	78.232601000	4	0x0083	0	4	12
6216	78.236536000					0
6217	78.236583000	4	0x0083	0	4	12
6218	78.240536000					0
6219	78.240561000	4	0x0083	0	4	12
6220	78.244536000					0
6221	78.244572000	4	0x0083	0	4	12
6222	78.248535000					0
6223	78.248566000	4	0x0083	0	4	12
6224	78.252535000					0
6225	78.252565000	4	0x0083	0	4	12
6226	78.256537000					0
6227	78.256566000	4	0x0083	0	2	10
6228	78.260536000					0
6229	78.260566000	4	0x008e	290	64	8
6230	78.264541000					64
6231	78.264584000	4	0x008e	16418	64	8
6232	78.268539000					64
6233	78.268573000	4	0x008e	32546	64	8
6234	78.272541000					64
6235	78.272575000	4	0x008e	48674	64	8
6236	78.276548000					64
6237	78.276621000	4	0x008e	64802	4	8
6238	78.280543000					4
6239	78.280589000	4	0x008e	16674	2	8
6240	78.284544000					2
6241	78.284587000	4	0x008e	290	64	8
6242	78.288546000					64
6243	78.288586000	4	0x008e	16418	64	8
6244	78.292553000					64
6245	78.292610000	4	0x008e	32546	64	8
6246	78.296549000					64
6247	78.296591000	4	0x008e	48674	64	8
6248	78.300547000					64
6249	78.300600000	4	0x008e	64802	4	8
6250	78.304547000					4
6251	78.304599000	4	0x008e	16674	2	8
6252	78.308544000					2
6253	78.308595000	4	0x008e	290	64	8
6254	78.312548000					64
6255	78.312598000	4	0x008e	16418	64	8
6256	78.316546000					64
6257	78.316589000	4	0x008e	32546	64	8
6258	78.320549000					64
6259	78.320600000	4	0x008e	48674	64	8
6260	78.324551000					64
6261	78.324612000	4	0x008e	64802	4	8
6262	78.328547000					4
6263	78.328605000	4	0x008e	16674	2	8
6264	78.332547000					2
6265	78.332627000	4	0x0084	57952	16	8
6266	78.337552000					16
6267	78.337703000	4	0x0083	0	64	72
6268	78.341555000					0
6269	78.341606000	4	0x0083	0	64	72
6270	78.345551000					0
6271	78.345627000	4	0x0083	0	64	72
6272	78.349550000					0
6273	78.349630000	4	0x0083	0	8	16
6274	78.353550000					0
6275	78.353626000	4	0x0083	0	54	62
6276	78.357553000					0
6277	78.357625000	4	0x0083	0	54	62
6278	78.361550000					0
6279	78.361635000	4	0x0083	0	60	68
6280	78.365552000					0
6281	78.365612000	4	0x0083	0	2	10
6282	78.369583000					0
6283	78.369658000	12	0x008c	16	1	9
6284	78.373556000					0
6285	78.373618000	12	0x008c	19	1	9
6286	78.377553000					0
6287	78.377592000	4	0x008e	290	64	8
6288	78.381555000					64
6289	78.381593000	4	0x008e	16418	64	8
6290	78.385566000					64
6291	78.385635000	4	0x008e	32546	64	8
6292	78.389560000					64
6293	78.389607000	4	0x008e	48674	64	8
6294	78.393557000					64
6295	78.393595000	4	0x008e	64802	4	8
6296	78.397553000					4
6297	78.397581000	4	0x0083	0	2	10
6298	78.401553000					0
6299	78.401580000	4	0x0083	0	2	10
6300	78.405552000					0
6301	78.405579000	4	0x0083	0	2	10
6302	78.409553000					0
6303	78.409585000	4	0x0083	0	4	12
6304	78.413553000					0
6305	78.413583000	4	0x0083	0	4	12
6306	78.417554000					0
6307	78.417620000	4	0x0083	0	4	12
6308	78.421554000					0
6309	78.421585000	4	0x0083	0	4	12
6310	78.425553000					0
6311	78.425581000	4	0x0083	0	4	12
6312	78.429553000					0
6313	78.429582000	4	0x0083	0	4	12
6314	78.433558000					0
6315	78.433625000	4	0x0083	0	4	12
6316	78.437561000					0
6317	78.437658000	4	0x0083	0	4	12
6318	78.441560000					0
6319	78.441640000	4	0x0083	0	4	12
6320	78.445559000					0
6321	78.445628000	4	0x0083	0	4	12
6322	78.449561000					0
6323	78.449640000	4	0x0083	0	4	12
6324	78.453560000					0
6325	78.453639000	4	0x0083	0	4	12
6326	78.457559000					0
6327	78.457622000	4	0x0083	0	2	10
6328	78.461565000					0
6329	78.461641000	4	0x0083	0	2	10
6330	78.465572000					0
6331	78.465657000	4	0x0083	0	2	10
6332	78.469562000					0
6333	78.469653000	4	0x0083	0	36	44
6334	78.473561000					0
6335	78.473665000	4	0x0083	0	2	10
6336	78.477563000					0
6337	78.477639000	4	0x0083	0	2	10
6338	78.481568000					0
6339	78.481658000	4	0x0083	0	2	10
6340	78.485562000					0
6341	78.485638000	4	0x0083	0	4	12
6342	78.489562000					0
6343	78.489637000	4	0x0083	0	4	12
6344	78.493564000					0
6345	78.493624000	4	0x0083	0	4	12
6346	78.497598000					0
6347	78.497646000	4	0x0083	0	4	12
6348	78.501565000					0
6349	78.501604000	4	0x0083	0	4	12
6350	78.505566000					0
6351	78.505602000	4	0x0083	0	4	12
6352	78.509565000					0
6353	78.509601000	4	0x0083	0	4	12
6354	78.513572000					0
6355	78.513635000	4	0x0083	0	4	12
6356	78.517570000					0
6357	78.517615000	4	0x0083	0	4	12
6358	78.521569000					0
6359	78.521613000	4	0x0083	0	4	12
6360	78.525569000					0
6361	78.525612000	4	0x0083	0	4	12
6362	78.529576000					0
6363	78.529649000	4	0x0083	0	4	12
6364	78.533601000					0
6365	78.533684000	4	0x0083	0	2	10
6366	78.537598000					0
6367	78.537679000	4	0x0083	0	2	10
6368	78.541596000					0
6369	78.541677000	4	0x0083	0	2	10
6370	78.545600000					0
6371	78.545688000	4	0x0083	0	2	10
6372	78.549598000					0
6373	78.549681000	4	0x0084	57968	16	8
6374	78.554599000					16
6375	78.556160000	4	0x0084	57952	16	8
6376	78.560588000					16
6377	78.589326000	4	0x0083	0	36	44
6378	78.592610000					0
6379	78.592708000	4	0x0082	1	8	16
6380	78.596606000					0
6383	78.713430000	4	0x0082	1	8	16
6384	78.716622000					0
6387	78.820760000	4	0x0082	1	8	16
6388	78.824641000					0
6391	78.930583000	4	0x0083	0	2	10
6392	78.933648000					0
6393	78.933734000	4	0x0083	0	2	10
6394	78.937646000					0
6395	78.937927000	4	0x0083	0	2	10
6396	78.941649000					0
6397	78.941936000	4	0x0083	0	2	10
6398	78.945628000					0
6399	78.945687000	4	0x0083	0	2	10
6400	78.949634000					0
6401	78.949707000	4	0x0083	0	2	10
6402	78.953617000					0
6403	78.953884000	4	0x0083	0	2	10
6404	78.957634000					0
6405	78.957704000	4	0x0083	0	2	10
6406	78.961637000					0
6407	78.961756000	4	0x008e	290	64	8
6408	78.965657000					64
6409	78.965714000	4	0x008e	16418	64	8
6410	78.969646000					64
6411	78.969703000	4	0x008e	32546	64	8
6412	78.973646000					64
6413	78.973920000	4	0x008e	48674	64	8
6414	78.977646000					64
6415	78.977724000	4	0x008e	64802	4	8
6416	78.981641000					4
6417	78.981720000	4	0x008e	16674	2	8
6418	78.985642000					2
6419	78.985924000	4	0x0083	0	2	10
6420	78.989642000					0
6421	78.989979000	4	0x0083	0	2	10
6422	78.993653000					0
6423	78.993747000	4	0x0083	0	2	10
6424	78.997652000					0
6425	78.997938000	4	0x008e	290	64	8
6426	79.001653000					64
6427	79.001997000	4	0x008e	16418	64	8
6428	79.005654000					64
6429	79.005731000	4	0x008e	32546	64	8
6430	79.009635000					64
6431	79.009735000	4	0x008e	48674	64	8
6432	79.013656000					64
6433	79.014027000	4	0x008e	64802	4	8
6434	79.017654000					4
6435	79.017734000	4	0x008e	16674	2	8
6436	79.021654000					2
6437	79.021935000	4	0x0083	0	2	10
6438	79.025662000					0
6439	79.025773000	4	0x0083	0	2	10
6440	79.029655000					0
6441	79.029736000	4	0x0083	0	2	10
6442	79.033655000					0
6443	79.033939000	4	0x0083	0	2	10
6444	79.037656000					0
6445	79.037993000	4	0x0083	0	2	10
6446	79.041658000					0
6447	79.041724000	4	0x0083	0	2	10
6448	79.045656000					0
6449	79.045740000	4	0x0083	0	2	10
6450	79.049657000					0
6451	79.573764000	4	0x0082	1	8	16
6452	79.577726000					0
6455	79.577908000	4	0x0082	1	8	16
6456	79.581698000					0
6459	79.581870000	4	0x0082	1	8	16
6460	79.585719000					0
6463	79.698838000	4	0x008e	16674	2	8
6464	79.702726000					2
6465	79.702851000	12	0x008e	28	1	8
6466	79.706735000					1
6467	79.707031000	4	0x008e	18466	4	8
6468	79.710736000					4
6469	79.710831000	4	0x0083	0	40	48
6470	79.714716000					0
6471	79.714802000	4	0x0083	0	10	18
6472	79.718741000					0
6473	79.718838000	4	0x0083	0	2	10
6474	79.722716000					0
6475	79.722797000	4	0x0083	0	2	10
6476	79.726716000					0
6477	79.726804000	4	0x0082	1	8	16
6478	79.730739000					0
6481	79.730944000	4	0x0082	1	8	16
6482	79.734738000					0
6485	79.734937000	4	0x0083	0	6	14
6486	79.738739000					0
6487	79.738819000	4	0x0083	0	4	12
6488	79.742739000					0
6489	79.743030000	4	0x0083	0	4	12
6490	79.746716000					0
6491	79.746818000	4	0x0083	0	4	12
6492	79.750727000					0
6493	79.750996000	4	0x0083	0	2	10
6494	79.754830000					0
6495	79.754873000	4	0x0083	0	2	10
6496	79.758727000					0
6497	79.758775000	4	0x0083	0	2	10
6498	79.762732000					0
6499	79.762821000	4	0x0083	0	2	10
6500	79.766732000					0
6501	79.790419000	4	0x0083	0	2	10
6502	79.793749000					0
6503	79.793887000	4	0x0082	1	8	16
6504	79.797748000					0
6507	79.798071000	4	0x0083	0	46	54
6508	79.801747000					0
6509	79.801866000	4	0x0083	0	2	10
6510	79.805745000					0
6511	79.806091000	4	0x0083	0	2	10
6512	79.809753000					0
6513	79.809854000	4	0x008e	16418	3	8
6514	79.813734000					3
6515	79.814005000	4	0x0083	0	2	10
6516	79.817720000					0
6517	79.818027000	4	0x0083	0	16	24
6518	79.821743000					0
6519	79.821850000	4	0x0083	0	2	10
6520	79.825739000					0
6521	79.825810000	4	0x0083	0	2	10
6522	79.829736000					0
6523	79.829804000	4	0x0083	0	2	10
6524	79.833736000					0
6525	79.833804000	4	0x0083	0	2	10
6526	79.837741000					0
6527	79.837822000	4	0x0083	0	2	10
6528	79.841738000					0
6529	79.842086000	4	0x0083	0	2	10
6530	79.845738000					0
6531	79.845796000	4	0x0083	0	2	10
6532	79.849742000					0
6533	79.883174000	4	0x0083	0	2	10
6534	79.886764000					0
6535	79.886971000	4	0x008e	290	64	8
6536	79.890761000					64
6537	79.890877000	4	0x008e	16418	64	8
6538	79.894761000					64
6539	79.894876000	4	0x008e	32546	64	8
6540	79.898761000					64
6541	79.898846000	4	0x008e	48674	64	8
6542	79.902760000					64
6543	79.902825000	4	0x008e	64802	4	8
6544	79.906758000					4
6545	79.907041000	4	0x008e	16674	2	8
6546	79.910759000					2
6547	79.911193000	4	0x008e	16418	3	8
6548	79.914757000					3
6549	79.914855000	4	0x008e	16930	4	8
6550	79.918748000					4
6551	79.919021000	4	0x0082	0	8	16
6552	79.922747000					0
6557	79.949139000	4	0x008e	16418	2	8
6558	79.952770000					2
6559	79.952864000	4	0x008e	290	64	8
6560	79.956778000					64
6561	79.956884000	4	0x008e	16418	64	8
6562	79.960770000					64
6563	79.960894000	4	0x008e	32546	64	8
6564	79.964781000					64
6565	79.964896000	4	0x008e	48674	64	8
6566	79.968784000					64
6567	79.968903000	4	0x008e	64802	4	8
6568	79.972770000					4
6569	79.972817000	4	0x008e	16674	2	8
6570	79.976766000					2
6571	79.976831000	4	0x0082	0	8	16
6572	79.980773000					0
