7	6			18	8
8					18
9	6			39	8
10					39
11	9		0	0	8
12					0
21	4	0x008e	290	64	8
22					64
23	4	0x008e	16418	64	8
24					64
25	4	0x008e	32546	64	8
26					64
27	4	0x008e	48674	64	8
28					64
29	4	0x008e	64802	4	8
30					4
31	4	0x0083	0	2	10
32					0
33	12	0x008c	16	1	9
34					0
35	12	0x008c	19	1	9
36					0
37	4	0x0083	0	64	72
38					0
39	4	0x0083	0	64	72
40					0
41	4	0x0083	0	64	72
42					0
43	4	0x0083	0	8	16
44					0
45	4	0x0083	0	54	62
46					0
47	4	0x0084	57862	4	8
48					4
49	4	0x008e	290	64	8
50					64
51	4	0x008e	16418	64	8
52					64
53	4	0x008e	32546	64	8
54					64
55	4	0x008e	48674	64	8
56					64
57	4	0x008e	64802	4	8
58					4
59	4	0x008e	16674	2	8
60					2
61	4	0x008e	2594	2	8
62					2
63	4	0x0083	0	2	10
64					0
65	4	0x008e	16418	2	8
66					2
67	4	0x0083	0	2	10
68					0
69	4	0x0083	0	2	10
70					0
71	4	0x0083	0	2	10
72					0
73	4	0x0083	0	2	10
74					0
75	4	0x0083	0	2	10
76					0
77	4	0x008e	290	64	8
78					64
79	4	0x008e	16418	64	8
80					64
81	4	0x008e	32546	64	8
82					64
83	4	0x008e	48674	64	8
84					64
85	4	0x008e	64802	4	8
86					4
87	4	0x0083	0	2	10
88					0
89	12	0x008c	16	1	9
90					0
91	12	0x008c	19	1	9
92					0
93	4	0x0083	0	64	72
94					0
95	4	0x0083	0	64	72
96					0
97	4	0x0083	0	64	72
98					0
99	4	0x0083	0	8	16
100					0
101	4	0x0083	0	54	62
102					0
103	4	0x0084	57862	4	8
104					4
105	4	0x008e	290	64	8
106					64
107	4	0x008e	16418	64	8
108					64
109	4	0x008e	32546	64	8
110					64
111	4	0x008e	48674	64	8
112					64
113	4	0x008e	64802	4	8
114					4
115	4	0x008e	16674	2	8
116					2
117	4	0x008e	2594	2	8
118					2
119	4	0x0083	0	2	10
120					0
121	4	0x008e	16418	2	8
122					2
123	4	0x0083	0	2	10
124					0
125	4	0x0083	0	2	10
126					0
127	4	0x0083	0	2	10
128					0
129	4	0x0083	0	2	10
130					0
131	4	0x0083	0	2	10
132					0
133	4	0x008e	290	64	8
134					64
135	4	0x008e	16418	64	8
136					64
137	4	0x008e	32546	64	8
138					64
139	4	0x008e	48674	64	8
140					64
141	4	0x008e	64802	4	8
142					4
143	4	0x0083	0	2	10
144					0
145	12	0x008c	16	1	9
146					0
147	12	0x008c	19	1	9
148					0
149	4	0x0083	0	64	72
150					0
151	4	0x0083	0	64	72
152					0
153	4	0x0083	0	64	72
154					0
155	4	0x0083	0	8	16
156					0
157	4	0x0083	0	54	62
158					0
159	4	0x0084	57862	4	8
160					4
161	4	0x008e	290	64	8
162					64
163	4	0x008e	16418	64	8
164					64
165	4	0x008e	32546	64	8
166					64
167	4	0x008e	48674	64	8
168					64
169	4	0x008e	64802	4	8
170					4
171	4	0x008e	16674	2	8
172					2
173	4	0x008e	2594	2	8
174					2
175	4	0x0083	0	2	10
176					0
177	4	0x008e	16418	2	8
178					2
179	4	0x008e	290	64	8
180					64
181	4	0x008e	16418	64	8
182					64
183	4	0x008e	32546	64	8
184					64
185	4	0x008e	48674	64	8
186					64
187	4	0x008e	64802	4	8
188					4
189	4	0x008e	16674	2	8
190					2
191	12	0x008e	11	1	8
192					1
193	4	0x0083	0	64	72
194					0
195	4	0x0083	0	64	72
196					0
197	4	0x0083	0	64	72
198					0
199	4	0x0083	0	8	16
200					0
201	4	0x0083	0	54	62
202					0
203	4	0x0083	0	60	68
204					0
205	4	0x0083	0	54	62
206					0
207	4	0x0083	0	2	10
208					0
209	12	0x008c	16	1	9
210					0
211	12	0x008c	19	1	9
212					0
213	4	0x008e	290	64	8
214					64
215	4	0x008e	16418	64	8
216					64
217	4	0x008e	32546	64	8
218					64
219	4	0x008e	48674	64	8
220					64
221	4	0x008e	64802	4	8
222					4
223	4	0x0083	0	2	10
224					0
225	4	0x0083	0	2	10
226					0
227	4	0x0083	0	2	10
228					0
229	4	0x0083	0	4	12
230					0
231	4	0x0083	0	4	12
232					0
233	4	0x0083	0	4	12
234					0
235	4	0x0083	0	4	12
236					0
237	4	0x0083	0	4	12
238					0
239	4	0x0083	0	4	12
240					0
241	4	0x0083	0	4	12
242					0
243	4	0x0083	0	4	12
244					0
245	4	0x0083	0	4	12
246					0
247	4	0x0083	0	4	12
248					0
249	4	0x0083	0	4	12
250					0
251	4	0x0083	0	4	12
252					0
253	4	0x0083	0	2	10
254					0
255	4	0x008e	290	64	8
256					64
257	4	0x008e	16418	64	8
258					64
259	4	0x008e	32546	64	8
260					64
261	4	0x008e	48674	64	8
262					64
263	4	0x008e	64802	4	8
264					4
265	4	0x008e	16674	2	8
266					2
267	4	0x008e	290	64	8
268					64
269	4	0x008e	16418	64	8
270					64
271	4	0x008e	32546	64	8
272					64
273	4	0x008e	48674	64	8
274					64
275	4	0x008e	64802	4	8
276					4
277	4	0x008e	16674	2	8
278					2
279	4	0x008e	290	64	8
280					64
281	4	0x008e	16418	64	8
282					64
283	4	0x008e	32546	64	8
284					64
285	4	0x008e	48674	64	8
286					64
287	4	0x008e	64802	4	8
288					4
289	4	0x008e	16674	2	8
290					2
291	4	0x0084	57952	16	8
292					16
293	4	0x0083	0	64	72
294					0
295	4	0x0083	0	64	72
296					0
297	4	0x0083	0	64	72
298					0
299	4	0x0083	0	8	16
300					0
301	4	0x0083	0	54	62
302					0
303	4	0x0083	0	60	68
304					0
305	4	0x0083	0	54	62
306					0
307	4	0x0083	0	2	10
308					0
309	12	0x008c	16	1	9
310					0
311	12	0x008c	19	1	9
312					0
313	4	0x008e	290	64	8
314					64
315	4	0x008e	16418	64	8
316					64
317	4	0x008e	32546	64	8
318					64
319	4	0x008e	48674	64	8
320					64
321	4	0x008e	64802	4	8
322					4
323	4	0x0083	0	2	10
324					0
325	4	0x0083	0	2	10
326					0
327	4	0x0083	0	2	10
328					0
329	4	0x0083	0	4	12
330					0
331	4	0x0083	0	4	12
332					0
333	4	0x0083	0	4	12
334					0
335	4	0x0083	0	4	12
336					0
337	4	0x0083	0	4	12
338					0
339	4	0x0083	0	4	12
340					0
341	4	0x0083	0	4	12
342					0
343	4	0x0083	0	4	12
344					0
345	4	0x0083	0	4	12
346					0
347	4	0x0083	0	4	12
348					0
349	4	0x0083	0	4	12
350					0
351	4	0x0083	0	4	12
352					0
353	4	0x0083	0	2	10
354					0
355	4	0x0083	0	2	10
356					0
357	4	0x0083	0	2	10
358					0
359	4	0x0083	0	36	44
360					0
361	4	0x0083	0	2	10
362					0
363	4	0x0083	0	2	10
364					0
365	4	0x0083	0	2	10
366					0
367	4	0x0083	0	4	12
368					0
369	4	0x0083	0	4	12
370					0
371	4	0x0083	0	4	12
372					0
373	4	0x0083	0	4	12
374					0
375	4	0x0083	0	4	12
376					0
377	4	0x0083	0	4	12
378					0
379	4	0x0083	0	4	12
380					0
381	4	0x0083	0	4	12
382					0
383	4	0x0083	0	4	12
384					0
385	4	0x0083	0	4	12
386					0
387	4	0x0083	0	4	12
388					0
389	4	0x0083	0	4	12
390					0
391	4	0x0083	0	2	10
392					0
393	4	0x0083	0	2	10
394					0
395	4	0x0083	0	2	10
396					0
397	4	0x0083	0	2	10
398					0
399	4	0x0084	57968	16	8
400					16
401	4	0x0082	1	8	16
402					0
405	4	0x0082	1	8	16
406					0
409	4	0x0082	1	8	16
410					0
413	4	0x0082	1	8	16
414					0
417	4	0x0082	1	8	16
418					0
421	4	0x0082	1	8	16
422					0
425	4	0x0082	0	8	16
426					0
429	4	0x0082	1	8	16
430					0
433	4	0x0082	0	8	16
434					0
437	4	0x0082	0	8	16
438					0
441	4	0x0082	0	8	16
442					0
445	4	0x0082	1	8	16
446					0
449	4	0x0082	1	8	16
450					0
453	4	0x0082	0	8	16
454					0
457	4	0x0082	0	8	16
458					0
461	4	0x0082	1	8	16
462					0
465	4	0x0082	1	8	16
466					0
469	4	0x0082	0	8	16
470					0
473	4	0x0082	0	8	16
474					0
477	4	0x0082	1	8	16
478					0
481	4	0x0082	1	8	16
482					0
485	4	0x0082	0	8	16
486					0
489	4	0x0082	0	8	16
490					0
493	4	0x0082	1	8	16
494					0
497	4	0x0082	1	8	16
498					0
501	4	0x0082	0	8	16
502					0
505	4	0x0082	0	8	16
506					0
509	4	0x0082	1	8	16
510					0
513	4	0x0082	1	8	16
514					0
517	4	0x0082	0	8	16
518					0
521	4	0x0082	0	8	16
522					0
525	4	0x0082	1	8	16
526					0
529	4	0x0082	1	8	16
530					0
533	4	0x0082	0	8	16
534					0
537	4	0x0082	0	8	16
538					0
541	4	0x0082	1	8	16
542					0
545	4	0x0082	1	8	16
546					0
549	4	0x0082	0	8	16
550					0
553	4	0x0082	0	8	16
554					0
557	4	0x0082	1	8	16
558					0
561	4	0x0082	1	8	16
562					0
565	4	0x0082	0	8	16
566					0
569	4	0x0082	0	8	16
570					0
573	4	0x0082	1	8	16
574					0
577	4	0x0082	1	8	16
578					0
581	4	0x0082	0	8	16
582					0
585	4	0x0082	0	8	16
586					0
589	4	0x0082	1	8	16
590					0
593	4	0x0082	1	8	16
594					0
597	4	0x0082	0	8	16
598					0
601	4	0x0082	0	8	16
602					0
605	4	0x0082	1	8	16
606					0
609	4	0x0082	1	8	16
610					0
613	4	0x0082	0	8	16
614					0
617	4	0x0082	0	8	16
618					0
621	4	0x0082	1	8	16
622					0
625	4	0x0082	1	8	16
626					0
629	4	0x0082	0	8	16
630					0
633	4	0x0082	0	8	16
634					0
637	4	0x0082	1	8	16
638					0
641	4	0x0082	1	8	16
642					0
645	4	0x0082	0	8	16
646					0
649	4	0x0082	0	8	16
650					0
653	4	0x0082	1	8	16
654					0
657	4	0x0082	1	8	16
658					0
661	4	0x0082	0	8	16
662					0
665	4	0x0082	0	8	16
666					0
669	4	0x0082	1	8	16
670					0
673	4	0x0082	1	8	16
674					0
677	4	0x0082	0	8	16
678					0
681	4	0x0082	0	8	16
682					0
685	4	0x0082	1	8	16
686					0
689	4	0x0082	1	8	16
690					0
693	4	0x0082	0	8	16
694					0
697	4	0x0082	0	8	16
698					0
701	4	0x0082	1	8	16
702					0
705	4	0x0082	1	8	16
706					0
709	4	0x0082	0	8	16
710					0
713	4	0x0082	0	8	16
714					0
717	4	0x0082	1	8	16
718					0
721	4	0x0082	1	8	16
722					0
725	4	0x0082	0	8	16
726					0
729	4	0x0082	0	8	16
730					0
733	4	0x0082	1	8	16
734					0
737	4	0x0082	1	8	16
738					0
741	4	0x0082	0	8	16
742					0
745	4	0x0082	0	8	16
746					0
749	4	0x0082	1	8	16
750					0
753	4	0x0082	1	8	16
754					0
757	4	0x0082	0	8	16
758					0
761	4	0x0082	0	8	16
762					0
765	4	0x0082	1	8	16
766					0
769	4	0x0082	1	8	16
770					0
773	4	0x0082	0	8	16
774					0
777	4	0x0082	0	8	16
778					0
781	4	0x0082	1	8	16
782					0
785	4	0x0082	1	8	16
786					0
789	4	0x0082	0	8	16
790					0
793	4	0x0082	0	8	16
794					0
797	4	0x0082	1	8	16
798					0
801	4	0x0082	1	8	16
802					0
805	4	0x0082	0	8	16
806					0
809	4	0x0082	0	8	16
810					0
813	4	0x0082	1	8	16
814					0
817	4	0x0082	1	8	16
818					0
821	4	0x0082	0	8	16
822					0
825	4	0x0082	0	8	16
826					0
829	4	0x0082	1	8	16
830					0
833	4	0x0082	1	8	16
834					0
837	4	0x0082	0	8	16
838					0
841	4	0x0082	0	8	16
842					0
845	4	0x0082	1	8	16
846					0
849	4	0x0082	1	8	16
850					0
853	4	0x0082	0	8	16
854					0
857	4	0x0082	0	8	16
858					0
861	4	0x0082	1	8	16
862					0
865	4	0x0082	1	8	16
866					0
869	4	0x0082	0	8	16
870					0
873	4	0x0082	0	8	16
874					0
877	4	0x0082	1	8	16
878					0
881	4	0x0082	1	8	16
882					0
885	4	0x0082	0	8	16
886					0
889	4	0x0082	0	8	16
890					0
893	4	0x0082	1	8	16
894					0
897	4	0x0082	1	8	16
898					0
901	4	0x0082	0	8	16
902					0
905	4	0x0082	0	8	16
906					0
909	4	0x0082	1	8	16
910					0
913	4	0x0082	1	8	16
914					0
917	4	0x0082	0	8	16
918					0
921	4	0x0082	0	8	16
922					0
925	4	0x0082	1	8	16
926					0
929	4	0x0082	1	8	16
930					0
933	4	0x0082	0	8	16
934					0
937	4	0x0082	0	8	16
938					0
941	4	0x0082	1	8	16
942					0
945	4	0x0082	1	8	16
946					0
949	4	0x0082	0	8	16
950					0
953	4	0x0082	0	8	16
954					0
957	4	0x0082	1	8	16
958					0
961	4	0x0082	1	8	16
962					0
965	4	0x0082	1	8	16
966					0
969	4	0x0082	0	8	16
970					0
973	4	0x0082	0	8	16
974					0
977	4	0x0082	1	8	16
978					0
981	4	0x0082	1	8	16
982					0
985	4	0x0082	0	8	16
986					0
989	4	0x0082	0	8	16
990					0
993	4	0x0082	1	8	16
994					0
997	4	0x0082	1	8	16
998					0
1001	4	0x0082	0	8	16
1002					0
1005	4	0x0082	0	8	16
1006					0
1009	4	0x0082	1	8	16
1010					0
1013	4	0x0082	1	8	16
1014					0
1017	4	0x0082	0	8	16
1018					0
1021	4	0x0082	0	8	16
1022					0
1025	4	0x0082	1	8	16
1026					0
1029	4	0x0082	1	8	16
1030					0
1033	4	0x0082	0	8	16
1034					0
1037	4	0x0082	0	8	16
1038					0
1041	4	0x0082	1	8	16
1042					0
1045	4	0x0082	1	8	16
1046					0
1049	4	0x0082	0	8	16
1050					0
1053	4	0x0082	0	8	16
1054					0
1057	4	0x0082	1	8	16
1058					0
1061	4	0x0082	1	8	16
1062					0
1065	4	0x0082	0	8	16
1066					0
1069	4	0x0082	0	8	16
1070					0
1073	4	0x0082	1	8	16
1074					0
1077	4	0x0082	1	8	16
1078					0
1081	4	0x0082	0	8	16
1082					0
1085	4	0x0082	0	8	16
1086					0
1089	4	0x0082	1	8	16
1090					0
1093	4	0x0082	1	8	16
1094					0
1097	4	0x0082	0	8	16
1098					0
1101	4	0x0082	0	8	16
1102					0
1105	4	0x0082	1	8	16
1106					0
1109	4	0x0082	1	8	16
1110					0
1113	4	0x0082	0	8	16
1114					0
1117	4	0x0082	0	8	16
1118					0
1121	4	0x0082	1	8	16
1122					0
1125	4	0x0082	1	8	16
1126					0
1129	4	0x0082	0	8	16
1130					0
1133	4	0x0082	0	8	16
1134					0
1137	4	0x0082	1	8	16
1138					0
1141	4	0x0082	1	8	16
1142					0
1145	4	0x0082	0	8	16
1146					0
1149	4	0x0082	0	8	16
1150					0
1153	4	0x0082	1	8	16
1154					0
1157	4	0x0082	1	8	16
1158					0
1161	4	0x0082	0	8	16
1162					0
1165	4	0x0082	0	8	16
1166					0
1169	4	0x0082	1	8	16
1170					0
1173	4	0x0082	1	8	16
1174					0
1177	4	0x0082	0	8	16
1178					0
1181	4	0x0082	0	8	16
1182					0
1185	4	0x0082	1	8	16
1186					0
1189	4	0x0082	1	8	16
1190					0
1193	4	0x0082	0	8	16
1194					0
1197	4	0x0082	0	8	16
1198					0
1201	4	0x0082	1	8	16
1202					0
1205	4	0x0082	1	8	16
1206					0
1209	4	0x0082	0	8	16
1210					0
1213	4	0x0082	0	8	16
1214					0
1217	4	0x0082	1	8	16
1218					0
1221	4	0x0082	1	8	16
1222					0
1225	4	0x0082	0	8	16
1226					0
1229	4	0x0082	0	8	16
1230					0
1233	4	0x0082	1	8	16
1234					0
1237	4	0x0082	1	8	16
1238					0
1241	4	0x0082	0	8	16
1242					0
1245	4	0x0082	0	8	16
1246					0
1249	4	0x0082	1	8	16
1250					0
1253	4	0x0082	1	8	16
1254					0
1257	4	0x0082	0	8	16
1258					0
1261	4	0x0082	0	8	16
1262					0
1265	4	0x0082	1	8	16
1266					0
1269	4	0x0082	1	8	16
1270					0
1273	4	0x0082	0	8	16
1274					0
1277	4	0x0082	0	8	16
1278					0
1281	4	0x0082	1	8	16
1282					0
1285	4	0x0082	1	8	16
1286					0
1289	4	0x0082	0	8	16
1290					0
1293	4	0x0082	0	8	16
1294					0
1297	4	0x0082	1	8	16
1298					0
1301	4	0x0082	1	8	16
1302					0
1305	4	0x0082	0	8	16
1306					0
1309	4	0x0082	0	8	16
1310					0
1313	4	0x0082	1	8	16
1314					0
1317	4	0x0082	1	8	16
1318					0
1321	4	0x0082	0	8	16
1322					0
1325	4	0x0082	0	8	16
1326					0
1329	4	0x0082	1	8	16
1330					0
1333	4	0x0082	1	8	16
1334					0
1337	4	0x0082	0	8	16
1338					0
1341	4	0x0082	0	8	16
1342					0
1345	4	0x0082	1	8	16
1346					0
1349	4	0x0082	1	8	16
1350					0
1353	4	0x0082	0	8	16
1354					0
1357	4	0x0082	0	8	16
1358					0
1361	4	0x0082	1	8	16
1362					0
1365	4	0x0082	1	8	16
1366					0
1369	4	0x0082	0	8	16
1370					0
1373	4	0x0082	0	8	16
1374					0
1377	4	0x0082	1	8	16
1378					0
1381	4	0x0082	1	8	16
1382					0
1385	4	0x0082	0	8	16
1386					0
1389	4	0x0082	0	8	16
1390					0
1393	4	0x0082	1	8	16
1394					0
1397	4	0x0082	1	8	16
1398					0
1401	4	0x0082	0	8	16
1402					0
1405	4	0x0082	0	8	16
1406					0
1409	4	0x0082	1	8	16
1410					0
1413	4	0x0082	1	8	16
1414					0
1417	4	0x0082	0	8	16
1418					0
1421	4	0x0082	0	8	16
1422					0
1425	4	0x0082	1	8	16
1426					0
1429	4	0x0082	1	8	16
1430					0
1433	4	0x0082	0	8	16
1434					0
1437	4	0x0082	0	8	16
1438					0
1441	4	0x0082	1	8	16
1442					0
1445	4	0x0082	1	8	16
1446					0
1449	4	0x0082	0	8	16
1450					0
1453	4	0x0082	0	8	16
1454					0
1457	4	0x0082	1	8	16
1458					0
1461	4	0x0082	1	8	16
1462					0
1465	4	0x0082	0	8	16
1466					0
1469	4	0x0082	0	8	16
1470					0
1473	4	0x0082	1	8	16
1474					0
1477	4	0x0082	1	8	16
1478					0
1481	4	0x0082	1	8	16
1482					0
1485	4	0x0082	0	8	16
1486					0
1489	4	0x0082	0	8	16
1490					0
1493	4	0x0082	1	8	16
1494					0
1497	4	0x0082	1	8	16
1498					0
1501	4	0x0082	0	8	16
1502					0
1505	4	0x0082	0	8	16
1506					0
1509	4	0x0082	1	8	16
1510					0
1513	4	0x0082	1	8	16
1514					0
1517	4	0x0082	0	8	16
1518					0
1521	4	0x0082	0	8	16
1522					0
1525	4	0x0082	1	8	16
1526					0
1529	4	0x0082	1	8	16
1530					0
1533	4	0x0082	0	8	16
1534					0
1537	4	0x0082	0	8	16
1538					0
1541	4	0x0082	1	8	16
1542					0
1545	4	0x0082	1	8	16
1546					0
1549	4	0x0082	0	8	16
1550					0
1553	4	0x0082	0	8	16
1554					0
1557	4	0x0082	1	8	16
1558					0
1561	4	0x0082	1	8	16
1562					0
1565	4	0x0082	0	8	16
1566					0
1569	4	0x0082	0	8	16
1570					0
1573	4	0x0082	1	8	16
1574					0
1577	4	0x0082	1	8	16
1578					0
1581	4	0x0082	0	8	16
1582					0
1585	4	0x0082	0	8	16
1586					0
1589	4	0x0082	1	8	16
1590					0
1593	4	0x0082	1	8	16
1594					0
1597	4	0x0082	0	8	16
1598					0
1601	4	0x0082	0	8	16
1602					0
1605	4	0x0082	1	8	16
1606					0
1609	4	0x0082	1	8	16
1610					0
1613	4	0x0082	0	8	16
1614					0
1617	4	0x0082	0	8	16
1618					0
1621	4	0x0082	1	8	16
1622					0
1625	4	0x0082	1	8	16
1626					0
1629	4	0x0082	0	8	16
1630					0
1633	4	0x0082	0	8	16
1634					0
1637	4	0x0082	1	8	16
1638					0
1641	4	0x0082	1	8	16
1642					0
1645	4	0x0082	0	8	16
1646					0
1649	4	0x0082	0	8	16
1650					0
1653	4	0x0082	1	8	16
1654					0
1657	4	0x0082	1	8	16
1658					0
1661	4	0x0082	0	8	16
1662					0
1665	4	0x0082	0	8	16
1666					0
1669	4	0x0082	1	8	16
1670					0
1673	4	0x0082	1	8	16
1674					0
1677	4	0x0082	0	8	16
1678					0
1681	4	0x0082	0	8	16
1682					0
1685	4	0x0082	1	8	16
1686					0
1689	4	0x0082	1	8	16
1690					0
1693	4	0x0082	0	8	16
1694					0
1697	4	0x0082	0	8	16
1698					0
1701	4	0x0082	1	8	16
1702					0
1705	4	0x0082	1	8	16
1706					0
1709	4	0x0082	0	8	16
1710					0
1713	4	0x0082	0	8	16
1714					0
1717	4	0x0082	1	8	16
1718					0
1721	4	0x0082	1	8	16
1722					0
1725	4	0x0082	0	8	16
1726					0
1729	4	0x0082	0	8	16
1730					0
1733	4	0x0082	1	8	16
1734					0
1737	4	0x0082	1	8	16
1738					0
1741	4	0x0082	0	8	16
1742					0
1745	4	0x0082	0	8	16
1746					0
1749	4	0x0082	1	8	16
1750					0
1753	4	0x0082	1	8	16
1754					0
1757	4	0x0082	0	8	16
1758					0
1761	4	0x0082	0	8	16
1762					0
1765	4	0x0082	1	8	16
1766					0
1769	4	0x0082	1	8	16
1770					0
1773	4	0x0082	0	8	16
1774					0
1777	4	0x0082	0	8	16
1778					0
1781	4	0x0082	1	8	16
1782					0
1785	4	0x0082	1	8	16
1786					0
1789	4	0x0082	0	8	16
1790					0
1793	4	0x0082	0	8	16
1794					0
1797	4	0x0082	1	8	16
1798					0
1801	4	0x0082	1	8	16
1802					0
1805	4	0x0082	0	8	16
1806					0
1809	4	0x0082	0	8	16
1810					0
1813	4	0x0082	1	8	16
1814					0
1817	4	0x0082	1	8	16
1818					0
1821	4	0x0082	0	8	16
1822					0
1825	4	0x0082	0	8	16
1826					0
1829	4	0x0082	1	8	16
1830					0
1833	4	0x0082	1	8	16
1834					0
1837	4	0x0082	0	8	16
1838					0
1841	4	0x0082	0	8	16
1842					0
1845	4	0x0082	1	8	16
1846					0
1849	4	0x0082	1	8	16
1850					0
1853	4	0x0082	0	8	16
1854					0
1857	4	0x0082	0	8	16
1858					0
1861	4	0x0082	1	8	16
1862					0
1865	4	0x0082	1	8	16
1866					0
1869	4	0x0082	0	8	16
1870					0
1873	4	0x0082	0	8	16
1874					0
1877	4	0x0082	1	8	16
1878					0
1881	4	0x0082	1	8	16
1882					0
1885	4	0x0082	0	8	16
1886					0
1889	4	0x0082	0	8	16
1890					0
1893	4	0x0082	1	8	16
1894					0
1897	4	0x0082	1	8	16
1898					0
1901	4	0x0082	0	8	16
1902					0
1905	4	0x0082	0	8	16
1906					0
1909	4	0x0082	1	8	16
1910					0
1913	4	0x0082	1	8	16
1914					0
1917	4	0x0082	0	8	16
1918					0
1921	4	0x0082	0	8	16
1922					0
1925	4	0x0082	1	8	16
1926					0
1929	4	0x0082	1	8	16
1930					0
1933	4	0x0082	0	8	16
1934					0
1937	4	0x0082	0	8	16
1938					0
1941	4	0x0082	1	8	16
1942					0
1945	4	0x0082	1	8	16
1946					0
1949	4	0x0082	0	8	16
1950					0
1953	4	0x0082	0	8	16
1954					0
1957	4	0x0082	1	8	16
1958					0
1961	4	0x0082	1	8	16
1962					0
1965	4	0x0082	0	8	16
1966					0
1969	4	0x0082	0	8	16
1970					0
1973	4	0x0082	1	8	16
1974					0
1977	4	0x0082	1	8	16
1978					0
1981	4	0x0082	0	8	16
1982					0
1985	4	0x0082	0	8	16
1986					0
1989	4	0x0082	1	8	16
1990					0
1993	4	0x0082	1	8	16
1994					0
1997	4	0x0082	1	8	16
1998					0
2001	4	0x0082	0	8	16
2002					0
2005	4	0x0082	0	8	16
2006					0
2009	4	0x0082	1	8	16
2010					0
2013	4	0x0082	1	8	16
2014					0
2017	4	0x0082	0	8	16
2018					0
2021	4	0x0082	0	8	16
2022					0
2025	4	0x0082	1	8	16
2026					0
2029	4	0x0082	1	8	16
2030					0
2033	4	0x0082	0	8	16
2034					0
2037	4	0x0082	0	8	16
2038					0
2041	4	0x0082	1	8	16
2042					0
2045	4	0x0082	1	8	16
2046					0
2049	4	0x0082	0	8	16
2050					0
2053	4	0x0082	0	8	16
2054					0
2057	4	0x0082	1	8	16
2058					0
2061	4	0x0082	1	8	16
2062					0
2065	4	0x0082	0	8	16
2066					0
2069	4	0x0082	0	8	16
2070					0
2073	4	0x0082	1	8	16
2074					0
2077	4	0x0082	1	8	16
2078					0
2081	4	0x0082	0	8	16
2082					0
2085	4	0x0082	0	8	16
2086					0
2089	4	0x0082	1	8	16
2090					0
2093	4	0x0082	1	8	16
2094					0
2097	4	0x0082	0	8	16
2098					0
2101	4	0x0082	0	8	16
2102					0
2105	4	0x0082	1	8	16
2106					0
2109	4	0x0082	1	8	16
2110					0
2113	4	0x0082	0	8	16
2114					0
2117	4	0x0082	0	8	16
2118					0
2121	4	0x0082	1	8	16
2122					0
2125	4	0x0082	1	8	16
2126					0
2129	4	0x0082	0	8	16
2130					0
2133	4	0x0082	0	8	16
2134					0
2137	4	0x0082	1	8	16
2138					0
2141	4	0x0082	1	8	16
2142					0
2145	4	0x0082	0	8	16
2146					0
2149	4	0x0082	0	8	16
2150					0
2153	4	0x0082	1	8	16
2154					0
2157	4	0x0082	1	8	16
2158					0
2161	4	0x0082	0	8	16
2162					0
2165	4	0x0082	0	8	16
2166					0
2169	4	0x0082	1	8	16
2170					0
2173	4	0x0082	1	8	16
2174					0
2177	4	0x0082	0	8	16
2178					0
2181	4	0x0082	0	8	16
2182					0
2185	4	0x0082	1	8	16
2186					0
2189	4	0x0082	1	8	16
2190					0
2193	4	0x0082	0	8	16
2194					0
2197	4	0x0082	0	8	16
2198					0
2201	4	0x0082	1	8	16
2202					0
2205	4	0x0082	1	8	16
2206					0
2209	4	0x0082	0	8	16
2210					0
2213	4	0x0082	0	8	16
2214					0
2217	4	0x0082	1	8	16
2218					0
2221	4	0x0082	1	8	16
2222					0
2225	4	0x0082	0	8	16
2226					0
2229	4	0x0082	0	8	16
2230					0
2233	4	0x0082	1	8	16
2234					0
2237	4	0x0082	1	8	16
2238					0
2241	4	0x0082	0	8	16
2242					0
2245	4	0x0082	0	8	16
2246					0
2249	4	0x0082	1	8	16
2250					0
2253	4	0x0082	1	8	16
2254					0
2257	4	0x0082	0	8	16
2258					0
2261	4	0x0082	0	8	16
2262					0
2265	4	0x0082	1	8	16
2266					0
2269	4	0x0082	1	8	16
2270					0
2273	4	0x0082	0	8	16
2274					0
2277	4	0x0082	0	8	16
2278					0
2281	4	0x0082	1	8	16
2282					0
2285	4	0x0082	1	8	16
2286					0
2289	4	0x0082	0	8	16
2290					0
2293	4	0x0082	0	8	16
2294					0
2297	4	0x0082	1	8	16
2298					0
2301	4	0x0082	1	8	16
2302					0
2305	4	0x0082	0	8	16
2306					0
2309	4	0x0082	0	8	16
2310					0
2313	4	0x0082	1	8	16
2314					0
2317	4	0x0082	1	8	16
2318					0
2321	4	0x0082	0	8	16
2322					0
2325	4	0x0082	0	8	16
2326					0
2329	4	0x0082	1	8	16
2330					0
2333	4	0x0082	1	8	16
2334					0
2337	4	0x0082	0	8	16
2338					0
2341	4	0x0082	0	8	16
2342					0
2345	4	0x0082	1	8	16
2346					0
2349	4	0x0082	1	8	16
2350					0
2353	4	0x0082	0	8	16
2354					0
2357	4	0x0082	0	8	16
2358					0
2361	4	0x0082	1	8	16
2362					0
2365	4	0x0082	1	8	16
2366					0
2369	4	0x0082	0	8	16
2370					0
2373	4	0x0082	0	8	16
2374					0
2377	4	0x0082	1	8	16
2378					0
2381	4	0x0082	1	8	16
2382					0
2385	4	0x0082	0	8	16
2386					0
2389	4	0x0082	0	8	16
2390					0
2393	4	0x0082	1	8	16
2394					0
2397	4	0x0082	1	8	16
2398					0
2401	4	0x0082	0	8	16
2402					0
2405	4	0x0082	0	8	16
2406					0
2409	4	0x0082	1	8	16
2410					0
2413	4	0x0082	1	8	16
2414					0
2417	4	0x0082	0	8	16
2418					0
2421	4	0x0082	0	8	16
2422					0
2425	4	0x0082	1	8	16
2426					0
2429	4	0x0082	1	8	16
2430					0
2433	4	0x0082	0	8	16
2434					0
2437	4	0x0082	0	8	16
2438					0
2441	4	0x0082	1	8	16
2442					0
2445	4	0x0082	1	8	16
2446					0
2449	4	0x0082	0	8	16
2450					0
2453	4	0x0082	0	8	16
2454					0
2457	4	0x0082	1	8	16
2458					0
2461	4	0x0082	1	8	16
2462					0
2465	4	0x0082	0	8	16
2466					0
2469	4	0x0082	0	8	16
2470					0
2473	4	0x0082	1	8	16
2474					0
2477	4	0x0082	1	8	16
2478					0
2481	4	0x0082	0	8	16
2482					0
2485	4	0x0082	0	8	16
2486					0
2489	4	0x0082	1	8	16
2490					0
2493	4	0x0082	1	8	16
2494					0
2497	4	0x0082	0	8	16
2498					0
2501	4	0x0082	0	8	16
2502					0
2505	4	0x0082	1	8	16
2506					0
2509	4	0x0082	1	8	16
2510					0
2513	4	0x0082	1	8	16
2514					0
2517	4	0x0082	0	8	16
2518					0
2521	4	0x0082	0	8	16
2522					0
2525	4	0x0082	1	8	16
2526					0
2529	4	0x0082	1	8	16
2530					0
2533	4	0x0082	0	8	16
2534					0
2537	4	0x0082	0	8	16
2538					0
2541	4	0x0082	1	8	16
2542					0
2545	4	0x0082	1	8	16
2546					0
2549	4	0x0082	0	8	16
2550					0
2553	4	0x0082	0	8	16
2554					0
2557	4	0x0082	1	8	16
2558					0
2561	4	0x0082	1	8	16
2562					0
2565	4	0x0082	0	8	16
2566					0
2569	4	0x0082	0	8	16
2570					0
2573	4	0x0082	1	8	16
2574					0
2577	4	0x0082	1	8	16
2578					0
2581	4	0x0082	0	8	16
2582					0
2585	4	0x0082	0	8	16
2586					0
2589	4	0x0082	1	8	16
2590					0
2593	4	0x0082	1	8	16
2594					0
2597	4	0x0082	0	8	16
2598					0
2601	4	0x0082	0	8	16
2602					0
2605	4	0x0082	1	8	16
2606					0
2609	4	0x0082	1	8	16
2610					0
2613	4	0x0082	0	8	16
2614					0
2617	4	0x0082	0	8	16
2618					0
2621	4	0x0082	1	8	16
2622					0
2625	4	0x0082	1	8	16
2626					0
2629	4	0x0082	0	8	16
2630					0
2633	4	0x0082	0	8	16
2634					0
2637	4	0x0082	1	8	16
2638					0
2641	4	0x0082	1	8	16
2642					0
2645	4	0x0082	0	8	16
2646					0
2649	4	0x0082	0	8	16
2650					0
2653	4	0x0082	1	8	16
2654					0
2657	4	0x0082	1	8	16
2658					0
2661	4	0x0082	0	8	16
2662					0
2665	4	0x0082	0	8	16
2666					0
2669	4	0x0082	1	8	16
2670					0
2673	4	0x0082	1	8	16
2674					0
2677	4	0x0082	0	8	16
2678					0
2681	4	0x0082	0	8	16
2682					0
2685	4	0x0082	1	8	16
2686					0
2689	4	0x0082	1	8	16
2690					0
2693	4	0x0082	0	8	16
2694					0
2697	4	0x0082	0	8	16
2698					0
2701	4	0x0082	1	8	16
2702					0
2705	4	0x0082	1	8	16
2706					0
2709	4	0x0082	0	8	16
2710					0
2713	4	0x0082	0	8	16
2714					0
2717	4	0x0082	1	8	16
2718					0
2721	4	0x0082	1	8	16
2722					0
2725	4	0x0082	0	8	16
2726					0
2729	4	0x0082	0	8	16
2730					0
2733	4	0x0082	1	8	16
2734					0
2737	4	0x0082	1	8	16
2738					0
2741	4	0x0082	0	8	16
2742					0
2745	4	0x0082	0	8	16
2746					0
2749	4	0x0082	1	8	16
2750					0
2753	4	0x0082	1	8	16
2754					0
2757	4	0x0082	0	8	16
2758					0
2761	4	0x0082	0	8	16
2762					0
2765	4	0x0082	1	8	16
2766					0
2769	4	0x0082	1	8	16
2770					0
2773	4	0x0082	0	8	16
2774					0
2777	4	0x0082	0	8	16
2778					0
2781	4	0x0082	1	8	16
2782					0
2785	4	0x0082	1	8	16
2786					0
2789	4	0x0082	0	8	16
2790					0
2793	4	0x0082	0	8	16
2794					0
2797	4	0x0082	1	8	16
2798					0
2801	4	0x0082	1	8	16
2802					0
2805	4	0x0082	0	8	16
2806					0
2809	4	0x0082	0	8	16
2810					0
2813	4	0x0082	1	8	16
2814					0
2817	4	0x0082	1	8	16
2818					0
2821	4	0x0082	0	8	16
2822					0
2825	4	0x0082	0	8	16
2826					0
2829	4	0x0082	1	8	16
2830					0
2833	4	0x0082	1	8	16
2834					0
2837	4	0x0082	0	8	16
2838					0
2841	4	0x0082	0	8	16
2842					0
2845	4	0x0082	1	8	16
2846					0
2849	4	0x0082	1	8	16
2850					0
2853	4	0x0082	0	8	16
2854					0
2857	4	0x0082	0	8	16
2858					0
2861	4	0x0082	1	8	16
2862					0
2865	4	0x0082	1	8	16
2866					0
2869	4	0x0082	0	8	16
2870					0
2873	4	0x0082	0	8	16
2874					0
2877	4	0x0082	1	8	16
2878					0
2881	4	0x0082	1	8	16
2882					0
2885	4	0x0082	0	8	16
2886					0
2889	4	0x0082	0	8	16
2890					0
2893	4	0x0082	1	8	16
2894					0
2897	4	0x0082	1	8	16
2898					0
2901	4	0x0082	0	8	16
2902					0
2905	4	0x0082	0	8	16
2906					0
2909	4	0x0082	1	8	16
2910					0
2913	4	0x0082	1	8	16
2914					0
2917	4	0x0082	0	8	16
2918					0
2921	4	0x0082	0	8	16
2922					0
2925	4	0x0082	1	8	16
2926					0
2929	4	0x0082	1	8	16
2930					0
2933	4	0x0082	0	8	16
2934					0
2937	4	0x0082	0	8	16
2938					0
2941	4	0x0082	1	8	16
2942					0
2945	4	0x0082	1	8	16
2946					0
2949	4	0x0082	0	8	16
2950					0
2953	4	0x0082	0	8	16
2954					0
2957	4	0x0082	1	8	16
2958					0
2961	4	0x0082	1	8	16
2962					0
2965	4	0x0082	0	8	16
2966					0
2969	4	0x0082	0	8	16
2970					0
2973	4	0x0082	1	8	16
2974					0
2977	4	0x0082	1	8	16
2978					0
2981	4	0x0082	0	8	16
2982					0
2985	4	0x0082	0	8	16
2986					0
2989	4	0x0082	1	8	16
2990					0
2993	4	0x0082	1	8	16
2994					0
2997	4	0x0082	0	8	16
2998					0
3001	4	0x0082	0	8	16
3002					0
3005	4	0x0082	1	8	16
3006					0
3009	4	0x0082	1	8	16
3010					0
3013	4	0x0082	0	8	16
3014					0
3017	4	0x0082	0	8	16
3018					0
3021	4	0x0082	1	8	16
3022					0
3025	4	0x0082	1	8	16
3026					0
3029	4	0x0082	1	8	16
3030					0
3033	4	0x0082	0	8	16
3034					0
3037	4	0x0082	0	8	16
3038					0
3041	4	0x0082	1	8	16
3042					0
3045	4	0x0082	1	8	16
3046					0
3049	4	0x0082	0	8	16
3050					0
3053	4	0x0082	0	8	16
3054					0
3057	4	0x0082	1	8	16
3058					0
3061	4	0x0082	1	8	16
3062					0
3065	4	0x0082	0	8	16
3066					0
3069	4	0x0082	0	8	16
3070					0
3073	4	0x0082	1	8	16
3074					0
3077	4	0x0082	1	8	16
3078					0
3081	4	0x0082	0	8	16
3082					0
3085	4	0x0082	0	8	16
3086					0
3089	4	0x0082	1	8	16
3090					0
3093	4	0x0082	1	8	16
3094					0
3097	4	0x0082	0	8	16
3098					0
3101	4	0x0082	0	8	16
3102					0
3105	4	0x0082	1	8	16
3106					0
3109	4	0x0082	1	8	16
3110					0
3113	4	0x0082	0	8	16
3114					0
3117	4	0x0082	0	8	16
3118					0
3121	4	0x0082	1	8	16
3122					0
3125	4	0x0082	1	8	16
3126					0
3129	4	0x0082	0	8	16
3130					0
3133	4	0x0082	0	8	16
3134					0
3137	4	0x0082	1	8	16
3138					0
3141	4	0x0082	1	8	16
3142					0
3145	4	0x0082	0	8	16
3146					0
3149	4	0x0082	0	8	16
3150					0
3153	4	0x0082	1	8	16
3154					0
3157	4	0x0082	1	8	16
3158					0
3161	4	0x0082	0	8	16
3162					0
3165	4	0x0082	0	8	16
3166					0
3169	4	0x0082	1	8	16
3170					0
3173	4	0x0082	1	8	16
3174					0
3177	4	0x0082	0	8	16
3178					0
3181	4	0x0082	0	8	16
3182					0
3185	4	0x0082	1	8	16
3186					0
3189	4	0x0082	1	8	16
3190					0
3193	4	0x0082	0	8	16
3194					0
3197	4	0x0082	0	8	16
3198					0
3201	4	0x0082	1	8	16
3202					0
3205	4	0x0082	1	8	16
3206					0
3209	4	0x0082	0	8	16
3210					0
3213	4	0x0082	0	8	16
3214					0
3217	4	0x0082	1	8	16
3218					0
3221	4	0x0082	1	8	16
3222					0
3225	4	0x0082	0	8	16
3226					0
3229	4	0x0082	0	8	16
3230					0
3233	4	0x0082	1	8	16
3234					0
3237	4	0x0082	1	8	16
3238					0
3241	4	0x0082	0	8	16
3242					0
3245	4	0x0082	0	8	16
3246					0
3249	4	0x0082	1	8	16
3250					0
3253	4	0x0082	1	8	16
3254					0
3257	4	0x0082	0	8	16
3258					0
3261	4	0x0082	0	8	16
3262					0
3265	4	0x0082	1	8	16
3266					0
3269	4	0x0082	1	8	16
3270					0
3273	4	0x0082	0	8	16
3274					0
3277	4	0x0082	0	8	16
3278					0
3281	4	0x0082	1	8	16
3282					0
3285	4	0x0082	1	8	16
3286					0
3289	4	0x0082	0	8	16
3290					0
3293	4	0x0082	0	8	16
3294					0
3297	4	0x0082	1	8	16
3298					0
3301	4	0x0082	1	8	16
3302					0
3305	4	0x0082	0	8	16
3306					0
3309	4	0x0082	0	8	16
3310					0
3313	4	0x0082	1	8	16
3314					0
3317	4	0x0082	1	8	16
3318					0
3321	4	0x0082	0	8	16
3322					0
3325	4	0x0082	0	8	16
3326					0
3329	4	0x0082	1	8	16
3330					0
3333	4	0x0082	1	8	16
3334					0
3337	4	0x0082	0	8	16
3338					0
3341	4	0x0082	0	8	16
3342					0
3345	4	0x0082	1	8	16
3346					0
3349	4	0x0082	1	8	16
3350					0
3353	4	0x0082	0	8	16
3354					0
3357	4	0x0082	0	8	16
3358					0
3361	4	0x0082	1	8	16
3362					0
3365	4	0x0082	1	8	16
3366					0
3369	4	0x0082	0	8	16
3370					0
3373	4	0x0082	0	8	16
3374					0
3377	4	0x0082	1	8	16
3378					0
3381	4	0x0082	1	8	16
3382					0
3385	4	0x0082	0	8	16
3386					0
3389	4	0x0082	0	8	16
3390					0
3393	4	0x0082	1	8	16
3394					0
3397	4	0x0082	1	8	16
3398					0
3401	4	0x0082	0	8	16
3402					0
3405	4	0x0082	0	8	16
3406					0
3409	4	0x0082	1	8	16
3410					0
3413	4	0x0082	1	8	16
3414					0
3417	4	0x0082	0	8	16
3418					0
3421	4	0x0082	0	8	16
3422					0
3425	4	0x0082	1	8	16
3426					0
3429	4	0x0082	1	8	16
3430					0
3433	4	0x0082	0	8	16
3434					0
3437	4	0x0082	0	8	16
3438					0
3441	4	0x0082	1	8	16
3442					0
3445	4	0x0082	1	8	16
3446					0
3449	4	0x0082	0	8	16
3450					0
3453	4	0x0082	0	8	16
3454					0
3457	4	0x0082	1	8	16
3458					0
3461	4	0x0082	1	8	16
3462					0
3465	4	0x0082	0	8	16
3466					0
3469	4	0x0082	0	8	16
3470					0
3473	4	0x0082	1	8	16
3474					0
3477	4	0x0082	1	8	16
3478					0
3481	4	0x0082	0	8	16
3482					0
3485	4	0x0082	0	8	16
3486					0
3489	4	0x0082	1	8	16
3490					0
3493	4	0x0082	1	8	16
3494					0
3497	4	0x0082	0	8	16
3498					0
3501	4	0x0082	0	8	16
3502					0
3505	4	0x0082	1	8	16
3506					0
3509	4	0x0082	1	8	16
3510					0
3513	4	0x0082	0	8	16
3514					0
3517	4	0x0082	0	8	16
3518					0
3521	4	0x0082	1	8	16
3522					0
3525	4	0x0082	1	8	16
3526					0
3529	4	0x0082	0	8	16
3530					0
3533	4	0x0082	0	8	16
3534					0
3537	4	0x0082	1	8	16
3538					0
3541	4	0x0082	1	8	16
3542					0
3545	4	0x0082	1	8	16
3546					0
3549	4	0x0082	0	8	16
3550					0
3553	4	0x0082	0	8	16
3554					0
3557	4	0x0082	1	8	16
3558					0
3561	4	0x0082	1	8	16
3562					0
3565	4	0x0082	0	8	16
3566					0
3569	4	0x0082	0	8	16
3570					0
3573	4	0x0082	1	8	16
3574					0
3577	4	0x0082	1	8	16
3578					0
3581	4	0x0082	0	8	16
3582					0
3585	4	0x0082	0	8	16
3586					0
3589	4	0x0082	1	8	16
3590					0
3593	4	0x0082	1	8	16
3594					0
3597	4	0x0082	0	8	16
3598					0
3601	4	0x0082	0	8	16
3602					0
3605	4	0x0082	1	8	16
3606					0
3609	4	0x0082	1	8	16
3610					0
3613	4	0x0082	0	8	16
3614					0
3617	4	0x0082	0	8	16
3618					0
3621	4	0x0082	1	8	16
3622					0
3625	4	0x0082	1	8	16
3626					0
3629	4	0x0082	0	8	16
3630					0
3633	4	0x0082	0	8	16
3634					0
3637	4	0x0082	1	8	16
3638					0
3641	4	0x0082	1	8	16
3642					0
3645	4	0x0082	0	8	16
3646					0
3649	4	0x0082	0	8	16
3650					0
3653	4	0x0082	1	8	16
3654					0
3657	4	0x0082	1	8	16
3658					0
3661	4	0x0082	0	8	16
3662					0
3665	4	0x0082	0	8	16
3666					0
3669	4	0x0082	1	8	16
3670					0
3673	4	0x0082	1	8	16
3674					0
3677	4	0x0082	0	8	16
3678					0
3681	4	0x0082	0	8	16
3682					0
3685	4	0x0082	1	8	16
3686					0
3689	4	0x0082	1	8	16
3690					0
3693	4	0x0082	0	8	16
3694					0
3697	4	0x0082	0	8	16
3698					0
3701	4	0x0082	1	8	16
3702					0
3705	4	0x0082	1	8	16
3706					0
3709	4	0x0082	0	8	16
3710					0
3713	4	0x0082	0	8	16
3714					0
3717	4	0x0082	1	8	16
3718					0
3721	4	0x0082	1	8	16
3722					0
3725	4	0x0082	0	8	16
3726					0
3729	4	0x0082	0	8	16
3730					0
3733	4	0x0082	1	8	16
3734					0
3737	4	0x0082	1	8	16
3738					0
3741	4	0x0082	0	8	16
3742					0
3745	4	0x0082	0	8	16
3746					0
3749	4	0x0082	1	8	16
3750					0
3753	4	0x0082	1	8	16
3754					0
3757	4	0x0082	0	8	16
3758					0
3761	4	0x0082	0	8	16
3762					0
3765	4	0x0082	1	8	16
3766					0
3769	4	0x0082	1	8	16
3770					0
3773	4	0x0082	0	8	16
3774					0
3777	4	0x0082	0	8	16
3778					0
3781	4	0x0082	1	8	16
3782					0
3785	4	0x0082	1	8	16
3786					0
3789	4	0x0082	0	8	16
3790					0
3793	4	0x0082	0	8	16
3794					0
3797	4	0x0082	1	8	16
3798					0
3801	4	0x0082	1	8	16
3802					0
3805	4	0x0082	0	8	16
3806					0
3809	4	0x0082	0	8	16
3810					0
3813	4	0x0082	1	8	16
3814					0
3817	4	0x0082	1	8	16
3818					0
3821	4	0x0082	0	8	16
3822					0
3825	4	0x0082	0	8	16
3826					0
3829	4	0x0082	1	8	16
3830					0
3833	4	0x0082	1	8	16
3834					0
3837	4	0x0082	0	8	16
3838					0
3841	4	0x0082	0	8	16
3842					0
3845	4	0x0082	1	8	16
3846					0
3849	4	0x0082	1	8	16
3850					0
3853	4	0x0082	0	8	16
3854					0
3857	4	0x0082	0	8	16
3858					0
3861	4	0x0082	1	8	16
3862					0
3865	4	0x0082	1	8	16
3866					0
3869	4	0x0082	0	8	16
3870					0
3873	4	0x0082	0	8	16
3874					0
3877	4	0x0082	1	8	16
3878					0
3881	4	0x0082	1	8	16
3882					0
3885	4	0x0082	0	8	16
3886					0
3889	4	0x0082	0	8	16
3890					0
3893	4	0x0082	1	8	16
3894					0
3897	4	0x0082	1	8	16
3898					0
3901	4	0x0082	0	8	16
3902					0
3905	4	0x0082	0	8	16
3906					0
3909	4	0x0082	1	8	16
3910					0
3913	4	0x0082	1	8	16
3914					0
3917	4	0x0082	0	8	16
3918					0
3921	4	0x0082	0	8	16
3922					0
3925	4	0x0082	1	8	16
3926					0
3929	4	0x0082	1	8	16
3930					0
3933	4	0x0082	0	8	16
3934					0
3937	4	0x0082	0	8	16
3938					0
3941	4	0x0082	1	8	16
3942					0
3945	4	0x0082	1	8	16
3946					0
3949	4	0x0082	0	8	16
3950					0
3953	4	0x0082	0	8	16
3954					0
3957	4	0x0082	1	8	16
3958					0
3961	4	0x0082	1	8	16
3962					0
3965	4	0x0082	0	8	16
3966					0
3969	4	0x0082	0	8	16
3970					0
3973	4	0x0082	1	8	16
3974					0
3977	4	0x0082	1	8	16
3978					0
3981	4	0x0082	0	8	16
3982					0
3985	4	0x0082	0	8	16
3986					0
3989	4	0x0082	1	8	16
3990					0
3993	4	0x0082	1	8	16
3994					0
3997	4	0x0082	0	8	16
3998					0
4001	4	0x0082	0	8	16
4002					0
4005	4	0x0082	1	8	16
4006					0
4009	4	0x0082	1	8	16
4010					0
4013	4	0x0082	0	8	16
4014					0
4017	4	0x0082	0	8	16
4018					0
4021	4	0x0082	1	8	16
4022					0
4025	4	0x0082	1	8	16
4026					0
4029	4	0x0082	0	8	16
4030					0
4033	4	0x0082	0	8	16
4034					0
4037	4	0x0082	1	8	16
4038					0
4041	4	0x0082	1	8	16
4042					0
4045	4	0x0082	0	8	16
4046					0
4049	4	0x0082	0	8	16
4050					0
4053	4	0x0082	1	8	16
4054					0
4057	4	0x0082	1	8	16
4058					0
4061	4	0x0082	1	8	16
4062					0
4065	4	0x0082	0	8	16
4066					0
4069	4	0x0082	0	8	16
4070					0
4073	4	0x0082	1	8	16
4074					0
4077	4	0x0082	1	8	16
4078					0
4081	4	0x0082	0	8	16
4082					0
4085	4	0x0082	0	8	16
4086					0
4089	4	0x0082	1	8	16
4090					0
4093	4	0x0082	1	8	16
4094					0
4097	4	0x0082	0	8	16
4098					0
4101	4	0x0082	0	8	16
4102					0
4105	4	0x0082	1	8	16
4106					0
4109	4	0x0082	1	8	16
4110					0
4113	4	0x0082	0	8	16
4114					0
4117	4	0x0082	0	8	16
4118					0
4121	4	0x0082	1	8	16
4122					0
4125	4	0x0082	1	8	16
4126					0
4129	4	0x0082	0	8	16
4130					0
4133	4	0x0082	0	8	16
4134					0
4137	4	0x0082	1	8	16
4138					0
4141	4	0x0082	1	8	16
4142					0
4145	4	0x0082	0	8	16
4146					0
4149	4	0x0082	0	8	16
4150					0
4153	4	0x0082	1	8	16
4154					0
4157	4	0x0082	1	8	16
4158					0
4161	4	0x0082	0	8	16
4162					0
4165	4	0x0082	0	8	16
4166					0
4169	4	0x0082	1	8	16
4170					0
4173	4	0x0082	1	8	16
4174					0
4177	4	0x0082	0	8	16
4178					0
4181	4	0x0082	0	8	16
4182					0
4185	4	0x0082	1	8	16
4186					0
4189	4	0x0082	1	8	16
4190					0
4193	4	0x0082	0	8	16
4194					0
4197	4	0x0082	0	8	16
4198					0
4201	4	0x0082	1	8	16
4202					0
4205	4	0x0082	1	8	16
4206					0
4209	4	0x0082	0	8	16
4210					0
4213	4	0x0082	0	8	16
4214					0
4217	4	0x0082	1	8	16
4218					0
4221	4	0x0082	1	8	16
4222					0
4225	4	0x0082	0	8	16
4226					0
4229	4	0x0082	0	8	16
4230					0
4233	4	0x0082	1	8	16
4234					0
4237	4	0x0082	1	8	16
4238					0
4241	4	0x0082	0	8	16
4242					0
4245	4	0x0082	0	8	16
4246					0
4249	4	0x0082	1	8	16
4250					0
4253	4	0x0082	1	8	16
4254					0
4257	4	0x0082	0	8	16
4258					0
4261	4	0x0082	0	8	16
4262					0
4265	4	0x0082	1	8	16
4266					0
4269	4	0x0082	1	8	16
4270					0
4273	4	0x0082	0	8	16
4274					0
4277	4	0x0082	0	8	16
4278					0
4281	4	0x0082	1	8	16
4282					0
4285	4	0x0082	1	8	16
4286					0
4289	4	0x0082	0	8	16
4290					0
4293	4	0x0082	0	8	16
4294					0
4297	4	0x0082	1	8	16
4298					0
4301	4	0x0082	1	8	16
4302					0
4305	4	0x0082	0	8	16
4306					0
4309	4	0x0082	0	8	16
4310					0
4313	4	0x0082	1	8	16
4314					0
4317	4	0x0082	1	8	16
4318					0
4321	4	0x0082	0	8	16
4322					0
4325	4	0x0082	0	8	16
4326					0
4329	4	0x0082	1	8	16
4330					0
4333	4	0x0082	1	8	16
4334					0
4337	4	0x0082	0	8	16
4338					0
4341	4	0x0082	0	8	16
4342					0
4345	4	0x0082	1	8	16
4346					0
4349	4	0x0082	1	8	16
4350					0
4353	4	0x0082	0	8	16
4354					0
4357	4	0x0082	0	8	16
4358					0
4361	4	0x0082	1	8	16
4362					0
4365	4	0x0082	1	8	16
4366					0
4369	4	0x0082	0	8	16
4370					0
4373	4	0x0082	0	8	16
4374					0
4377	4	0x0082	1	8	16
4378					0
4381	4	0x0082	1	8	16
4382					0
4385	4	0x0082	0	8	16
4386					0
4389	4	0x0082	0	8	16
4390					0
4393	4	0x0082	1	8	16
4394					0
4397	4	0x0082	1	8	16
4398					0
4401	4	0x0082	0	8	16
4402					0
4405	4	0x0082	0	8	16
4406					0
4409	4	0x0082	1	8	16
4410					0
4413	4	0x0082	1	8	16
4414					0
4417	4	0x0082	0	8	16
4418					0
4421	4	0x0082	0	8	16
4422					0
4425	4	0x0082	1	8	16
4426					0
4429	4	0x0082	1	8	16
4430					0
4433	4	0x0082	0	8	16
4434					0
4437	4	0x0082	0	8	16
4438					0
4441	4	0x0082	1	8	16
4442					0
4445	4	0x0082	1	8	16
4446					0
4449	4	0x0082	0	8	16
4450					0
4453	4	0x0082	0	8	16
4454					0
4457	4	0x0082	1	8	16
4458					0
4461	4	0x0082	1	8	16
4462					0
4465	4	0x0082	0	8	16
4466					0
4469	4	0x0082	0	8	16
4470					0
4473	4	0x0082	1	8	16
4474					0
4477	4	0x0082	1	8	16
4478					0
4481	4	0x0082	0	8	16
4482					0
4485	4	0x0082	0	8	16
4486					0
4489	4	0x0082	1	8	16
4490					0
4493	4	0x0082	1	8	16
4494					0
4497	4	0x0082	0	8	16
4498					0
4501	4	0x0082	0	8	16
4502					0
4505	4	0x0082	1	8	16
4506					0
4509	4	0x0082	1	8	16
4510					0
4513	4	0x0082	0	8	16
4514					0
4517	4	0x0082	0	8	16
4518					0
4521	4	0x0082	1	8	16
4522					0
4525	4	0x0082	1	8	16
4526					0
4529	4	0x0082	0	8	16
4530					0
4533	4	0x0082	0	8	16
4534					0
4537	4	0x0082	1	8	16
4538					0
4541	4	0x0082	1	8	16
4542					0
4545	4	0x0082	0	8	16
4546					0
4549	4	0x0082	0	8	16
4550					0
4553	4	0x0082	1	8	16
4554					0
4557	4	0x0082	1	8	16
4558					0
4561	4	0x0082	0	8	16
4562					0
4565	4	0x0082	0	8	16
4566					0
4569	4	0x0082	1	8	16
4570					0
4573	4	0x0082	1	8	16
4574					0
4577	4	0x0082	1	8	16
4578					0
4581	4	0x0082	0	8	16
4582					0
4585	4	0x0082	0	8	16
4586					0
4589	4	0x0082	1	8	16
4590					0
4593	4	0x0082	1	8	16
4594					0
4597	4	0x0082	0	8	16
4598					0
4601	4	0x0082	0	8	16
4602					0
4605	4	0x0082	1	8	16
4606					0
4609	4	0x0082	1	8	16
4610					0
4613	4	0x0082	0	8	16
4614					0
4617	4	0x0082	0	8	16
4618					0
4621	4	0x0082	1	8	16
4622					0
4625	4	0x0082	1	8	16
4626					0
4629	4	0x0082	0	8	16
4630					0
4633	4	0x0082	0	8	16
4634					0
4637	4	0x0082	1	8	16
4638					0
4641	4	0x0082	1	8	16
4642					0
4645	4	0x0082	0	8	16
4646					0
4649	4	0x0082	0	8	16
4650					0
4653	4	0x0082	1	8	16
4654					0
4657	4	0x0082	1	8	16
4658					0
4661	4	0x0082	0	8	16
4662					0
4665	4	0x0082	0	8	16
4666					0
4669	4	0x0082	1	8	16
4670					0
4673	4	0x0082	1	8	16
4674					0
4677	4	0x0082	0	8	16
4678					0
4681	4	0x0082	0	8	16
4682					0
4685	4	0x0082	1	8	16
4686					0
4689	4	0x0082	1	8	16
4690					0
4693	4	0x0082	0	8	16
4694					0
4697	4	0x0082	0	8	16
4698					0
4701	4	0x0082	1	8	16
4702					0
4705	4	0x0082	1	8	16
4706					0
4709	4	0x0082	0	8	16
4710					0
4713	4	0x0082	0	8	16
4714					0
4717	4	0x0082	1	8	16
4718					0
4721	4	0x0082	1	8	16
4722					0
4725	4	0x0082	0	8	16
4726					0
4729	4	0x0082	0	8	16
4730					0
4733	4	0x0082	1	8	16
4734					0
4737	4	0x0082	1	8	16
4738					0
4741	4	0x0082	0	8	16
4742					0
4745	4	0x0082	0	8	16
4746					0
4749	4	0x0082	1	8	16
4750					0
4753	4	0x0082	1	8	16
4754					0
4757	4	0x0082	0	8	16
4758					0
4761	4	0x0082	0	8	16
4762					0
4765	4	0x0082	1	8	16
4766					0
4769	4	0x0082	1	8	16
4770					0
4773	4	0x0082	0	8	16
4774					0
4777	4	0x0082	0	8	16
4778					0
4781	4	0x0082	1	8	16
4782					0
4785	4	0x0082	1	8	16
4786					0
4789	4	0x0082	0	8	16
4790					0
4793	4	0x0082	0	8	16
4794					0
4797	4	0x0082	1	8	16
4798					0
4801	4	0x0082	1	8	16
4802					0
4805	4	0x0082	0	8	16
4806					0
4809	4	0x0082	0	8	16
4810					0
4813	4	0x0082	1	8	16
4814					0
4817	4	0x0082	1	8	16
4818					0
4821	4	0x0082	0	8	16
4822					0
4825	4	0x0082	0	8	16
4826					0
4829	4	0x0082	1	8	16
4830					0
4833	4	0x0082	1	8	16
4834					0
4837	4	0x0082	0	8	16
4838					0
4841	4	0x0082	0	8	16
4842					0
4845	4	0x0082	1	8	16
4846					0
4849	4	0x0082	1	8	16
4850					0
4853	4	0x0082	0	8	16
4854					0
4857	4	0x0082	0	8	16
4858					0
4861	4	0x0082	1	8	16
4862					0
4865	4	0x0082	1	8	16
4866					0
4869	4	0x0082	0	8	16
4870					0
4873	4	0x0082	0	8	16
4874					0
4877	4	0x0082	1	8	16
4878					0
4881	4	0x0082	1	8	16
4882					0
4885	4	0x0082	0	8	16
4886					0
4889	4	0x0082	0	8	16
4890					0
4893	4	0x0082	1	8	16
4894					0
4897	4	0x0082	1	8	16
4898					0
4901	4	0x0082	0	8	16
4902					0
4905	4	0x0082	0	8	16
4906					0
4909	4	0x0082	1	8	16
4910					0
4913	4	0x0082	1	8	16
4914					0
4917	4	0x0082	0	8	16
4918					0
4921	4	0x0082	0	8	16
4922					0
4925	4	0x0082	1	8	16
4926					0
4929	4	0x0082	1	8	16
4930					0
4933	4	0x0082	0	8	16
4934					0
4937	4	0x0082	0	8	16
4938					0
4941	4	0x0082	1	8	16
4942					0
4945	4	0x0082	1	8	16
4946					0
4949	4	0x0082	0	8	16
4950					0
4953	4	0x0082	0	8	16
4954					0
4957	4	0x0082	1	8	16
4958					0
4961	4	0x0082	1	8	16
4962					0
4965	4	0x0082	0	8	16
4966					0
4969	4	0x0082	0	8	16
4970					0
4973	4	0x0082	1	8	16
4974					0
4977	4	0x0082	1	8	16
4978					0
4981	4	0x0082	0	8	16
4982					0
4985	4	0x0082	0	8	16
4986					0
4989	4	0x0082	1	8	16
4990					0
4993	4	0x0082	1	8	16
4994					0
4997	4	0x0082	0	8	16
4998					0
5001	4	0x0082	0	8	16
5002					0
5005	4	0x0082	1	8	16
5006					0
5009	4	0x0082	1	8	16
5010					0
5013	4	0x0082	0	8	16
5014					0
5017	4	0x0082	0	8	16
5018					0
5021	4	0x0082	1	8	16
5022					0
5025	4	0x0082	1	8	16
5026					0
5029	4	0x0082	0	8	16
5030					0
5033	4	0x0082	0	8	16
5034					0
5037	4	0x0082	1	8	16
5038					0
5041	4	0x0082	1	8	16
5042					0
5045	4	0x0082	0	8	16
5046					0
5049	4	0x0082	0	8	16
5050					0
5053	4	0x0082	1	8	16
5054					0
5057	4	0x0082	1	8	16
5058					0
5061	4	0x0082	0	8	16
5062					0
5065	4	0x0082	0	8	16
5066					0
5069	4	0x0082	1	8	16
5070					0
5073	4	0x0082	1	8	16
5074					0
5077	4	0x0082	0	8	16
5078					0
5081	4	0x0082	0	8	16
5082					0
5085	4	0x0082	1	8	16
5086					0
5089	4	0x0082	1	8	16
5090					0
5093	4	0x0082	1	8	16
5094					0
5097	4	0x0082	0	8	16
5098					0
5101	4	0x0082	0	8	16
5102					0
5105	4	0x0082	1	8	16
5106					0
5109	4	0x0082	1	8	16
5110					0
5113	4	0x0082	0	8	16
5114					0
5117	4	0x0082	0	8	16
5118					0
5121	4	0x0082	1	8	16
5122					0
5125	4	0x0082	1	8	16
5126					0
5129	4	0x0082	0	8	16
5130					0
5133	4	0x0082	0	8	16
5134					0
5137	4	0x0082	1	8	16
5138					0
5141	4	0x0082	1	8	16
5142					0
5145	4	0x0082	0	8	16
5146					0
5149	4	0x0082	0	8	16
5150					0
5153	4	0x0082	1	8	16
5154					0
5157	4	0x0082	1	8	16
5158					0
5161	4	0x0082	0	8	16
5162					0
5165	4	0x0082	0	8	16
5166					0
5169	4	0x0082	1	8	16
5170					0
5173	4	0x0082	1	8	16
5174					0
5177	4	0x0082	0	8	16
5178					0
5181	4	0x0082	0	8	16
5182					0
5185	4	0x0082	1	8	16
5186					0
5189	4	0x0082	1	8	16
5190					0
5193	4	0x0082	0	8	16
5194					0
5197	4	0x0082	0	8	16
5198					0
5201	4	0x0082	1	8	16
5202					0
5205	4	0x0082	1	8	16
5206					0
5209	4	0x0082	0	8	16
5210					0
5213	4	0x0082	0	8	16
5214					0
5217	4	0x0082	1	8	16
5218					0
5221	4	0x0082	1	8	16
5222					0
5225	4	0x0082	0	8	16
5226					0
5229	4	0x0082	0	8	16
5230					0
5233	4	0x0082	1	8	16
5234					0
5237	4	0x0082	1	8	16
5238					0
5241	4	0x0082	0	8	16
5242					0
5245	4	0x0082	0	8	16
5246					0
5249	4	0x0082	1	8	16
5250					0
5253	4	0x0082	1	8	16
5254					0
5257	4	0x0082	0	8	16
5258					0
5261	4	0x0082	0	8	16
5262					0
5265	4	0x0082	1	8	16
5266					0
5269	4	0x0082	1	8	16
5270					0
5273	4	0x0082	0	8	16
5274					0
5277	4	0x0082	0	8	16
5278					0
5281	4	0x0082	1	8	16
5282					0
5285	4	0x0082	1	8	16
5286					0
5289	4	0x0082	0	8	16
5290					0
5293	4	0x0082	0	8	16
5294					0
5297	4	0x0082	1	8	16
5298					0
5301	4	0x0082	1	8	16
5302					0
5305	4	0x0082	0	8	16
5306					0
5309	4	0x0082	0	8	16
5310					0
5313	4	0x0082	1	8	16
5314					0
5317	4	0x0082	1	8	16
5318					0
5321	4	0x0082	0	8	16
5322					0
5325	4	0x0082	0	8	16
5326					0
5329	4	0x0082	1	8	16
5330					0
5333	4	0x0082	1	8	16
5334					0
5337	4	0x0082	0	8	16
5338					0
5341	4	0x0082	0	8	16
5342					0
5345	4	0x0082	1	8	16
5346					0
5349	4	0x0082	1	8	16
5350					0
5353	4	0x0082	0	8	16
5354					0
5357	4	0x0082	0	8	16
5358					0
5361	4	0x0082	1	8	16
5362					0
5365	4	0x0082	1	8	16
5366					0
5369	4	0x0082	0	8	16
5370					0
5373	4	0x0082	0	8	16
5374					0
5377	4	0x0082	1	8	16
5378					0
5381	4	0x0082	1	8	16
5382					0
5385	4	0x0082	0	8	16
5386					0
5389	4	0x0082	0	8	16
5390					0
5393	4	0x0082	1	8	16
5394					0
5397	4	0x0082	1	8	16
5398					0
5401	4	0x0082	0	8	16
5402					0
5405	4	0x0082	0	8	16
5406					0
5409	4	0x0082	1	8	16
5410					0
5413	4	0x0082	1	8	16
5414					0
5417	4	0x0082	0	8	16
5418					0
5421	4	0x0082	0	8	16
5422					0
5425	4	0x0082	1	8	16
5426					0
5429	4	0x0082	1	8	16
5430					0
5433	4	0x0082	0	8	16
5434					0
5437	4	0x0082	0	8	16
5438					0
5441	4	0x0082	1	8	16
5442					0
5445	4	0x0082	1	8	16
5446					0
5449	4	0x0082	0	8	16
5450					0
5453	4	0x0082	0	8	16
5454					0
5457	4	0x0082	1	8	16
5458					0
5461	4	0x0082	1	8	16
5462					0
5465	4	0x0082	0	8	16
5466					0
5469	4	0x0082	0	8	16
5470					0
5473	4	0x0082	1	8	16
5474					0
5477	4	0x0082	1	8	16
5478					0
5481	4	0x0082	0	8	16
5482					0
5485	4	0x0082	0	8	16
5486					0
5489	4	0x0082	1	8	16
5490					0
5493	4	0x0082	1	8	16
5494					0
5497	4	0x0082	0	8	16
5498					0
5501	4	0x0082	0	8	16
5502					0
5505	4	0x0082	1	8	16
5506					0
5509	4	0x0082	1	8	16
5510					0
5513	4	0x0082	0	8	16
5514					0
5517	4	0x0082	0	8	16
5518					0
5521	4	0x0082	1	8	16
5522					0
5525	4	0x0082	1	8	16
5526					0
5529	4	0x0082	0	8	16
5530					0
5533	4	0x0082	0	8	16
5534					0
5537	4	0x0082	1	8	16
5538					0
5541	4	0x0082	1	8	16
5542					0
5545	4	0x0082	0	8	16
5546					0
5549	4	0x0082	0	8	16
5550					0
5553	4	0x0082	1	8	16
5554					0
5557	4	0x0082	1	8	16
5558					0
5561	4	0x0082	0	8	16
5562					0
5565	4	0x0082	0	8	16
5566					0
5569	4	0x0082	1	8	16
5570					0
5573	4	0x0082	1	8	16
5574					0
5577	4	0x0082	0	8	16
5578					0
5581	4	0x0082	0	8	16
5582					0
5585	4	0x0082	1	8	16
5586					0
5589	4	0x0082	1	8	16
5590					0
5593	4	0x0082	0	8	16
5594					0
5597	4	0x0082	0	8	16
5598					0
5601	4	0x0082	1	8	16
5602					0
5605	4	0x0082	1	8	16
5606					0
5609	4	0x0082	1	8	16
5610					0
5613	4	0x0082	0	8	16
5614					0
5617	4	0x0082	0	8	16
5618					0
5621	4	0x0082	1	8	16
5622					0
5625	4	0x0082	1	8	16
5626					0
5629	4	0x0082	0	8	16
5630					0
5633	4	0x0082	0	8	16
5634					0
5637	4	0x0082	1	8	16
5638					0
5641	4	0x0082	1	8	16
5642					0
5645	4	0x0082	0	8	16
5646					0
5649	4	0x0082	0	8	16
5650					0
5653	4	0x0082	1	8	16
5654					0
5657	4	0x0082	1	8	16
5658					0
5661	4	0x0082	0	8	16
5662					0
5665	4	0x0082	0	8	16
5666					0
5669	4	0x0082	1	8	16
5670					0
5673	4	0x0082	1	8	16
5674					0
5677	4	0x0082	0	8	16
5678					0
5681	4	0x0082	0	8	16
5682					0
5685	4	0x0082	1	8	16
5686					0
5689	4	0x0082	1	8	16
5690					0
5693	4	0x0082	0	8	16
5694					0
5697	4	0x0082	0	8	16
5698					0
5701	4	0x0082	1	8	16
5702					0
5705	4	0x0082	1	8	16
5706					0
5709	4	0x0082	0	8	16
5710					0
5713	4	0x0082	0	8	16
5714					0
5717	4	0x0082	1	8	16
5718					0
5721	4	0x0082	1	8	16
5722					0
5725	4	0x0082	0	8	16
5726					0
5729	4	0x0082	0	8	16
5730					0
5733	4	0x0082	1	8	16
5734					0
5737	4	0x0082	1	8	16
5738					0
5741	4	0x0082	0	8	16
5742					0
5745	4	0x0082	0	8	16
5746					0
5749	4	0x0082	1	8	16
5750					0
5753	4	0x0082	1	8	16
5754					0
5757	4	0x0082	0	8	16
5758					0
5761	4	0x0082	0	8	16
5762					0
5765	4	0x0082	1	8	16
5766					0
5769	4	0x0082	1	8	16
5770					0
5773	4	0x0082	0	8	16
5774					0
5777	4	0x0082	0	8	16
5778					0
5781	4	0x0082	1	8	16
5782					0
5785	4	0x0082	1	8	16
5786					0
5789	4	0x0082	0	8	16
5790					0
5793	4	0x0082	0	8	16
5794					0
5797	4	0x0082	1	8	16
5798					0
5801	4	0x0082	1	8	16
5802					0
5805	4	0x0082	0	8	16
5806					0
5809	4	0x0082	0	8	16
5810					0
5813	4	0x0082	1	8	16
5814					0
5817	4	0x0082	1	8	16
5818					0
5821	4	0x0082	0	8	16
5822					0
5825	4	0x0082	0	8	16
5826					0
5829	4	0x0082	1	8	16
5830					0
5833	4	0x0082	1	8	16
5834					0
5837	4	0x0082	0	8	16
5838					0
5841	4	0x0082	0	8	16
5842					0
5845	4	0x0082	1	8	16
5846					0
5849	4	0x0082	1	8	16
5850					0
5853	4	0x0082	0	8	16
5854					0
5857	4	0x0082	0	8	16
5858					0
5861	4	0x0082	1	8	16
5862					0
5865	4	0x0082	1	8	16
5866					0
5869	4	0x0082	0	8	16
5870					0
5873	4	0x0082	0	8	16
5874					0
5877	4	0x0082	1	8	16
5878					0
5881	4	0x0082	1	8	16
5882					0
5885	4	0x0082	0	8	16
5886					0
5889	4	0x0082	0	8	16
5890					0
5893	4	0x0082	1	8	16
5894					0
5897	4	0x0082	1	8	16
5898					0
5901	4	0x0082	0	8	16
5902					0
5905	4	0x0082	0	8	16
5906					0
5909	4	0x0082	1	8	16
5910					0
5913	4	0x0082	1	8	16
5914					0
5917	4	0x0082	0	8	16
5918					0
5921	4	0x0082	0	8	16
5922					0
5925	4	0x0082	1	8	16
5926					0
5929	4	0x0082	1	8	16
5930					0
5933	4	0x0082	0	8	16
5934					0
5937	4	0x0082	0	8	16
5938					0
5941	4	0x0082	1	8	16
5942					0
5945	4	0x0082	1	8	16
5946					0
5949	4	0x0082	0	8	16
5950					0
5953	4	0x0082	0	8	16
5954					0
5957	4	0x0082	1	8	16
5958					0
5961	4	0x0082	1	8	16
5962					0
5965	4	0x0082	0	8	16
5966					0
5969	4	0x0082	0	8	16
5970					0
5973	4	0x0082	1	8	16
5974					0
5977	4	0x0082	1	8	16
5978					0
5981	4	0x0082	0	8	16
5982					0
5985	4	0x0082	0	8	16
5986					0
5989	4	0x0082	1	8	16
5990					0
5993	4	0x0082	1	8	16
5994					0
5997	4	0x0082	0	8	16
5998					0
6001	4	0x0082	0	8	16
6002					0
6005	4	0x0082	1	8	16
6006					0
6009	4	0x0082	1	8	16
6010					0
6013	4	0x0082	0	8	16
6014					0
6017	4	0x0082	0	8	16
6018					0
6021	4	0x0082	1	8	16
6022					0
6025	4	0x0082	1	8	16
6026					0
6029	4	0x0082	0	8	16
6030					0
6033	4	0x0082	0	8	16
6034					0
6037	4	0x0082	1	8	16
6038					0
6041	4	0x0082	1	8	16
6042					0
6045	4	0x0082	0	8	16
6046					0
6049	4	0x0082	0	8	16
6050					0
6053	4	0x0082	1	8	16
6054					0
6057	4	0x0082	1	8	16
6058					0
6061	4	0x0082	0	8	16
6062					0
6065	4	0x0082	0	8	16
6066					0
6069	4	0x0082	1	8	16
6070					0
6073	4	0x0082	1	8	16
6074					0
6077	4	0x0082	0	8	16
6078					0
6081	4	0x0082	0	8	16
6082					0
6085	4	0x0082	1	8	16
6086					0
6089	4	0x0082	1	8	16
6090					0
6093	4	0x0082	0	8	16
6094					0
6097	4	0x0082	0	8	16
6098					0
6101	4	0x0082	1	8	16
6102					0
6105	4	0x0082	1	8	16
6106					0
6109	4	0x0082	0	8	16
6110					0
6113	4	0x0082	0	8	16
6114					0
6117	4	0x0082	1	8	16
6118					0
6121	4	0x0082	1	8	16
6122					0
6125	4	0x0082	1	8	16
6126					0
6129	4	0x0082	0	8	16
6130					0
6133	4	0x0082	0	8	16
6134					0
6137	4	0x0082	1	8	16
6138					0
6141	4	0x0082	1	8	16
6142					0
6145	4	0x0082	0	8	16
6146					0
6149	4	0x0082	0	8	16
6150					0
6153	4	0x0082	1	8	16
6154					0
6157	4	0x0082	1	8	16
6158					0
6161	4	0x0082	0	8	16
6162					0
6165	4	0x0082	0	8	16
6166					0
6169	4	0x0082	1	8	16
6170					0
6173	4	0x0082	1	8	16
6174					0
6177	4	0x0082	0	8	16
6178					0
6181	4	0x0082	0	8	16
6182					0
6185	4	0x0082	1	8	16
6186					0
6189	4	0x0082	1	8	16
6190					0
6193	4	0x0082	0	8	16
6194					0
6197	4	0x0082	0	8	16
6198					0
6201	4	0x0082	1	8	16
6202					0
6205	4	0x0082	1	8	16
6206					0
6209	4	0x0082	0	8	16
6210					0
6213	4	0x0082	0	8	16
6214					0
6217	4	0x0082	1	8	16
6218					0
6221	4	0x0082	1	8	16
6222					0
6225	4	0x0082	0	8	16
6226					0
6229	4	0x0082	0	8	16
6230					0
6233	4	0x0082	1	8	16
6234					0
6237	4	0x0082	1	8	16
6238					0
6241	4	0x0082	0	8	16
6242					0
6245	4	0x0082	0	8	16
6246					0
6249	4	0x0082	1	8	16
6250					0
6253	4	0x0082	1	8	16
6254					0
6257	4	0x0082	0	8	16
6258					0
6261	4	0x0082	0	8	16
6262					0
6265	4	0x0082	1	8	16
6266					0
6269	4	0x0082	1	8	16
6270					0
6273	4	0x0082	0	8	16
6274					0
6277	4	0x0082	0	8	16
6278					0
6281	4	0x0082	1	8	16
6282					0
6285	4	0x0082	1	8	16
6286					0
6289	4	0x0082	0	8	16
6290					0
6293	4	0x0082	0	8	16
6294					0
6297	4	0x0082	1	8	16
6298					0
6301	4	0x0082	1	8	16
6302					0
6305	4	0x0082	0	8	16
6306					0
6309	4	0x0082	0	8	16
6310					0
6313	4	0x0082	1	8	16
6314					0
6317	4	0x0082	1	8	16
6318					0
6321	4	0x0082	0	8	16
6322					0
6325	4	0x0082	0	8	16
6326					0
6329	4	0x0082	1	8	16
6330					0
6333	4	0x0082	1	8	16
6334					0
6337	4	0x0082	0	8	16
6338					0
6341	4	0x0082	0	8	16
6342					0
6345	4	0x0082	1	8	16
6346					0
6349	4	0x0082	1	8	16
6350					0
6353	4	0x0082	0	8	16
6354					0
6357	4	0x0082	0	8	16
6358					0
6361	4	0x0082	1	8	16
6362					0
6365	4	0x0082	1	8	16
6366					0
6369	4	0x0082	0	8	16
6370					0
6373	4	0x0082	0	8	16
6374					0
6377	4	0x0082	1	8	16
6378					0
6381	4	0x0082	1	8	16
6382					0
6385	4	0x0082	0	8	16
6386					0
6389	4	0x0082	0	8	16
6390					0
6393	4	0x0082	1	8	16
6394					0
6397	4	0x0082	1	8	16
6398					0
6401	4	0x0082	0	8	16
6402					0
6405	4	0x0082	0	8	16
6406					0
6409	4	0x0082	1	8	16
6410					0
6413	4	0x0082	1	8	16
6414					0
6417	4	0x0082	0	8	16
6418					0
6421	4	0x0082	0	8	16
6422					0
6425	4	0x0082	1	8	16
6426					0
6429	4	0x0082	1	8	16
6430					0
6433	4	0x0082	0	8	16
6434					0
6437	4	0x0082	0	8	16
6438					0
6441	4	0x0082	1	8	16
6442					0
6445	4	0x0082	1	8	16
6446					0
6449	4	0x0082	0	8	16
6450					0
6453	4	0x0082	0	8	16
6454					0
6457	4	0x0082	1	8	16
6458					0
6461	4	0x0082	1	8	16
6462					0
6465	4	0x0082	0	8	16
6466					0
6469	4	0x0082	0	8	16
6470					0
6473	4	0x0082	1	8	16
6474					0
6477	4	0x0082	1	8	16
6478					0
6481	4	0x0082	0	8	16
6482					0
6485	4	0x0082	0	8	16
6486					0
6489	4	0x0082	1	8	16
6490					0
6493	4	0x0082	1	8	16
6494					0
6497	4	0x0082	0	8	16
6498					0
6501	4	0x0082	0	8	16
6502					0
6505	4	0x0082	1	8	16
6506					0
6509	4	0x0082	1	8	16
6510					0
6513	4	0x0082	0	8	16
6514					0
6517	4	0x0082	0	8	16
6518					0
6521	4	0x0082	1	8	16
6522					0
6525	4	0x0082	1	8	16
6526					0
6529	4	0x0082	0	8	16
6530					0
6533	4	0x0082	0	8	16
6534					0
6537	4	0x0082	1	8	16
6538					0
6541	4	0x0082	1	8	16
6542					0
6545	4	0x0082	0	8	16
6546					0
6549	4	0x0082	0	8	16
6550					0
6553	4	0x0082	1	8	16
6554					0
6557	4	0x0082	1	8	16
6558					0
6561	4	0x0082	0	8	16
6562					0
6565	4	0x0082	0	8	16
6566					0
6569	4	0x0082	1	8	16
6570					0
6573	4	0x0082	1	8	16
6574					0
6577	4	0x0082	0	8	16
6578					0
6581	4	0x0082	0	8	16
6582					0
6585	4	0x0082	1	8	16
6586					0
6589	4	0x0082	1	8	16
6590					0
6593	4	0x0082	0	8	16
6594					0
6597	4	0x0082	0	8	16
6598					0
6601	4	0x0082	1	8	16
6602					0
6605	4	0x0082	1	8	16
6606					0
6609	4	0x0082	0	8	16
6610					0
6613	4	0x0082	0	8	16
6614					0
6617	4	0x0082	1	8	16
6618					0
6621	4	0x0082	1	8	16
6622					0
6625	4	0x0082	0	8	16
6626					0
6629	4	0x0082	0	8	16
6630					0
6633	4	0x0082	1	8	16
6634					0
6637	4	0x0082	1	8	16
6638					0
6641	4	0x0082	1	8	16
6642					0
6645	4	0x0082	0	8	16
6646					0
6649	4	0x0082	0	8	16
6650					0
6653	4	0x0082	1	8	16
6654					0
6657	4	0x0082	1	8	16
6658					0
6661	4	0x0082	0	8	16
6662					0
6665	4	0x0082	0	8	16
6666					0
6669	4	0x0082	1	8	16
6670					0
6673	4	0x0082	1	8	16
6674					0
6677	4	0x0082	0	8	16
6678					0
6681	4	0x0082	0	8	16
6682					0
6685	4	0x0082	1	8	16
6686					0
6689	4	0x0082	1	8	16
6690					0
6693	4	0x0082	0	8	16
6694					0
6697	4	0x0082	0	8	16
6698					0
6701	4	0x0082	1	8	16
6702					0
6705	4	0x0082	1	8	16
6706					0
6709	4	0x0082	0	8	16
6710					0
6713	4	0x0082	0	8	16
6714					0
6717	4	0x0082	1	8	16
6718					0
6721	4	0x0082	1	8	16
6722					0
6725	4	0x0082	0	8	16
6726					0
6729	4	0x0082	0	8	16
6730					0
6733	4	0x0082	1	8	16
6734					0
6737	4	0x0082	1	8	16
6738					0
6741	4	0x0082	0	8	16
6742					0
6745	4	0x0082	0	8	16
6746					0
6749	4	0x0082	1	8	16
6750					0
6753	4	0x0082	1	8	16
6754					0
6757	4	0x0082	0	8	16
6758					0
6761	4	0x0082	0	8	16
6762					0
6765	4	0x0082	1	8	16
6766					0
6769	4	0x0082	1	8	16
6770					0
6773	4	0x0082	0	8	16
6774					0
6777	4	0x0082	0	8	16
6778					0
6781	4	0x0082	1	8	16
6782					0
6785	4	0x0082	1	8	16
6786					0
6789	4	0x0082	0	8	16
6790					0
6793	4	0x0082	0	8	16
6794					0
6797	4	0x0082	1	8	16
6798					0
6801	4	0x0082	1	8	16
6802					0
6805	4	0x0082	0	8	16
6806					0
6809	4	0x0082	0	8	16
6810					0
6813	4	0x0082	1	8	16
6814					0
6817	4	0x0082	1	8	16
6818					0
6821	4	0x0082	0	8	16
6822					0
6825	4	0x0082	0	8	16
6826					0
6829	4	0x0082	1	8	16
6830					0
6833	4	0x0082	1	8	16
6834					0
6837	4	0x0082	0	8	16
6838					0
6841	4	0x0082	0	8	16
6842					0
6845	4	0x0082	1	8	16
6846					0
6849	4	0x0082	1	8	16
6850					0
6853	4	0x0082	0	8	16
6854					0
6857	4	0x0082	0	8	16
6858					0
6861	4	0x0082	1	8	16
6862					0
6865	4	0x0082	1	8	16
6866					0
6869	4	0x0082	0	8	16
6870					0
6873	4	0x0082	0	8	16
6874					0
6877	4	0x0082	1	8	16
6878					0
6881	4	0x0082	1	8	16
6882					0
6885	4	0x0082	0	8	16
6886					0
6889	4	0x0082	0	8	16
6890					0
6893	4	0x0082	1	8	16
6894					0
6897	4	0x0082	1	8	16
6898					0
6901	4	0x0082	0	8	16
6902					0
6905	4	0x0082	0	8	16
6906					0
6909	4	0x0082	1	8	16
6910					0
6913	4	0x0082	1	8	16
6914					0
6917	4	0x0082	0	8	16
6918					0
6921	4	0x0082	0	8	16
6922					0
6925	4	0x0082	1	8	16
6926					0
6929	4	0x0082	1	8	16
6930					0
6933	4	0x0082	0	8	16
6934					0
6937	4	0x0082	0	8	16
6938					0
6941	4	0x0082	1	8	16
6942					0
6945	4	0x0082	1	8	16
6946					0
6949	4	0x0082	0	8	16
6950					0
6953	4	0x0082	0	8	16
6954					0
6957	4	0x0082	1	8	16
6958					0
6961	4	0x0082	1	8	16
6962					0
6965	4	0x0082	0	8	16
6966					0
6969	4	0x0082	0	8	16
6970					0
6973	4	0x0082	1	8	16
6974					0
6977	4	0x0082	1	8	16
6978					0
6981	4	0x0082	0	8	16
6982					0
6985	4	0x0082	0	8	16
6986					0
6989	4	0x0082	1	8	16
6990					0
6993	4	0x0082	1	8	16
6994					0
6997	4	0x0082	0	8	16
6998					0
7001	4	0x0082	0	8	16
7002					0
7005	4	0x0082	1	8	16
7006					0
7009	4	0x0082	1	8	16
7010					0
7013	4	0x0082	0	8	16
7014					0
7017	4	0x0082	0	8	16
7018					0
7021	4	0x0082	1	8	16
7022					0
7025	4	0x0082	1	8	16
7026					0
7029	4	0x0082	0	8	16
7030					0
7033	4	0x0082	0	8	16
7034					0
7037	4	0x0082	1	8	16
7038					0
7041	4	0x0082	1	8	16
7042					0
7045	4	0x0082	0	8	16
7046					0
7049	4	0x0082	0	8	16
7050					0
7053	4	0x0082	1	8	16
7054					0
7057	4	0x0082	1	8	16
7058					0
7061	4	0x0082	0	8	16
7062					0
7065	4	0x0082	0	8	16
7066					0
7069	4	0x0082	1	8	16
7070					0
7073	4	0x0082	1	8	16
7074					0
7077	4	0x0082	0	8	16
7078					0
7081	4	0x0082	0	8	16
7082					0
7085	4	0x0082	1	8	16
7086					0
7089	4	0x0082	1	8	16
7090					0
7093	4	0x0082	0	8	16
7094					0
7097	4	0x0082	0	8	16
7098					0
7101	4	0x0082	1	8	16
7102					0
7105	4	0x0082	1	8	16
7106					0
7109	4	0x0082	0	8	16
7110					0
7113	4	0x0082	0	8	16
7114					0
7117	4	0x0082	1	8	16
7118					0
7121	4	0x0082	1	8	16
7122					0
7125	4	0x0082	0	8	16
7126					0
7129	4	0x0082	0	8	16
7130					0
7133	4	0x0082	1	8	16
7134					0
7137	4	0x0082	1	8	16
7138					0
7141	4	0x0082	0	8	16
7142					0
7145	4	0x0082	0	8	16
7146					0
7149	4	0x0082	1	8	16
7150					0
7153	4	0x0082	1	8	16
7154					0
7157	4	0x0082	1	8	16
7158					0
7161	4	0x0082	0	8	16
7162					0
7165	4	0x0082	0	8	16
7166					0
7169	4	0x0082	1	8	16
7170					0
7173	4	0x0082	1	8	16
7174					0
7177	4	0x0082	0	8	16
7178					0
7181	4	0x0082	0	8	16
7182					0
7185	4	0x0082	1	8	16
7186					0
7189	4	0x0082	1	8	16
7190					0
7193	4	0x0082	0	8	16
7194					0
7197	4	0x0082	0	8	16
7198					0
7201	4	0x0082	1	8	16
7202					0
7205	4	0x0082	1	8	16
7206					0
7209	4	0x0082	0	8	16
7210					0
7213	4	0x0082	0	8	16
7214					0
7217	4	0x0082	1	8	16
7218					0
7221	4	0x0082	1	8	16
7222					0
7225	4	0x0082	0	8	16
7226					0
7229	4	0x0082	0	8	16
7230					0
7233	4	0x0082	1	8	16
7234					0
7237	4	0x0082	1	8	16
7238					0
7241	4	0x0082	0	8	16
7242					0
7245	4	0x0082	0	8	16
7246					0
7249	4	0x0082	1	8	16
7250					0
7253	4	0x0082	1	8	16
7254					0
7257	4	0x0082	0	8	16
7258					0
7261	4	0x0082	0	8	16
7262					0
7265	4	0x0082	1	8	16
7266					0
7269	4	0x0082	1	8	16
7270					0
7273	4	0x0082	0	8	16
7274					0
7277	4	0x0082	0	8	16
7278					0
7281	4	0x0082	1	8	16
7282					0
7285	4	0x0082	1	8	16
7286					0
7289	4	0x0082	0	8	16
7290					0
7293	4	0x0082	0	8	16
7294					0
7297	4	0x0082	1	8	16
7298					0
7301	4	0x0082	1	8	16
7302					0
7305	4	0x0082	0	8	16
7306					0
7309	4	0x0082	0	8	16
7310					0
7313	4	0x0082	1	8	16
7314					0
7317	4	0x0082	1	8	16
7318					0
7321	4	0x0082	0	8	16
7322					0
7325	4	0x0082	0	8	16
7326					0
7329	4	0x0082	1	8	16
7330					0
7333	4	0x0082	1	8	16
7334					0
7337	4	0x0082	0	8	16
7338					0
7341	4	0x0082	0	8	16
7342					0
7345	4	0x0082	1	8	16
7346					0
7349	4	0x0082	1	8	16
7350					0
7353	4	0x0082	0	8	16
7354					0
7357	4	0x0082	0	8	16
7358					0
7361	4	0x0082	1	8	16
7362					0
7365	4	0x0082	1	8	16
7366					0
7369	4	0x0082	0	8	16
7370					0
7373	4	0x0082	0	8	16
7374					0
7377	4	0x0082	1	8	16
7378					0
7381	4	0x0082	1	8	16
7382					0
7385	4	0x0082	0	8	16
7386					0
7389	4	0x0082	0	8	16
7390					0
7393	4	0x0082	1	8	16
7394					0
7397	4	0x0082	1	8	16
7398					0
7401	4	0x0082	0	8	16
7402					0
7405	4	0x0082	0	8	16
7406					0
7409	4	0x0082	1	8	16
7410					0
7413	4	0x0082	1	8	16
7414					0
7417	4	0x0082	0	8	16
7418					0
7421	4	0x0082	0	8	16
7422					0
7425	4	0x0082	1	8	16
7426					0
7429	4	0x0082	1	8	16
7430					0
7433	4	0x0082	0	8	16
7434					0
7437	4	0x0082	0	8	16
7438					0
7441	4	0x0082	1	8	16
7442					0
7445	4	0x0082	1	8	16
7446					0
7449	4	0x0082	0	8	16
7450					0
7453	4	0x0082	0	8	16
7454					0
7457	4	0x0082	1	8	16
7458					0
7461	4	0x0082	1	8	16
7462					0
7465	4	0x0082	0	8	16
7466					0
7469	4	0x0082	0	8	16
7470					0
7473	4	0x0082	1	8	16
7474					0
7477	4	0x0082	1	8	16
7478					0
7481	4	0x0082	0	8	16
7482					0
7485	4	0x0082	0	8	16
7486					0
7489	4	0x0082	1	8	16
7490					0
7493	4	0x0082	1	8	16
7494					0
7497	4	0x0082	0	8	16
7498					0
7501	4	0x0082	0	8	16
7502					0
7505	4	0x0082	1	8	16
7506					0
7509	4	0x0082	1	8	16
7510					0
7513	4	0x0082	0	8	16
7514					0
7517	4	0x0082	0	8	16
7518					0
7521	4	0x0082	1	8	16
7522					0
7525	4	0x0082	1	8	16
7526					0
7529	4	0x0082	0	8	16
7530					0
7533	4	0x0082	0	8	16
7534					0
7537	4	0x0082	1	8	16
7538					0
7541	4	0x0082	1	8	16
7542					0
7545	4	0x0082	0	8	16
7546					0
7549	4	0x0082	0	8	16
7550					0
7553	4	0x0082	1	8	16
7554					0
7557	4	0x0082	1	8	16
7558					0
7561	4	0x0082	0	8	16
7562					0
7565	4	0x0082	0	8	16
7566					0
7569	4	0x0082	1	8	16
7570					0
7573	4	0x0082	1	8	16
7574					0
7577	4	0x0082	0	8	16
7578					0
7581	4	0x0082	0	8	16
7582					0
7585	4	0x0082	1	8	16
7586					0
7589	4	0x0082	1	8	16
7590					0
7593	4	0x0082	0	8	16
7594					0
7597	4	0x0082	0	8	16
7598					0
7601	4	0x0082	1	8	16
7602					0
7605	4	0x0082	1	8	16
7606					0
7609	4	0x0082	0	8	16
7610					0
7613	4	0x0082	0	8	16
7614					0
7617	4	0x0082	1	8	16
7618					0
7621	4	0x0082	1	8	16
7622					0
7625	4	0x0082	0	8	16
7626					0
7629	4	0x0082	0	8	16
7630					0
7633	4	0x0082	1	8	16
7634					0
7637	4	0x0082	1	8	16
7638					0
7641	4	0x0082	0	8	16
7642					0
7645	4	0x0082	0	8	16
7646					0
7649	4	0x0082	1	8	16
7650					0
7653	4	0x0082	1	8	16
7654					0
7657	4	0x0082	0	8	16
7658					0
7661	4	0x0082	0	8	16
7662					0
7665	4	0x0082	1	8	16
7666					0
7669	4	0x0082	1	8	16
7670					0
7673	4	0x0082	1	8	16
7674					0
7677	4	0x0082	0	8	16
7678					0
7681	4	0x0082	0	8	16
7682					0
7685	4	0x0082	1	8	16
7686					0
7689	4	0x0082	1	8	16
7690					0
7693	4	0x0082	0	8	16
7694					0
7697	4	0x0082	0	8	16
7698					0
7701	4	0x0082	1	8	16
7702					0
7705	4	0x0082	1	8	16
7706					0
7709	4	0x0082	0	8	16
7710					0
7713	4	0x0082	0	8	16
7714					0
7717	4	0x0082	1	8	16
7718					0
7721	4	0x0082	1	8	16
7722					0
7725	4	0x0082	0	8	16
7726					0
7729	4	0x0082	0	8	16
7730					0
7733	4	0x0082	1	8	16
7734					0
7737	4	0x0082	1	8	16
7738					0
7741	4	0x0082	0	8	16
7742					0
7745	4	0x0082	0	8	16
7746					0
7749	4	0x0082	1	8	16
7750					0
7753	4	0x0082	1	8	16
7754					0
7757	4	0x0082	0	8	16
7758					0
7761	4	0x0082	0	8	16
7762					0
7765	4	0x0082	1	8	16
7766					0
7769	4	0x0082	1	8	16
7770					0
7773	4	0x0082	0	8	16
7774					0
7777	4	0x0082	0	8	16
7778					0
7781	4	0x0082	1	8	16
7782					0
7785	4	0x0082	1	8	16
7786					0
7789	4	0x0082	0	8	16
7790					0
7793	4	0x0082	0	8	16
7794					0
7797	4	0x0082	1	8	16
7798					0
7801	4	0x0082	1	8	16
7802					0
7805	4	0x0082	0	8	16
7806					0
7809	4	0x0082	0	8	16
7810					0
7813	4	0x0082	1	8	16
7814					0
7817	4	0x0082	1	8	16
7818					0
7821	4	0x0082	0	8	16
7822					0
7825	4	0x0082	0	8	16
7826					0
7829	4	0x0082	1	8	16
7830					0
7833	4	0x0082	1	8	16
7834					0
7837	4	0x0082	0	8	16
7838					0
7841	4	0x0082	0	8	16
7842					0
7845	4	0x0082	1	8	16
7846					0
7849	4	0x0082	1	8	16
7850					0
7853	4	0x0082	0	8	16
7854					0
7857	4	0x0082	0	8	16
7858					0
7861	4	0x0082	1	8	16
7862					0
7865	4	0x0082	1	8	16
7866					0
7869	4	0x0082	0	8	16
7870					0
7873	4	0x0082	0	8	16
7874					0
7877	4	0x0082	1	8	16
7878					0
7881	4	0x0082	1	8	16
7882					0
7885	4	0x0082	0	8	16
7886					0
7889	4	0x0082	0	8	16
7890					0
7893	4	0x0082	1	8	16
7894					0
7897	4	0x0082	1	8	16
7898					0
7901	4	0x0082	0	8	16
7902					0
7905	4	0x0082	0	8	16
7906					0
7909	4	0x0082	1	8	16
7910					0
7913	4	0x0082	1	8	16
7914					0
7917	4	0x0082	0	8	16
7918					0
7921	4	0x0082	0	8	16
7922					0
7925	4	0x0082	1	8	16
7926					0
7929	4	0x0082	1	8	16
7930					0
7933	4	0x0082	0	8	16
7934					0
7937	4	0x0082	0	8	16
7938					0
7941	4	0x0082	1	8	16
7942					0
7945	4	0x0082	1	8	16
7946					0
7949	4	0x0082	0	8	16
7950					0
7953	4	0x0082	0	8	16
7954					0
7957	4	0x0082	1	8	16
7958					0
7961	4	0x0082	1	8	16
7962					0
7965	4	0x0082	0	8	16
7966					0
7969	4	0x0082	0	8	16
7970					0
7973	4	0x0082	1	8	16
7974					0
7977	4	0x0082	1	8	16
7978					0
7981	4	0x0082	0	8	16
7982					0
7985	4	0x0082	0	8	16
7986					0
7989	4	0x0082	1	8	16
7990					0
7993	4	0x0082	1	8	16
7994					0
7997	4	0x0082	0	8	16
7998					0
8001	4	0x0082	0	8	16
8002					0
8005	4	0x0082	1	8	16
8006					0
8009	4	0x0082	1	8	16
8010					0
8013	4	0x0082	0	8	16
8014					0
8017	4	0x0082	0	8	16
8018					0
8021	4	0x0082	1	8	16
8022					0
8025	4	0x0082	1	8	16
8026					0
8029	4	0x0082	0	8	16
8030					0
8033	4	0x0082	0	8	16
8034					0
8037	4	0x0082	1	8	16
8038					0
8041	4	0x0082	1	8	16
8042					0
8045	4	0x0082	0	8	16
8046					0
8049	4	0x0082	0	8	16
8050					0
8053	4	0x0082	1	8	16
8054					0
8057	4	0x0082	1	8	16
8058					0
8061	4	0x0082	0	8	16
8062					0
8065	4	0x0082	0	8	16
8066					0
8069	4	0x0082	1	8	16
8070					0
8073	4	0x0082	1	8	16
8074					0
8077	4	0x0082	0	8	16
8078					0
8081	4	0x0082	0	8	16
8082					0
8085	4	0x0082	1	8	16
8086					0
8089	4	0x0082	1	8	16
8090					0
8093	4	0x0082	0	8	16
8094					0
8097	4	0x0082	0	8	16
8098					0
8101	4	0x0082	1	8	16
8102					0
8105	4	0x0082	1	8	16
8106					0
8109	4	0x0082	0	8	16
8110					0
8113	4	0x0082	0	8	16
8114					0
8117	4	0x0082	1	8	16
8118					0
8121	4	0x0082	1	8	16
8122					0
8125	4	0x0082	0	8	16
8126					0
8129	4	0x0082	0	8	16
8130					0
8133	4	0x0082	1	8	16
8134					0
8137	4	0x0082	1	8	16
8138					0
8141	4	0x0082	0	8	16
8142					0
8145	4	0x0082	0	8	16
8146					0
8149	4	0x0082	1	8	16
8150					0
8153	4	0x0082	1	8	16
8154					0
8157	4	0x0082	0	8	16
8158					0
8161	4	0x0082	0	8	16
8162					0
8165	4	0x0082	1	8	16
8166					0
8169	4	0x0082	1	8	16
8170					0
8173	4	0x0082	0	8	16
8174					0
8177	4	0x0082	0	8	16
8178					0
8181	4	0x0082	1	8	16
8182					0
8185	4	0x0082	1	8	16
8186					0
8189	4	0x0082	1	8	16
8190					0
8193	4	0x0082	0	8	16
8194					0
8197	4	0x0082	0	8	16
8198					0
8201	4	0x0082	1	8	16
8202					0
8205	4	0x0082	1	8	16
8206					0
8209	4	0x0082	0	8	16
8210					0
8213	4	0x0082	0	8	16
8214					0
8217	4	0x0082	1	8	16
8218					0
8221	4	0x0082	1	8	16
8222					0
8225	4	0x0082	0	8	16
8226					0
8229	4	0x0082	0	8	16
8230					0
8233	4	0x0082	1	8	16
8234					0
8237	4	0x0082	1	8	16
8238					0
8241	4	0x0082	0	8	16
8242					0
8245	4	0x0082	0	8	16
8246					0
8249	4	0x0082	1	8	16
8250					0
8253	4	0x0082	1	8	16
8254					0
8257	4	0x0082	0	8	16
8258					0
8261	4	0x0082	0	8	16
8262					0
8265	4	0x0082	1	8	16
8266					0
8269	4	0x0082	1	8	16
8270					0
8273	4	0x0082	0	8	16
8274					0
8277	4	0x0082	0	8	16
8278					0
8281	4	0x0082	1	8	16
8282					0
8285	4	0x0082	1	8	16
8286					0
8289	4	0x0082	0	8	16
8290					0
8293	4	0x0082	0	8	16
8294					0
8297	4	0x0082	1	8	16
8298					0
8301	4	0x0082	1	8	16
8302					0
8305	4	0x0082	0	8	16
8306					0
8309	4	0x0082	0	8	16
8310					0
8313	4	0x0082	1	8	16
8314					0
8317	4	0x0082	1	8	16
8318					0
8321	4	0x0082	0	8	16
8322					0
8325	4	0x0082	0	8	16
8326					0
8329	4	0x0082	1	8	16
8330					0
8333	4	0x0082	1	8	16
8334					0
8337	4	0x0082	0	8	16
8338					0
8341	4	0x0082	0	8	16
8342					0
8345	4	0x0082	1	8	16
8346					0
8349	4	0x0082	1	8	16
8350					0
8353	4	0x0082	0	8	16
8354					0
8357	4	0x0082	0	8	16
8358					0
8361	4	0x0082	1	8	16
8362					0
8365	4	0x0082	1	8	16
8366					0
8369	4	0x0082	0	8	16
8370					0
8373	4	0x0082	0	8	16
8374					0
8377	4	0x0082	1	8	16
8378					0
8381	4	0x0082	1	8	16
8382					0
8385	4	0x0082	0	8	16
8386					0
8389	4	0x0082	0	8	16
8390					0
8393	4	0x0082	1	8	16
8394					0
8397	4	0x0082	1	8	16
8398					0
8401	4	0x0082	0	8	16
8402					0
8405	4	0x0082	0	8	16
8406					0
8409	4	0x0082	1	8	16
8410					0
8413	4	0x0082	1	8	16
8414					0
8417	4	0x0082	0	8	16
8418					0
8421	4	0x0082	0	8	16
8422					0
8425	4	0x0082	1	8	16
8426					0
8429	4	0x0082	1	8	16
8430					0
8433	4	0x0082	0	8	16
8434					0
8437	4	0x0082	0	8	16
8438					0
8441	4	0x0082	1	8	16
8442					0
8445	4	0x0082	1	8	16
8446					0
8449	4	0x0082	0	8	16
8450					0
8453	4	0x0082	0	8	16
8454					0
8457	4	0x0082	1	8	16
8458					0
8461	4	0x0082	1	8	16
8462					0
8465	4	0x0082	0	8	16
8466					0
8469	4	0x0082	0	8	16
8470					0
8473	4	0x0082	1	8	16
8474					0
8477	4	0x0082	1	8	16
8478					0
8481	4	0x0082	0	8	16
8482					0
8485	4	0x0082	0	8	16
8486					0
8489	4	0x0082	1	8	16
8490					0
8493	4	0x0082	1	8	16
8494					0
8497	4	0x0082	0	8	16
8498					0
8501	4	0x0082	0	8	16
8502					0
8505	4	0x0082	1	8	16
8506					0
8509	4	0x0082	1	8	16
8510					0
8513	4	0x0082	0	8	16
8514					0
8517	4	0x0082	0	8	16
8518					0
8521	4	0x0082	1	8	16
8522					0
8525	4	0x0082	1	8	16
8526					0
8529	4	0x0082	0	8	16
8530					0
8533	4	0x0082	0	8	16
8534					0
8537	4	0x0082	1	8	16
8538					0
8541	4	0x0082	1	8	16
8542					0
8545	4	0x0082	0	8	16
8546					0
8549	4	0x0082	0	8	16
8550					0
8553	4	0x0082	1	8	16
8554					0
8557	4	0x0082	1	8	16
8558					0
8561	4	0x0082	0	8	16
8562					0
8565	4	0x0082	0	8	16
8566					0
8569	4	0x0082	1	8	16
8570					0
8573	4	0x0082	1	8	16
8574					0
8577	4	0x0082	0	8	16
8578					0
8581	4	0x0082	0	8	16
8582					0
8585	4	0x0082	1	8	16
8586					0
8589	4	0x0082	1	8	16
8590					0
8593	4	0x0082	0	8	16
8594					0
8597	4	0x0082	0	8	16
8598					0
8601	4	0x0082	1	8	16
8602					0
8605	4	0x0082	1	8	16
8606					0
8609	4	0x0082	0	8	16
8610					0
8613	4	0x0082	0	8	16
8614					0
8617	4	0x0082	1	8	16
8618					0
8621	4	0x0082	1	8	16
8622					0
8625	4	0x0082	0	8	16
8626					0
8629	4	0x0082	0	8	16
8630					0
8633	4	0x0082	1	8	16
8634					0
8637	4	0x0082	1	8	16
8638					0
8641	4	0x0082	0	8	16
8642					0
8645	4	0x0082	0	8	16
8646					0
8649	4	0x0082	1	8	16
8650					0
8653	4	0x0082	1	8	16
8654					0
8657	4	0x0082	0	8	16
8658					0
8661	4	0x0082	0	8	16
8662					0
8665	4	0x0082	1	8	16
8666					0
8669	4	0x0082	1	8	16
8670					0
8673	4	0x0082	0	8	16
8674					0
8677	4	0x0082	0	8	16
8678					0
8681	4	0x0082	1	8	16
8682					0
8685	4	0x0082	1	8	16
8686					0
8689	4	0x0082	0	8	16
8690					0
8693	4	0x0082	0	8	16
8694					0
8697	4	0x0082	1	8	16
8698					0
8701	4	0x0082	1	8	16
8702					0
8705	4	0x0082	1	8	16
8706					0
8709	4	0x0082	0	8	16
8710					0
8713	4	0x0082	0	8	16
8714					0
8717	4	0x0082	1	8	16
8718					0
8721	4	0x0082	1	8	16
8722					0
8725	4	0x0082	0	8	16
8726					0
8729	4	0x0082	0	8	16
8730					0
8733	4	0x0082	1	8	16
8734					0
8737	4	0x0082	1	8	16
8738					0
8741	4	0x0082	0	8	16
8742					0
8745	4	0x0082	0	8	16
8746					0
8749	4	0x0082	1	8	16
8750					0
8753	4	0x0082	1	8	16
8754					0
8757	4	0x0082	0	8	16
8758					0
8761	4	0x0082	0	8	16
8762					0
8765	4	0x0082	1	8	16
8766					0
8769	4	0x0082	1	8	16
8770					0
8773	4	0x0082	0	8	16
8774					0
8777	4	0x0082	0	8	16
8778					0
8781	4	0x0082	1	8	16
8782					0
8785	4	0x0082	1	8	16
8786					0
8789	4	0x0082	0	8	16
8790					0
8793	4	0x0082	0	8	16
8794					0
8797	4	0x0082	1	8	16
8798					0
8801	4	0x0082	1	8	16
8802					0
8805	4	0x0082	0	8	16
8806					0
8809	4	0x0082	0	8	16
8810					0
8813	4	0x0082	1	8	16
8814					0
8817	4	0x0082	1	8	16
8818					0
8821	4	0x0082	0	8	16
8822					0
8825	4	0x0082	0	8	16
8826					0
8829	4	0x0082	1	8	16
8830					0
8833	4	0x0082	1	8	16
8834					0
8837	4	0x0082	0	8	16
8838					0
8841	4	0x0082	0	8	16
8842					0
8845	4	0x0082	1	8	16
8846					0
8849	4	0x0082	1	8	16
8850					0
8853	4	0x0082	0	8	16
8854					0
8857	4	0x0082	0	8	16
8858					0
8861	4	0x0082	1	8	16
8862					0
8865	4	0x0082	1	8	16
8866					0
8869	4	0x0082	0	8	16
8870					0
8873	4	0x0082	0	8	16
8874					0
8877	4	0x0082	1	8	16
8878					0
8881	4	0x0082	1	8	16
8882					0
8885	4	0x0082	0	8	16
8886					0
8889	4	0x0082	0	8	16
8890					0
8893	4	0x0082	1	8	16
8894					0
8897	4	0x0082	1	8	16
8898					0
8901	4	0x0082	0	8	16
8902					0
8905	4	0x0082	0	8	16
8906					0
8909	4	0x0082	1	8	16
8910					0
8913	4	0x0082	1	8	16
8914					0
8917	4	0x0082	0	8	16
8918					0
8921	4	0x0082	0	8	16
8922					0
8925	4	0x0082	1	8	16
8926					0
8929	4	0x0082	1	8	16
8930					0
8933	4	0x0082	0	8	16
8934					0
8937	4	0x0082	0	8	16
8938					0
8941	4	0x0082	1	8	16
8942					0
8945	4	0x0082	1	8	16
8946					0
8949	4	0x0082	0	8	16
8950					0
8953	4	0x0082	0	8	16
8954					0
8957	4	0x0082	1	8	16
8958					0
8961	4	0x0082	1	8	16
8962					0
8965	4	0x0082	0	8	16
8966					0
8969	4	0x0082	0	8	16
8970					0
8973	4	0x0082	1	8	16
8974					0
8977	4	0x0082	1	8	16
8978					0
8981	4	0x0082	0	8	16
8982					0
8985	4	0x0082	0	8	16
8986					0
8989	4	0x0082	1	8	16
8990					0
8993	4	0x0082	1	8	16
8994					0
8997	4	0x0082	0	8	16
8998					0
9001	4	0x0082	0	8	16
9002					0
9005	4	0x0082	1	8	16
9006					0
9009	4	0x0082	1	8	16
9010					0
9013	4	0x0082	0	8	16
9014					0
9017	4	0x0082	0	8	16
9018					0
9021	4	0x0082	1	8	16
9022					0
9025	4	0x0082	1	8	16
9026					0
9029	4	0x0082	0	8	16
9030					0
9033	4	0x0082	0	8	16
9034					0
9037	4	0x0082	1	8	16
9038					0
9041	4	0x0082	1	8	16
9042					0
9045	4	0x0082	0	8	16
9046					0
9049	4	0x0082	0	8	16
9050					0
9053	4	0x0082	1	8	16
9054					0
9057	4	0x0082	1	8	16
9058					0
9061	4	0x0082	0	8	16
9062					0
9065	4	0x0082	0	8	16
9066					0
9069	4	0x0082	1	8	16
9070					0
9073	4	0x0082	1	8	16
9074					0
9077	4	0x0082	0	8	16
9078					0
9081	4	0x0082	0	8	16
9082					0
9085	4	0x0082	1	8	16
9086					0
9089	4	0x0082	1	8	16
9090					0
9093	4	0x0082	0	8	16
9094					0
9097	4	0x0082	0	8	16
9098					0
9101	4	0x0082	1	8	16
9102					0
9105	4	0x0082	1	8	16
9106					0
9109	4	0x0082	0	8	16
9110					0
9113	4	0x0082	0	8	16
9114					0
9117	4	0x0082	1	8	16
9118					0
9121	4	0x0082	1	8	16
9122					0
9125	4	0x0082	0	8	16
9126					0
9129	4	0x0082	0	8	16
9130					0
9133	4	0x0082	1	8	16
9134					0
9137	4	0x0082	1	8	16
9138					0
9141	4	0x0082	0	8	16
9142					0
9145	4	0x0082	0	8	16
9146					0
9149	4	0x0082	1	8	16
9150					0
9153	4	0x0082	1	8	16
9154					0
9157	4	0x0082	0	8	16
9158					0
9161	4	0x0082	0	8	16
9162					0
9165	4	0x0082	1	8	16
9166					0
9169	4	0x0082	1	8	16
9170					0
9173	4	0x0082	0	8	16
9174					0
9177	4	0x0082	0	8	16
9178					0
9181	4	0x0082	1	8	16
9182					0
9185	4	0x0082	1	8	16
9186					0
9189	4	0x0082	0	8	16
9190					0
9193	4	0x0082	0	8	16
9194					0
9197	4	0x0082	1	8	16
9198					0
9201	4	0x0082	1	8	16
9202					0
9205	4	0x0082	0	8	16
9206					0
9209	4	0x0082	0	8	16
9210					0
9213	4	0x0082	1	8	16
9214					0
9217	4	0x0082	1	8	16
9218					0
9221	4	0x0082	1	8	16
9222					0
9225	4	0x0082	0	8	16
9226					0
9229	4	0x0082	0	8	16
9230					0
9233	4	0x0082	1	8	16
9234					0
9237	4	0x0082	1	8	16
9238					0
9241	4	0x0082	0	8	16
9242					0
9245	4	0x0082	0	8	16
9246					0
9249	4	0x0082	1	8	16
9250					0
9253	4	0x0082	1	8	16
9254					0
9257	4	0x0082	0	8	16
9258					0
9261	4	0x0082	0	8	16
9262					0
9265	4	0x0082	1	8	16
9266					0
9269	4	0x0082	1	8	16
9270					0
9273	4	0x0082	0	8	16
9274					0
9277	4	0x0082	0	8	16
9278					0
9281	4	0x0082	1	8	16
9282					0
9285	4	0x0082	1	8	16
9286					0
9289	4	0x0082	0	8	16
9290					0
9293	4	0x0082	0	8	16
9294					0
9297	4	0x0082	1	8	16
9298					0
9301	4	0x0082	1	8	16
9302					0
9305	4	0x0082	0	8	16
9306					0
9309	4	0x0082	0	8	16
9310					0
9313	4	0x0082	1	8	16
9314					0
9317	4	0x0082	1	8	16
9318					0
9321	4	0x0082	0	8	16
9322					0
9325	4	0x0082	0	8	16
9326					0
9329	4	0x0082	1	8	16
9330					0
9333	4	0x0082	1	8	16
9334					0
9337	4	0x0082	0	8	16
9338					0
9341	4	0x0082	0	8	16
9342					0
9345	4	0x0082	1	8	16
9346					0
9349	4	0x0082	1	8	16
9350					0
9353	4	0x0082	0	8	16
9354					0
9357	4	0x0082	0	8	16
9358					0
9361	4	0x0082	1	8	16
9362					0
9365	4	0x0082	1	8	16
9366					0
9369	4	0x0082	0	8	16
9370					0
9373	4	0x0082	0	8	16
9374					0
9377	4	0x0082	1	8	16
9378					0
9381	4	0x0082	1	8	16
9382					0
9385	4	0x0082	0	8	16
9386					0
9389	4	0x0082	0	8	16
9390					0
9393	4	0x0082	1	8	16
9394					0
9397	4	0x0082	1	8	16
9398					0
9401	4	0x0082	0	8	16
9402					0
9405	4	0x0082	0	8	16
9406					0
9409	4	0x0082	1	8	16
9410					0
9413	4	0x0082	1	8	16
9414					0
9417	4	0x0082	0	8	16
9418					0
9421	4	0x0082	0	8	16
9422					0
9425	4	0x0082	1	8	16
9426					0
9429	4	0x0082	1	8	16
9430					0
9433	4	0x0082	0	8	16
9434					0
9437	4	0x0082	0	8	16
9438					0
9441	4	0x0082	1	8	16
9442					0
9445	4	0x0082	1	8	16
9446					0
9449	4	0x0082	0	8	16
9450					0
9453	4	0x0082	0	8	16
9454					0
9457	4	0x0082	1	8	16
9458					0
9461	4	0x0082	1	8	16
9462					0
9465	4	0x0082	0	8	16
9466					0
9469	4	0x0082	0	8	16
9470					0
9473	4	0x0082	1	8	16
9474					0
9477	4	0x0082	1	8	16
9478					0
9481	4	0x0082	0	8	16
9482					0
9485	4	0x0082	0	8	16
9486					0
9489	4	0x0082	1	8	16
9490					0
9493	4	0x0082	1	8	16
9494					0
9497	4	0x0082	0	8	16
9498					0
9501	4	0x0082	0	8	16
9502					0
9505	4	0x0082	1	8	16
9506					0
9509	4	0x0082	1	8	16
9510					0
9513	4	0x0082	0	8	16
9514					0
9517	4	0x0082	0	8	16
9518					0
9521	4	0x0082	1	8	16
9522					0
9525	4	0x0082	1	8	16
9526					0
9529	4	0x0082	0	8	16
9530					0
9533	4	0x0082	0	8	16
9534					0
9537	4	0x0082	1	8	16
9538					0
9541	4	0x0082	1	8	16
9542					0
9545	4	0x0082	0	8	16
9546					0
9549	4	0x0082	0	8	16
9550					0
9553	4	0x0082	1	8	16
9554					0
9557	4	0x0082	1	8	16
9558					0
9561	4	0x0082	0	8	16
9562					0
9565	4	0x0082	0	8	16
9566					0
9569	4	0x0082	1	8	16
9570					0
9573	4	0x0082	1	8	16
9574					0
9577	4	0x0082	0	8	16
9578					0
9581	4	0x0082	0	8	16
9582					0
9585	4	0x0082	1	8	16
9586					0
9589	4	0x0082	1	8	16
9590					0
9593	4	0x0082	0	8	16
9594					0
9597	4	0x0082	0	8	16
9598					0
9601	4	0x0082	1	8	16
9602					0
9605	4	0x0082	1	8	16
9606					0
9609	4	0x0082	0	8	16
9610					0
9613	4	0x0082	0	8	16
9614					0
9617	4	0x0082	1	8	16
9618					0
9621	4	0x0082	1	8	16
9622					0
9625	4	0x0082	0	8	16
9626					0
9629	4	0x0082	0	8	16
9630					0
9633	4	0x0082	1	8	16
9634					0
9637	4	0x0082	1	8	16
9638					0
9641	4	0x0082	0	8	16
9642					0
9645	4	0x0082	0	8	16
9646					0
9649	4	0x0082	1	8	16
9650					0
9653	4	0x0082	1	8	16
9654					0
9657	4	0x0082	0	8	16
9658					0
9661	4	0x0082	0	8	16
9662					0
9665	4	0x0082	1	8	16
9666					0
9669	4	0x0082	1	8	16
9670					0
9673	4	0x0082	0	8	16
9674					0
9677	4	0x0082	0	8	16
9678					0
9681	4	0x0082	1	8	16
9682					0
9685	4	0x0082	1	8	16
9686					0
9689	4	0x0082	0	8	16
9690					0
9693	4	0x0082	0	8	16
9694					0
9697	4	0x0082	1	8	16
9698					0
9701	4	0x0082	1	8	16
9702					0
9705	4	0x0082	0	8	16
9706					0
9709	4	0x0082	0	8	16
9710					0
9713	4	0x0082	1	8	16
9714					0
9717	4	0x0082	1	8	16
9718					0
9721	4	0x0082	0	8	16
9722					0
9725	4	0x0082	0	8	16
9726					0
9729	4	0x0082	1	8	16
9730					0
9733	4	0x0082	1	8	16
9734					0
9737	4	0x0082	1	8	16
9738					0
9741	4	0x0082	0	8	16
9742					0
9745	4	0x0082	0	8	16
9746					0
9749	4	0x0082	1	8	16
9750					0
9753	4	0x0082	1	8	16
9754					0
9757	4	0x0082	0	8	16
9758					0
9761	4	0x0082	0	8	16
9762					0
9765	4	0x0082	1	8	16
9766					0
9769	4	0x0082	1	8	16
9770					0
9773	4	0x0082	0	8	16
9774					0
9777	4	0x0082	0	8	16
9778					0
9781	4	0x0082	1	8	16
9782					0
9785	4	0x0082	1	8	16
9786					0
9789	4	0x0082	0	8	16
9790					0
9793	4	0x0082	0	8	16
9794					0
9797	4	0x0082	1	8	16
9798					0
9801	4	0x0082	1	8	16
9802					0
9805	4	0x0082	0	8	16
9806					0
9809	4	0x0082	0	8	16
9810					0
9813	4	0x0082	1	8	16
9814					0
9817	4	0x0082	1	8	16
9818					0
9821	4	0x0082	0	8	16
9822					0
9825	4	0x0082	0	8	16
9826					0
9829	4	0x0082	1	8	16
9830					0
9833	4	0x0082	1	8	16
9834					0
9837	4	0x0082	0	8	16
9838					0
9841	4	0x0082	0	8	16
9842					0
9845	4	0x0082	1	8	16
9846					0
9849	4	0x0082	1	8	16
9850					0
9853	4	0x0082	0	8	16
9854					0
9857	4	0x0082	0	8	16
9858					0
9861	4	0x0082	1	8	16
9862					0
9865	4	0x0082	1	8	16
9866					0
9869	4	0x0082	0	8	16
9870					0
9873	4	0x0082	0	8	16
9874					0
9877	4	0x0082	1	8	16
9878					0
9881	4	0x0082	1	8	16
9882					0
9885	4	0x0082	0	8	16
9886					0
9889	4	0x0082	0	8	16
9890					0
9893	4	0x0082	1	8	16
9894					0
9897	4	0x0082	1	8	16
9898					0
9901	4	0x0082	0	8	16
9902					0
9905	4	0x0082	0	8	16
9906					0
9909	4	0x0082	1	8	16
9910					0
9913	4	0x0082	1	8	16
9914					0
9917	4	0x0082	0	8	16
9918					0
9921	4	0x0082	0	8	16
9922					0
9925	4	0x0082	1	8	16
9926					0
9929	4	0x0082	1	8	16
9930					0
9933	4	0x0082	0	8	16
9934					0
9937	4	0x0082	0	8	16
9938					0
9941	4	0x0082	1	8	16
9942					0
9945	4	0x0082	1	8	16
9946					0
9949	4	0x0082	0	8	16
9950					0
9953	4	0x0082	0	8	16
9954					0
9957	4	0x0082	1	8	16
9958					0
9961	4	0x0082	1	8	16
9962					0
9965	4	0x0082	0	8	16
9966					0
9969	4	0x0082	0	8	16
9970					0
9973	4	0x0082	1	8	16
9974					0
9977	4	0x0082	1	8	16
9978					0
9981	4	0x0082	0	8	16
9982					0
9985	4	0x0082	0	8	16
9986					0
9989	4	0x0082	1	8	16
9990					0
9993	4	0x0082	1	8	16
9994					0
9997	4	0x0082	0	8	16
9998					0
10001	4	0x0082	0	8	16
10002					0
10005	4	0x0082	1	8	16
10006					0
10009	4	0x0082	1	8	16
10010					0
10013	4	0x0082	0	8	16
10014					0
10017	4	0x0082	0	8	16
10018					0
10021	4	0x0082	1	8	16
10022					0
10025	4	0x0082	1	8	16
10026					0
10029	4	0x0082	0	8	16
10030					0
10033	4	0x0082	0	8	16
10034					0
10037	4	0x0082	1	8	16
10038					0
10041	4	0x0082	1	8	16
10042					0
10045	4	0x0082	0	8	16
10046					0
10049	4	0x0082	0	8	16
10050					0
10053	4	0x0082	1	8	16
10054					0
10057	4	0x0082	1	8	16
10058					0
10061	4	0x0082	0	8	16
10062					0
10065	4	0x0082	0	8	16
10066					0
10069	4	0x0082	1	8	16
10070					0
10073	4	0x0082	1	8	16
10074					0
10077	4	0x0082	0	8	16
10078					0
10081	4	0x0082	0	8	16
10082					0
10085	4	0x0082	1	8	16
10086					0
10089	4	0x0082	1	8	16
10090					0
10093	4	0x0082	0	8	16
10094					0
10097	4	0x0082	0	8	16
10098					0
10101	4	0x0082	1	8	16
10102					0
10105	4	0x0082	1	8	16
10106					0
10109	4	0x0082	0	8	16
10110					0
10113	4	0x0082	0	8	16
10114					0
10117	4	0x0082	1	8	16
10118					0
10121	4	0x0082	1	8	16
10122					0
10125	4	0x0082	0	8	16
10126					0
10129	4	0x0082	0	8	16
10130					0
10133	4	0x0082	1	8	16
10134					0
10137	4	0x0082	1	8	16
10138					0
10141	4	0x0082	0	8	16
10142					0
10145	4	0x0082	0	8	16
10146					0
10149	4	0x0082	1	8	16
10150					0
10153	4	0x0082	1	8	16
10154					0
10157	4	0x0082	0	8	16
10158					0
10161	4	0x0082	0	8	16
10162					0
10165	4	0x0082	1	8	16
10166					0
10169	4	0x0082	1	8	16
10170					0
10173	4	0x0082	0	8	16
10174					0
10177	4	0x0082	0	8	16
10178					0
10181	4	0x0082	1	8	16
10182					0
10185	4	0x0082	1	8	16
10186					0
10189	4	0x0082	0	8	16
10190					0
10193	4	0x0082	0	8	16
10194					0
10197	4	0x0082	1	8	16
10198					0
10201	4	0x0082	1	8	16
10202					0
10205	4	0x0082	0	8	16
10206					0
10209	4	0x0082	0	8	16
10210					0
10213	4	0x0082	1	8	16
10214					0
10217	4	0x0082	1	8	16
10218					0
10221	4	0x0082	0	8	16
10222					0
10225	4	0x0082	0	8	16
10226					0
10229	4	0x0082	1	8	16
10230					0
10233	4	0x0082	1	8	16
10234					0
10237	4	0x0082	0	8	16
10238					0
10241	4	0x0082	0	8	16
10242					0
10245	4	0x0082	1	8	16
10246					0
10249	4	0x0082	1	8	16
10250					0
10253	4	0x0082	1	8	16
10254					0
10257	4	0x0082	0	8	16
10258					0
10261	4	0x0082	0	8	16
10262					0
10265	4	0x0082	1	8	16
10266					0
10269	4	0x0082	1	8	16
10270					0
10273	4	0x0082	0	8	16
10274					0
10277	4	0x0082	0	8	16
10278					0
10281	4	0x0082	1	8	16
10282					0
10285	4	0x0082	1	8	16
10286					0
10289	4	0x0082	0	8	16
10290					0
10293	4	0x0082	0	8	16
10294					0
10297	4	0x0082	1	8	16
10298					0
10301	4	0x0082	1	8	16
10302					0
10305	4	0x0082	0	8	16
10306					0
10309	4	0x0082	0	8	16
10310					0
10313	4	0x0082	1	8	16
10314					0
10317	4	0x0082	1	8	16
10318					0
10321	4	0x0082	0	8	16
10322					0
10325	4	0x0082	0	8	16
10326					0
10329	4	0x0082	1	8	16
10330					0
10333	4	0x0082	1	8	16
10334					0
10337	4	0x0082	0	8	16
10338					0
10341	4	0x0082	0	8	16
10342					0
10345	4	0x0082	1	8	16
10346					0
10349	4	0x0082	1	8	16
10350					0
10353	4	0x0082	0	8	16
10354					0
10357	4	0x0082	0	8	16
10358					0
10361	4	0x0082	1	8	16
10362					0
10365	4	0x0082	1	8	16
10366					0
10369	4	0x0082	0	8	16
10370					0
10373	4	0x0082	0	8	16
10374					0
10377	4	0x0082	1	8	16
10378					0
10381	4	0x0082	1	8	16
10382					0
10385	4	0x0082	0	8	16
10386					0
10389	4	0x0082	0	8	16
10390					0
10393	4	0x0082	1	8	16
10394					0
10397	4	0x0082	1	8	16
10398					0
10401	4	0x0082	0	8	16
10402					0
10405	4	0x0082	0	8	16
10406					0
10409	4	0x0082	1	8	16
10410					0
10413	4	0x0082	1	8	16
10414					0
10417	4	0x0082	0	8	16
10418					0
10421	4	0x0082	0	8	16
10422					0
10425	4	0x0082	1	8	16
10426					0
10429	4	0x0082	1	8	16
10430					0
10433	4	0x0082	0	8	16
10434					0
10437	4	0x0082	0	8	16
10438					0
10441	4	0x0082	1	8	16
10442					0
10445	4	0x0082	1	8	16
10446					0
10449	4	0x0082	0	8	16
10450					0
10453	4	0x0082	0	8	16
10454					0
10457	4	0x0082	1	8	16
10458					0
10461	4	0x0082	1	8	16
10462					0
10465	4	0x0082	0	8	16
10466					0
10469	4	0x0082	0	8	16
10470					0
10473	4	0x0082	1	8	16
10474					0
10477	4	0x0082	1	8	16
10478					0
10481	4	0x0082	0	8	16
10482					0
10485	4	0x0082	0	8	16
10486					0
10489	4	0x0082	1	8	16
10490					0
10493	4	0x0082	1	8	16
10494					0
10497	4	0x0082	0	8	16
10498					0
10501	4	0x0082	0	8	16
10502					0
10505	4	0x0082	1	8	16
10506					0
10509	4	0x0082	1	8	16
10510					0
10513	4	0x0082	0	8	16
10514					0
10517	4	0x0082	0	8	16
10518					0
10521	4	0x0082	1	8	16
10522					0
10525	4	0x0082	1	8	16
10526					0
10529	4	0x0082	0	8	16
10530					0
10533	4	0x0082	0	8	16
10534					0
10537	4	0x0082	1	8	16
10538					0
10541	4	0x0082	1	8	16
10542					0
10545	4	0x0082	0	8	16
10546					0
10549	4	0x0082	0	8	16
10550					0
10553	4	0x0082	1	8	16
10554					0
10557	4	0x0082	1	8	16
10558					0
10561	4	0x0082	0	8	16
10562					0
10565	4	0x0082	0	8	16
10566					0
10569	4	0x0082	1	8	16
10570					0
10573	4	0x0082	1	8	16
10574					0
10577	4	0x0082	0	8	16
10578					0
10581	4	0x0082	0	8	16
10582					0
10585	4	0x0082	1	8	16
10586					0
10589	4	0x0082	1	8	16
10590					0
10593	4	0x0082	0	8	16
10594					0
10597	4	0x0082	0	8	16
10598					0
10601	4	0x0082	1	8	16
10602					0
10605	4	0x0082	1	8	16
10606					0
10609	4	0x0082	0	8	16
10610					0
10613	4	0x0082	0	8	16
10614					0
10617	4	0x0082	1	8	16
10618					0
10621	4	0x0082	1	8	16
10622					0
10625	4	0x0082	0	8	16
10626					0
10629	4	0x0082	0	8	16
10630					0
10633	4	0x0082	1	8	16
10634					0
10637	4	0x0082	1	8	16
10638					0
10641	4	0x0082	0	8	16
10642					0
10645	4	0x0082	0	8	16
10646					0
10649	4	0x0082	1	8	16
10650					0
10653	4	0x0082	1	8	16
10654					0
10657	4	0x0082	0	8	16
10658					0
10661	4	0x0082	0	8	16
10662					0
10665	4	0x0082	1	8	16
10666					0
10669	4	0x0082	1	8	16
10670					0
10673	4	0x0082	0	8	16
10674					0
10677	4	0x0082	0	8	16
10678					0
10681	4	0x0082	1	8	16
10682					0
10685	4	0x0082	1	8	16
10686					0
10689	4	0x0082	0	8	16
10690					0
10693	4	0x0082	0	8	16
10694					0
10697	4	0x0082	1	8	16
10698					0
10701	4	0x0082	1	8	16
10702					0
10705	4	0x0082	0	8	16
10706					0
10709	4	0x0082	0	8	16
10710					0
10713	4	0x0082	1	8	16
10714					0
10717	4	0x0082	1	8	16
10718					0
10721	4	0x0082	0	8	16
10722					0
10725	4	0x0082	0	8	16
10726					0
10729	4	0x0082	1	8	16
10730					0
10733	4	0x0082	1	8	16
10734					0
10737	4	0x0082	0	8	16
10738					0
10741	4	0x0082	0	8	16
10742					0
10745	4	0x0082	1	8	16
10746					0
10749	4	0x0082	1	8	16
10750					0
10753	4	0x0082	0	8	16
10754					0
10757	4	0x0082	0	8	16
10758					0
10761	4	0x0082	1	8	16
10762					0
10765	4	0x0082	1	8	16
10766					0
10769	4	0x0082	1	8	16
10770					0
10773	4	0x0082	0	8	16
10774					0
10777	4	0x0082	0	8	16
10778					0
10781	4	0x0082	1	8	16
10782					0
10785	4	0x0082	1	8	16
10786					0
10789	4	0x0082	0	8	16
10790					0
10793	4	0x0082	0	8	16
10794					0
10797	4	0x0082	1	8	16
10798					0
10801	4	0x0082	1	8	16
10802					0
10805	4	0x0082	0	8	16
10806					0
10809	4	0x0082	0	8	16
10810					0
10813	4	0x0082	1	8	16
10814					0
10817	4	0x0082	1	8	16
10818					0
10821	4	0x0082	0	8	16
10822					0
10825	4	0x0082	0	8	16
10826					0
10829	4	0x0082	1	8	16
10830					0
10833	4	0x0082	1	8	16
10834					0
10837	4	0x0082	0	8	16
10838					0
10841	4	0x0082	0	8	16
10842					0
10845	4	0x0082	1	8	16
10846					0
10849	4	0x0082	1	8	16
10850					0
10853	4	0x0082	0	8	16
10854					0
10857	4	0x0082	0	8	16
10858					0
10861	4	0x0082	1	8	16
10862					0
10865	4	0x0082	1	8	16
10866					0
10869	4	0x0082	0	8	16
10870					0
10873	4	0x0082	0	8	16
10874					0
10877	4	0x0082	1	8	16
10878					0
10881	4	0x0082	1	8	16
10882					0
10885	4	0x0082	0	8	16
10886					0
10889	4	0x0082	0	8	16
10890					0
10893	4	0x0082	1	8	16
10894					0
10897	4	0x0082	1	8	16
10898					0
10901	4	0x0082	0	8	16
10902					0
10905	4	0x0082	0	8	16
10906					0
10909	4	0x0082	1	8	16
10910					0
10913	4	0x0082	1	8	16
10914					0
10917	4	0x0082	0	8	16
10918					0
10921	4	0x0082	0	8	16
10922					0
10925	4	0x0082	1	8	16
10926					0
10929	4	0x0082	1	8	16
10930					0
10933	4	0x0082	0	8	16
10934					0
10937	4	0x0082	0	8	16
10938					0
10941	4	0x0082	1	8	16
10942					0
10945	4	0x0082	1	8	16
10946					0
10949	4	0x0082	0	8	16
10950					0
10953	4	0x0082	0	8	16
10954					0
10957	4	0x0082	1	8	16
10958					0
10961	4	0x0082	1	8	16
10962					0
10965	4	0x0082	0	8	16
10966					0
10969	4	0x0082	0	8	16
10970					0
10973	4	0x0082	1	8	16
10974					0
10977	4	0x0082	1	8	16
10978					0
10981	4	0x0082	0	8	16
10982					0
10985	4	0x0082	0	8	16
10986					0
10989	4	0x0082	1	8	16
10990					0
10993	4	0x0082	1	8	16
10994					0
10997	4	0x0082	0	8	16
10998					0
11001	4	0x0082	0	8	16
11002					0
11005	4	0x0082	1	8	16
11006					0
11009	4	0x0082	1	8	16
11010					0
11013	4	0x0082	0	8	16
11014					0
11017	4	0x0082	0	8	16
11018					0
11021	4	0x0082	1	8	16
11022					0
11025	4	0x0082	1	8	16
11026					0
11029	4	0x0082	0	8	16
11030					0
11033	4	0x0082	0	8	16
11034					0
11037	4	0x0082	1	8	16
11038					0
11041	4	0x0082	1	8	16
11042					0
11045	4	0x0082	0	8	16
11046					0
11049	4	0x0082	0	8	16
11050					0
11053	4	0x0082	1	8	16
11054					0
11057	4	0x0082	1	8	16
11058					0
11061	4	0x0082	0	8	16
11062					0
11065	4	0x0082	0	8	16
11066					0
11069	4	0x0082	1	8	16
11070					0
11073	4	0x0082	1	8	16
11074					0
11077	4	0x0082	0	8	16
11078					0
11081	4	0x0082	0	8	16
11082					0
11085	4	0x0082	1	8	16
11086					0
11089	4	0x0082	1	8	16
11090					0
11093	4	0x0082	0	8	16
11094					0
11097	4	0x0082	0	8	16
11098					0
11101	4	0x0082	1	8	16
11102					0
11105	4	0x0082	1	8	16
11106					0
11109	4	0x0082	0	8	16
11110					0
11113	4	0x0082	0	8	16
11114					0
11117	4	0x0082	1	8	16
11118					0
11121	4	0x0082	1	8	16
11122					0
11125	4	0x0082	0	8	16
11126					0
11129	4	0x0082	0	8	16
11130					0
11133	4	0x0082	1	8	16
11134					0
11137	4	0x0082	1	8	16
11138					0
11141	4	0x0082	0	8	16
11142					0
11145	4	0x0082	0	8	16
11146					0
11149	4	0x0082	1	8	16
11150					0
11153	4	0x0082	1	8	16
11154					0
11157	4	0x0082	0	8	16
11158					0
11161	4	0x0082	0	8	16
11162					0
11165	4	0x0082	1	8	16
11166					0
11169	4	0x0082	1	8	16
11170					0
11173	4	0x0082	0	8	16
11174					0
11177	4	0x0082	0	8	16
11178					0
11181	4	0x0082	1	8	16
11182					0
11185	4	0x0082	1	8	16
11186					0
11189	4	0x0082	0	8	16
11190					0
11193	4	0x0082	0	8	16
11194					0
11197	4	0x0082	1	8	16
11198					0
11201	4	0x0082	1	8	16
11202					0
11205	4	0x0082	0	8	16
11206					0
11209	4	0x0082	0	8	16
11210					0
11213	4	0x0082	1	8	16
11214					0
11217	4	0x0082	1	8	16
11218					0
11221	4	0x0082	0	8	16
11222					0
11225	4	0x0082	0	8	16
11226					0
11229	4	0x0082	1	8	16
11230					0
11233	4	0x0082	1	8	16
11234					0
11237	4	0x0082	0	8	16
11238					0
11241	4	0x0082	0	8	16
11242					0
11245	4	0x0082	1	8	16
11246					0
11249	4	0x0082	1	8	16
11250					0
11253	4	0x0082	0	8	16
11254					0
11257	4	0x0082	0	8	16
11258					0
11261	4	0x0082	1	8	16
11262					0
11265	4	0x0082	1	8	16
11266					0
11269	4	0x0082	0	8	16
11270					0
11273	4	0x0082	0	8	16
11274					0
11277	4	0x0082	1	8	16
11278					0
11281	4	0x0082	1	8	16
11282					0
11285	4	0x0082	1	8	16
11286					0
11289	4	0x0082	0	8	16
11290					0
11293	4	0x0082	0	8	16
11294					0
11297	4	0x0082	1	8	16
11298					0
11301	4	0x0082	1	8	16
11302					0
11305	4	0x0082	0	8	16
11306					0
11309	4	0x0082	0	8	16
11310					0
11313	4	0x0082	1	8	16
11314					0
11317	4	0x0082	1	8	16
11318					0
11321	4	0x0082	0	8	16
11322					0
11325	4	0x0082	0	8	16
11326					0
11329	4	0x0082	1	8	16
11330					0
11333	4	0x0082	1	8	16
11334					0
11337	4	0x0082	0	8	16
11338					0
11341	4	0x0082	0	8	16
11342					0
11345	4	0x0082	1	8	16
11346					0
11349	4	0x0082	1	8	16
11350					0
11353	4	0x0082	0	8	16
11354					0
11357	4	0x0082	0	8	16
11358					0
11361	4	0x0082	1	8	16
11362					0
11365	4	0x0082	1	8	16
11366					0
11369	4	0x0082	0	8	16
11370					0
11373	4	0x0082	0	8	16
11374					0
11377	4	0x0082	1	8	16
11378					0
11381	4	0x0082	1	8	16
11382					0
11385	4	0x0082	0	8	16
11386					0
11389	4	0x0082	0	8	16
11390					0
11393	4	0x0082	1	8	16
11394					0
11397	4	0x0082	1	8	16
11398					0
11401	4	0x0082	0	8	16
11402					0
11405	4	0x0082	0	8	16
11406					0
11409	4	0x0082	1	8	16
11410					0
11413	4	0x0082	1	8	16
11414					0
11417	4	0x0082	0	8	16
11418					0
11421	4	0x0082	0	8	16
11422					0
11425	4	0x0082	1	8	16
11426					0
11429	4	0x0082	1	8	16
11430					0
11433	4	0x0082	0	8	16
11434					0
11437	4	0x0082	0	8	16
11438					0
11441	4	0x0082	1	8	16
11442					0
11445	4	0x0082	1	8	16
11446					0
11449	4	0x0082	0	8	16
11450					0
11453	4	0x0082	0	8	16
11454					0
11457	4	0x0082	1	8	16
11458					0
11461	4	0x0082	1	8	16
11462					0
11465	4	0x0082	0	8	16
11466					0
11469	4	0x0082	0	8	16
11470					0
11473	4	0x0082	1	8	16
11474					0
11477	4	0x0082	1	8	16
11478					0
11481	4	0x0082	0	8	16
11482					0
11485	4	0x0082	0	8	16
11486					0
11489	4	0x0082	1	8	16
11490					0
11493	4	0x0082	1	8	16
11494					0
11497	4	0x0082	0	8	16
11498					0
11501	4	0x0082	0	8	16
11502					0
11505	4	0x0082	1	8	16
11506					0
11509	4	0x0082	1	8	16
11510					0
11513	4	0x0082	0	8	16
11514					0
11517	4	0x0082	0	8	16
11518					0
11521	4	0x0082	1	8	16
11522					0
11525	4	0x0082	1	8	16
11526					0
11529	4	0x0082	0	8	16
11530					0
11533	4	0x0082	0	8	16
11534					0
11537	4	0x0082	1	8	16
11538					0
11541	4	0x0082	1	8	16
11542					0
11545	4	0x0082	0	8	16
11546					0
11549	4	0x0082	0	8	16
11550					0
11553	4	0x0082	1	8	16
11554					0
11557	4	0x0082	1	8	16
11558					0
11561	4	0x0082	0	8	16
11562					0
11565	4	0x0082	0	8	16
11566					0
11569	4	0x0082	1	8	16
11570					0
11573	4	0x0082	1	8	16
11574					0
11577	4	0x0082	0	8	16
11578					0
11581	4	0x0082	0	8	16
11582					0
11585	4	0x0082	1	8	16
11586					0
11589	4	0x0082	1	8	16
11590					0
11593	4	0x0082	0	8	16
11594					0
11597	4	0x0082	0	8	16
11598					0
11601	4	0x0082	1	8	16
11602					0
11605	4	0x0082	1	8	16
11606					0
11609	4	0x0082	0	8	16
11610					0
11613	4	0x0082	0	8	16
11614					0
11617	4	0x0082	1	8	16
11618					0
11621	4	0x0082	1	8	16
11622					0
11625	4	0x0082	0	8	16
11626					0
11629	4	0x0082	0	8	16
11630					0
11633	4	0x0082	1	8	16
11634					0
11637	4	0x0082	1	8	16
11638					0
11641	4	0x0082	0	8	16
11642					0
11645	4	0x0082	0	8	16
11646					0
11649	4	0x0082	1	8	16
11650					0
11653	4	0x0082	1	8	16
11654					0
11657	4	0x0082	0	8	16
11658					0
11661	4	0x0082	0	8	16
11662					0
11665	4	0x0082	1	8	16
11666					0
11669	4	0x0082	1	8	16
11670					0
11673	4	0x0082	0	8	16
11674					0
11677	4	0x0082	0	8	16
11678					0
11681	4	0x0082	1	8	16
11682					0
11685	4	0x0082	1	8	16
11686					0
11689	4	0x0082	0	8	16
11690					0
11693	4	0x0082	0	8	16
11694					0
11697	4	0x0082	1	8	16
11698					0
11701	4	0x0082	1	8	16
11702					0
11705	4	0x0082	0	8	16
11706					0
11709	4	0x0082	0	8	16
11710					0
11713	4	0x0082	1	8	16
11714					0
11717	4	0x0082	1	8	16
11718					0
11721	4	0x0082	0	8	16
11722					0
11725	4	0x0082	0	8	16
11726					0
11729	4	0x0082	1	8	16
11730					0
11733	4	0x0082	1	8	16
11734					0
11737	4	0x0082	0	8	16
11738					0
11741	4	0x0082	0	8	16
11742					0
11745	4	0x0082	1	8	16
11746					0
11749	4	0x0082	1	8	16
11750					0
11753	4	0x0082	0	8	16
11754					0
11757	4	0x0082	0	8	16
11758					0
11761	4	0x0082	1	8	16
11762					0
11765	4	0x0082	1	8	16
11766					0
11769	4	0x0082	0	8	16
11770					0
11773	4	0x0082	0	8	16
11774					0
11777	4	0x0082	1	8	16
11778					0
11781	4	0x0082	1	8	16
11782					0
11785	4	0x0082	0	8	16
11786					0
11789	4	0x0082	0	8	16
11790					0
11793	4	0x0082	1	8	16
11794					0
11797	4	0x0084	57952	16	8
11798					16
11799	4	0x0083	0	36	44
11800					0
11801	4	0x0082	1	8	16
11802					0
11805	4	0x0082	1	8	16
11806					0
11809	4	0x0082	1	8	16
11810					0
11813	4	0x0083	0	2	10
11814					0
11815	4	0x0083	0	2	10
11816					0
11817	4	0x0083	0	2	10
11818					0
11819	4	0x0083	0	2	10
11820					0
11821	4	0x0083	0	2	10
11822					0
11823	4	0x0083	0	2	10
11824					0
11825	4	0x0083	0	2	10
11826					0
11827	4	0x0083	0	2	10
11828					0
11829	4	0x008e	290	64	8
11830					64
11831	4	0x008e	16418	64	8
11832					64
11833	4	0x008e	32546	64	8
11834					64
11835	4	0x008e	48674	64	8
11836					64
11837	4	0x008e	64802	4	8
11838					4
11839	4	0x008e	16674	2	8
11840					2
11841	4	0x0083	0	2	10
11842					0
11843	4	0x0083	0	2	10
11844					0
11845	4	0x0083	0	2	10
11846					0
11847	4	0x008e	290	64	8
11848					64
11849	4	0x008e	16418	64	8
11850					64
11851	4	0x008e	32546	64	8
11852					64
11853	4	0x008e	48674	64	8
11854					64
11855	4	0x008e	64802	4	8
11856					4
11857	4	0x008e	16674	2	8
11858					2
11859	4	0x0083	0	2	10
11860					0
11861	4	0x0083	0	2	10
11862					0
11863	4	0x0083	0	2	10
11864					0
11865	4	0x0083	0	2	10
11866					0
11867	4	0x0083	0	2	10
11868					0
11869	4	0x0083	0	2	10
11870					0
11871	4	0x0083	0	2	10
11872					0
11873	4	0x0082	1	8	16
11874					0
11877	4	0x0082	1	8	16
11878					0
11881	4	0x0082	1	8	16
11882					0
11885	4	0x008e	16674	2	8
11886					2
11887	12	0x008e	28	1	8
11888					1
11889	4	0x008e	18466	4	8
11890					4
11891	4	0x0083	0	40	48
11892					0
11893	4	0x0083	0	10	18
11894					0
11895	4	0x0083	0	2	10
11896					0
11897	4	0x0083	0	2	10
11898					0
11899	4	0x0082	1	8	16
11900					0
11903	4	0x0082	1	8	16
11904					0
11907	4	0x0083	0	6	14
11908					0
11909	4	0x0083	0	4	12
11910					0
11911	4	0x0083	0	4	12
11912					0
11913	4	0x0083	0	4	12
11914					0
11915	4	0x0083	0	2	10
11916					0
11917	4	0x0083	0	2	10
11918					0
11919	4	0x0083	0	2	10
11920					0
11921	4	0x0083	0	2	10
11922					0
11923	4	0x0083	0	2	10
11924					0
11925	4	0x0082	1	8	16
11926					0
11929	4	0x0083	0	46	54
11930					0
11931	4	0x0083	0	2	10
11932					0
11933	4	0x0083	0	2	10
11934					0
11935	4	0x008e	16418	3	8
11936					3
11937	4	0x0083	0	2	10
11938					0
11939	4	0x0083	0	16	24
11940					0
11941	4	0x0083	0	2	10
11942					0
11943	4	0x0083	0	2	10
11944					0
11945	4	0x0083	0	2	10
11946					0
11947	4	0x0083	0	2	10
11948					0
11949	4	0x0083	0	2	10
11950					0
11951	4	0x0083	0	2	10
11952					0
11953	4	0x0083	0	2	10
11954					0
11955	4	0x0083	0	2	10
11956					0
11957	4	0x008e	290	64	8
11958					64
11959	4	0x008e	16418	64	8
11960					64
11961	4	0x008e	32546	64	8
11962					64
11963	4	0x008e	48674	64	8
11964					64
11965	4	0x008e	64802	4	8
11966					4
11967	4	0x008e	16674	2	8
11968					2
11969	4	0x008e	16418	3	8
11970					3
11971	4	0x008e	16930	4	8
11972					4
11973	4	0x0082	0	8	16
11974					0
11979	4	0x008e	16418	2	8
11980					2
11981	4	0x008e	290	64	8
11982					64
11983	4	0x008e	16418	64	8
11984					64
11985	4	0x008e	32546	64	8
11986					64
11987	4	0x008e	48674	64	8
11988					64
11989	4	0x008e	64802	4	8
11990					4
11991	4	0x008e	16674	2	8
11992					2
11993	4	0x0082	0	8	16
11994					0
11999	4	0x008e	16418	2	8
12000					2
12001	4	0x008e	290	64	8
12002					64
12003	4	0x008e	16418	64	8
12004					64
12005	4	0x008e	32546	64	8
12006					64
12007	4	0x008e	48674	64	8
12008					64
12009	4	0x008e	64802	4	8
12010					4
12011	4	0x008e	16674	2	8
12012					2
12013	4	0x0082	0	8	16
12014					0
12019	4	0x008e	16418	2	8
12020					2
12021	4	0x008e	290	64	8
12022					64
12023	4	0x008e	16418	64	8
12024					64
12025	4	0x008e	32546	64	8
12026					64
12027	4	0x008e	48674	64	8
12028					64
12029	4	0x008e	64802	4	8
12030					4
12031	4	0x008e	16674	2	8
12032					2
12033	4	0x0082	0	8	16
12034					0
12039	4	0x008e	16418	2	8
12040					2
12041	4	0x008e	290	64	8
12042					64
12043	4	0x008e	16418	64	8
12044					64
12045	4	0x008e	32546	64	8
12046					64
12047	4	0x008e	48674	64	8
12048					64
12049	4	0x008e	64802	4	8
12050					4
12051	4	0x008e	16674	2	8
12052					2
12053	4	0x0082	0	8	16
12054					0
12059	4	0x008e	16418	2	8
12060					2
12061	4	0x008e	290	64	8
12062					64
12063	4	0x008e	16418	64	8
12064					64
12065	4	0x008e	32546	64	8
12066					64
12067	4	0x008e	48674	64	8
12068					64
12069	4	0x008e	64802	4	8
12070					4
12071	4	0x008e	16674	2	8
12072					2
12073	4	0x0082	0	8	16
12074					0
12079	4	0x008e	16418	2	8
12080					2
12081	4	0x008e	290	64	8
12082					64
12083	4	0x008e	16418	64	8
12084					64
12085	4	0x008e	32546	64	8
12086					64
12087	4	0x008e	48674	64	8
12088					64
12089	4	0x008e	64802	4	8
12090					4
12091	4	0x008e	16674	2	8
12092					2
12093	4	0x0082	0	8	16
12094					0
12099	4	0x008e	16418	2	8
12100					2
12101	4	0x008e	290	64	8
12102					64
12103	4	0x008e	16418	64	8
12104					64
12105	4	0x008e	32546	64	8
12106					64
12107	4	0x008e	48674	64	8
12108					64
12109	4	0x008e	64802	4	8
12110					4
12111	4	0x008e	16674	2	8
12112					2
12113	4	0x0082	0	8	16
12114					0
12119	4	0x008e	16418	2	8
12120					2
12121	4	0x008e	290	64	8
12122					64
12123	4	0x008e	16418	64	8
12124					64
12125	4	0x008e	32546	64	8
12126					64
12127	4	0x008e	48674	64	8
12128					64
12129	4	0x008e	64802	4	8
12130					4
12131	4	0x008e	16674	2	8
12132					2
12133	4	0x0082	0	8	16
12134					0
12139	4	0x008e	16418	2	8
12140					2
12141	4	0x008e	290	64	8
12142					64
12143	4	0x008e	16418	64	8
12144					64
12145	4	0x008e	32546	64	8
12146					64
12147	4	0x008e	48674	64	8
12148					64
12149	4	0x008e	64802	4	8
12150					4
12151	4	0x008e	16674	2	8
12152					2
12153	4	0x0082	0	8	16
12154					0
12159	4	0x008e	16418	2	8
12160					2
12161	4	0x008e	290	64	8
12162					64
12163	4	0x008e	16418	64	8
12164					64
12165	4	0x008e	32546	64	8
12166					64
12167	4	0x008e	48674	64	8
12168					64
12169	4	0x008e	64802	4	8
12170					4
12171	4	0x008e	16674	2	8
12172					2
12173	4	0x0082	0	8	16
12174					0
12179	4	0x008e	16418	2	8
12180					2
12181	4	0x008e	290	64	8
12182					64
12183	4	0x008e	16418	64	8
12184					64
12185	4	0x008e	32546	64	8
12186					64
12187	4	0x008e	48674	64	8
12188					64
12189	4	0x008e	64802	4	8
12190					4
12191	4	0x008e	16674	2	8
12192					2
12193	4	0x0082	0	8	16
12194					0
12199	4	0x008e	16418	2	8
12200					2
12201	4	0x008e	290	64	8
12202					64
12203	4	0x008e	16418	64	8
12204					64
12205	4	0x008e	32546	64	8
12206					64
12207	4	0x008e	48674	64	8
12208					64
12209	4	0x008e	64802	4	8
12210					4
12211	4	0x008e	16674	2	8
12212					2
12213	4	0x0082	0	8	16
12214					0
12219	4	0x008e	16418	2	8
12220					2
12221	4	0x008e	290	64	8
12222					64
12223	4	0x008e	16418	64	8
12224					64
12225	4	0x008e	32546	64	8
12226					64
12227	4	0x008e	48674	64	8
12228					64
12229	4	0x008e	64802	4	8
12230					4
12231	4	0x008e	16674	2	8
12232					2
12233	4	0x0082	0	8	16
12234					0
12239	4	0x008e	16418	2	8
12240					2
12241	4	0x008e	290	64	8
12242					64
12243	4	0x008e	16418	64	8
12244					64
12245	4	0x008e	32546	64	8
12246					64
12247	4	0x008e	48674	64	8
12248					64
12249	4	0x008e	64802	4	8
12250					4
12251	4	0x008e	16674	2	8
12252					2
12253	4	0x0082	0	8	16
12254					0
12259	4	0x008e	16418	2	8
12260					2
12261	4	0x008e	290	64	8
12262					64
12263	4	0x008e	16418	64	8
12264					64
12265	4	0x008e	32546	64	8
12266					64
12267	4	0x008e	48674	64	8
12268					64
12269	4	0x008e	64802	4	8
12270					4
12271	4	0x008e	16674	2	8
12272					2
12273	4	0x0082	0	8	16
12274					0
12279	4	0x008e	16418	2	8
12280					2
12281	4	0x008e	290	64	8
12282					64
12283	4	0x008e	16418	64	8
12284					64
12285	4	0x008e	32546	64	8
12286					64
12287	4	0x008e	48674	64	8
12288					64
12289	4	0x008e	64802	4	8
12290					4
12291	4	0x008e	16674	2	8
12292					2
12293	4	0x0082	0	8	16
12294					0
12299	4	0x008e	16418	2	8
12300					2
12301	4	0x008e	290	64	8
12302					64
12303	4	0x008e	16418	64	8
12304					64
12305	4	0x008e	32546	64	8
12306					64
12307	4	0x008e	48674	64	8
12308					64
12309	4	0x008e	64802	4	8
12310					4
12311	4	0x008e	16674	2	8
12312					2
12313	4	0x0082	0	8	16
12314					0
12319	4	0x008e	16418	2	8
12320					2
12321	4	0x008e	290	64	8
12322					64
12323	4	0x008e	16418	64	8
12324					64
12325	4	0x008e	32546	64	8
12326					64
12327	4	0x008e	48674	64	8
12328					64
12329	4	0x008e	64802	4	8
12330					4
12331	4	0x008e	16674	2	8
12332					2
12333	4	0x0082	0	8	16
12334					0
12339	4	0x008e	16418	2	8
12340					2
12341	4	0x008e	290	64	8
12342					64
12343	4	0x008e	16418	64	8
12344					64
12345	4	0x008e	32546	64	8
12346					64
12347	4	0x008e	48674	64	8
12348					64
12349	4	0x008e	64802	4	8
12350					4
12351	4	0x008e	16674	2	8
12352					2
12353	4	0x0082	0	8	16
12354					0
12359	4	0x008e	16418	2	8
12360					2
12361	4	0x008e	290	64	8
12362					64
12363	4	0x008e	16418	64	8
12364					64
12365	4	0x008e	32546	64	8
12366					64
12367	4	0x008e	48674	64	8
12368					64
12369	4	0x008e	64802	4	8
12370					4
12371	4	0x008e	16674	2	8
12372					2
12373	4	0x0082	0	8	16
12374					0
12379	4	0x008e	16418	2	8
12380					2
12381	4	0x008e	290	64	8
12382					64
12383	4	0x008e	16418	64	8
12384					64
12385	4	0x008e	32546	64	8
12386					64
12387	4	0x008e	48674	64	8
12388					64
12389	4	0x008e	64802	4	8
12390					4
12391	4	0x008e	16674	2	8
12392					2
12393	4	0x0082	0	8	16
12394					0
12399	4	0x008e	16418	2	8
12400					2
12401	4	0x008e	290	64	8
12402					64
12403	4	0x008e	16418	64	8
12404					64
12405	4	0x008e	32546	64	8
12406					64
12407	4	0x008e	48674	64	8
12408					64
12409	4	0x008e	64802	4	8
12410					4
12411	4	0x008e	16674	2	8
12412					2
12413	4	0x0082	0	8	16
12414					0
12419	4	0x008e	16418	2	8
12420					2
12421	4	0x008e	290	64	8
12422					64
12423	4	0x008e	16418	64	8
12424					64
12425	4	0x008e	32546	64	8
12426					64
12427	4	0x008e	48674	64	8
12428					64
12429	4	0x008e	64802	4	8
12430					4
12431	4	0x008e	16674	2	8
12432					2
12433	4	0x0082	0	8	16
12434					0
12439	4	0x008e	16418	2	8
12440					2
12441	4	0x008e	290	64	8
12442					64
12443	4	0x008e	16418	64	8
12444					64
12445	4	0x008e	32546	64	8
12446					64
12447	4	0x008e	48674	64	8
12448					64
12449	4	0x008e	64802	4	8
12450					4
12451	4	0x008e	16674	2	8
12452					2
12453	4	0x0082	0	8	16
12454					0
12459	4	0x008e	16418	2	8
12460					2
12461	4	0x008e	290	64	8
12462					64
12463	4	0x008e	16418	64	8
12464					64
12465	4	0x008e	32546	64	8
12466					64
12467	4	0x008e	48674	64	8
12468					64
12469	4	0x008e	64802	4	8
12470					4
12471	4	0x008e	16674	2	8
12472					2
12473	4	0x0082	0	8	16
12474					0
12479	4	0x008e	16418	2	8
12480					2
12481	4	0x008e	290	64	8
12482					64
12483	4	0x008e	16418	64	8
12484					64
12485	4	0x008e	32546	64	8
12486					64
12487	4	0x008e	48674	64	8
12488					64
12489	4	0x008e	64802	4	8
12490					4
12491	4	0x008e	16674	2	8
12492					2
12493	4	0x0082	0	8	16
12494					0
12499	4	0x008e	16418	2	8
12500					2
12501	4	0x008e	290	64	8
12502					64
12503	4	0x008e	16418	64	8
12504					64
12505	4	0x008e	32546	64	8
12506					64
12507	4	0x008e	48674	64	8
12508					64
12509	4	0x008e	64802	4	8
12510					4
12511	4	0x008e	16674	2	8
12512					2
12513	4	0x0082	0	8	16
12514					0
12519	4	0x008e	16418	2	8
12520					2
12521	4	0x008e	290	64	8
12522					64
12523	4	0x008e	16418	64	8
12524					64
12525	4	0x008e	32546	64	8
12526					64
12527	4	0x008e	48674	64	8
12528					64
12529	4	0x008e	64802	4	8
12530					4
12531	4	0x008e	16674	2	8
12532					2
12533	4	0x0082	0	8	16
12534					0
12539	4	0x008e	16418	2	8
12540					2
12541	4	0x008e	290	64	8
12542					64
12543	4	0x008e	16418	64	8
12544					64
12545	4	0x008e	32546	64	8
12546					64
12547	4	0x008e	48674	64	8
12548					64
12549	4	0x008e	64802	4	8
12550					4
12551	4	0x008e	16674	2	8
12552					2
12553	4	0x0082	0	8	16
12554					0
12559	4	0x008e	16418	2	8
12560					2
12561	4	0x008e	290	64	8
12562					64
12563	4	0x008e	16418	64	8
12564					64
12565	4	0x008e	32546	64	8
12566					64
12567	4	0x008e	48674	64	8
12568					64
12569	4	0x008e	64802	4	8
12570					4
12571	4	0x008e	16674	2	8
12572					2
12573	4	0x0082	0	8	16
12574					0
12579	4	0x008e	16418	2	8
12580					2
12581	4	0x008e	290	64	8
12582					64
12583	4	0x008e	16418	64	8
12584					64
12585	4	0x008e	32546	64	8
12586					64
12587	4	0x008e	48674	64	8
12588					64
12589	4	0x008e	64802	4	8
12590					4
12591	4	0x008e	16674	2	8
12592					2
12593	4	0x0082	0	8	16
12594					0
12599	4	0x008e	16418	2	8
12600					2
12601	4	0x008e	290	64	8
12602					64
12603	4	0x008e	16418	64	8
12604					64
12605	4	0x008e	32546	64	8
12606					64
12607	4	0x008e	48674	64	8
12608					64
12609	4	0x008e	64802	4	8
12610					4
12611	4	0x008e	16674	2	8
12612					2
12613	4	0x0082	0	8	16
12614					0
12619	4	0x008e	16418	2	8
12620					2
12621	4	0x008e	290	64	8
12622					64
12623	4	0x008e	16418	64	8
12624					64
12625	4	0x008e	32546	64	8
12626					64
12627	4	0x008e	48674	64	8
12628					64
12629	4	0x008e	64802	4	8
12630					4
12631	4	0x008e	16674	2	8
12632					2
12633	4	0x0082	0	8	16
12634					0
12639	4	0x008e	16418	2	8
12640					2
12641	4	0x008e	290	64	8
12642					64
12643	4	0x008e	16418	64	8
12644					64
12645	4	0x008e	32546	64	8
12646					64
12647	4	0x008e	48674	64	8
12648					64
12649	4	0x008e	64802	4	8
12650					4
12651	4	0x008e	16674	2	8
12652					2
12653	4	0x0082	0	8	16
12654					0
12659	4	0x008e	16418	2	8
12660					2
12661	4	0x008e	290	64	8
12662					64
12663	4	0x008e	16418	64	8
12664					64
12665	4	0x008e	32546	64	8
12666					64
12667	4	0x008e	48674	64	8
12668					64
12669	4	0x008e	64802	4	8
12670					4
12671	4	0x008e	16674	2	8
12672					2
12673	4	0x0082	0	8	16
12674					0
12679	4	0x008e	16418	2	8
12680					2
12681	4	0x008e	290	64	8
12682					64
12683	4	0x008e	16418	64	8
12684					64
12685	4	0x008e	32546	64	8
12686					64
12687	4	0x008e	48674	64	8
12688					64
12689	4	0x008e	64802	4	8
12690					4
12691	4	0x008e	16674	2	8
12692					2
12693	4	0x0082	0	8	16
12694					0
12699	4	0x008e	16418	2	8
12700					2
12701	4	0x008e	290	64	8
12702					64
12703	4	0x008e	16418	64	8
12704					64
12705	4	0x008e	32546	64	8
12706					64
12707	4	0x008e	48674	64	8
12708					64
12709	4	0x008e	64802	4	8
12710					4
12711	4	0x008e	16674	2	8
12712					2
12713	4	0x0082	0	8	16
12714					0
12719	4	0x008e	16418	2	8
12720					2
12721	4	0x008e	290	64	8
12722					64
12723	4	0x008e	16418	64	8
12724					64
12725	4	0x008e	32546	64	8
12726					64
12727	4	0x008e	48674	64	8
12728					64
12729	4	0x008e	64802	4	8
12730					4
12731	4	0x008e	16674	2	8
12732					2
12733	4	0x0082	0	8	16
12734					0
12739	4	0x008e	16418	2	8
12740					2
12741	4	0x008e	290	64	8
12742					64
12743	4	0x008e	16418	64	8
12744					64
12745	4	0x008e	32546	64	8
12746					64
12747	4	0x008e	48674	64	8
12748					64
12749	4	0x008e	64802	4	8
12750					4
12751	4	0x008e	16674	2	8
12752					2
12753	4	0x0082	0	8	16
12754					0
12759	4	0x008e	16418	2	8
12760					2
12761	4	0x008e	290	64	8
12762					64
12763	4	0x008e	16418	64	8
12764					64
12765	4	0x008e	32546	64	8
12766					64
12767	4	0x008e	48674	64	8
12768					64
12769	4	0x008e	64802	4	8
12770					4
12771	4	0x008e	16674	2	8
12772					2
12773	4	0x0082	0	8	16
12774					0
12779	4	0x008e	16418	2	8
12780					2
12781	4	0x008e	290	64	8
12782					64
12783	4	0x008e	16418	64	8
12784					64
12785	4	0x008e	32546	64	8
12786					64
12787	4	0x008e	48674	64	8
12788					64
12789	4	0x008e	64802	4	8
12790					4
12791	4	0x008e	16674	2	8
12792					2
12793	4	0x0082	0	8	16
12794					0
12799	4	0x008e	16418	2	8
12800					2
12801	4	0x008e	290	64	8
12802					64
12803	4	0x008e	16418	64	8
12804					64
12805	4	0x008e	32546	64	8
12806					64
12807	4	0x008e	48674	64	8
12808					64
12809	4	0x008e	64802	4	8
12810					4
12811	4	0x008e	16674	2	8
12812					2
12813	4	0x0082	0	8	16
12814					0
12819	4	0x008e	16418	2	8
12820					2
12821	4	0x008e	290	64	8
12822					64
12823	4	0x008e	16418	64	8
12824					64
12825	4	0x008e	32546	64	8
12826					64
12827	4	0x008e	48674	64	8
12828					64
12829	4	0x008e	64802	4	8
12830					4
12831	4	0x008e	16674	2	8
12832					2
12833	4	0x0082	0	8	16
12834					0
12839	4	0x008e	16418	2	8
12840					2
12841	4	0x008e	290	64	8
12842					64
12843	4	0x008e	16418	64	8
12844					64
12845	4	0x008e	32546	64	8
12846					64
12847	4	0x008e	48674	64	8
12848					64
12849	4	0x008e	64802	4	8
12850					4
12851	4	0x008e	16674	2	8
12852					2
12853	4	0x0082	0	8	16
12854					0
12859	4	0x008e	16418	2	8
12860					2
12861	4	0x008e	290	64	8
12862					64
12863	4	0x008e	16418	64	8
12864					64
12865	4	0x008e	32546	64	8
12866					64
12867	4	0x008e	48674	64	8
12868					64
12869	4	0x008e	64802	4	8
12870					4
12871	4	0x008e	16674	2	8
12872					2
12873	4	0x0082	0	8	16
12874					0
12879	4	0x008e	16418	2	8
12880					2
12881	4	0x008e	290	64	8
12882					64
12883	4	0x008e	16418	64	8
12884					64
12885	4	0x008e	32546	64	8
12886					64
12887	4	0x008e	48674	64	8
12888					64
12889	4	0x008e	64802	4	8
12890					4
12891	4	0x008e	16674	2	8
12892					2
12893	4	0x0082	0	8	16
12894					0
12899	4	0x008e	16418	2	8
12900					2
12901	4	0x008e	290	64	8
12902					64
12903	4	0x008e	16418	64	8
12904					64
12905	4	0x008e	32546	64	8
12906					64
12907	4	0x008e	48674	64	8
12908					64
12909	4	0x008e	64802	4	8
12910					4
12911	4	0x008e	16674	2	8
12912					2
12913	4	0x0082	0	8	16
12914					0
12919	4	0x008e	16418	2	8
12920					2
12921	4	0x008e	290	64	8
12922					64
12923	4	0x008e	16418	64	8
12924					64
12925	4	0x008e	32546	64	8
12926					64
12927	4	0x008e	48674	64	8
12928					64
12929	4	0x008e	64802	4	8
12930					4
12931	4	0x008e	16674	2	8
12932					2
12933	4	0x0082	0	8	16
12934					0
12939	4	0x008e	16418	2	8
12940					2
12941	4	0x008e	290	64	8
12942					64
12943	4	0x008e	16418	64	8
12944					64
12945	4	0x008e	32546	64	8
12946					64
12947	4	0x008e	48674	64	8
12948					64
12949	4	0x008e	64802	4	8
12950					4
12951	4	0x008e	16674	2	8
12952					2
12953	4	0x0082	0	8	16
12954					0
12959	4	0x008e	16418	2	8
12960					2
12961	4	0x008e	290	64	8
12962					64
12963	4	0x008e	16418	64	8
12964					64
12965	4	0x008e	32546	64	8
12966					64
12967	4	0x008e	48674	64	8
12968					64
12969	4	0x008e	64802	4	8
12970					4
12971	4	0x008e	16674	2	8
12972					2
12973	4	0x0082	0	8	16
12974					0
12979	4	0x008e	16418	2	8
12980					2
12981	4	0x008e	290	64	8
12982					64
12983	4	0x008e	16418	64	8
12984					64
12985	4	0x008e	32546	64	8
12986					64
12987	4	0x008e	48674	64	8
12988					64
12989	4	0x008e	64802	4	8
12990					4
12991	4	0x008e	16674	2	8
12992					2
12993	4	0x0082	0	8	16
12994					0
12999	4	0x008e	16418	2	8
13000					2
13001	4	0x008e	290	64	8
13002					64
13003	4	0x008e	16418	64	8
13004					64
13005	4	0x008e	32546	64	8
13006					64
13007	4	0x008e	48674	64	8
13008					64
13009	4	0x008e	64802	4	8
13010					4
13011	4	0x008e	16674	2	8
13012					2
13013	4	0x0082	0	8	16
13014					0
13019	4	0x008e	16418	2	8
13020					2
13021	4	0x008e	290	64	8
13022					64
13023	4	0x008e	16418	64	8
13024					64
13025	4	0x008e	32546	64	8
13026					64
13027	4	0x008e	48674	64	8
13028					64
13029	4	0x008e	64802	4	8
13030					4
13031	4	0x008e	16674	2	8
13032					2
13033	4	0x0082	0	8	16
13034					0
13039	4	0x008e	16418	2	8
13040					2
13041	4	0x008e	290	64	8
13042					64
13043	4	0x008e	16418	64	8
13044					64
13045	4	0x008e	32546	64	8
13046					64
13047	4	0x008e	48674	64	8
13048					64
13049	4	0x008e	64802	4	8
13050					4
13051	4	0x008e	16674	2	8
13052					2
13053	4	0x0082	0	8	16
13054					0
13059	4	0x008e	16418	2	8
13060					2
13061	4	0x008e	290	64	8
13062					64
13063	4	0x008e	16418	64	8
13064					64
13065	4	0x008e	32546	64	8
13066					64
13067	4	0x008e	48674	64	8
13068					64
13069	4	0x008e	64802	4	8
13070					4
13071	4	0x008e	16674	2	8
13072					2
13073	4	0x0082	0	8	16
13074					0
13079	4	0x008e	16418	2	8
13080					2
13081	4	0x008e	290	64	8
13082					64
13083	4	0x008e	16418	64	8
13084					64
13085	4	0x008e	32546	64	8
13086					64
13087	4	0x008e	48674	64	8
13088					64
13089	4	0x008e	64802	4	8
13090					4
13091	4	0x008e	16674	2	8
13092					2
13093	4	0x0082	0	8	16
13094					0
13099	4	0x008e	16418	2	8
13100					2
13101	4	0x008e	290	64	8
13102					64
13103	4	0x008e	16418	64	8
13104					64
13105	4	0x008e	32546	64	8
13106					64
13107	4	0x008e	48674	64	8
13108					64
13109	4	0x008e	64802	4	8
13110					4
13111	4	0x008e	16674	2	8
13112					2
13113	4	0x0082	0	8	16
13114					0
13119	4	0x008e	16418	2	8
13120					2
13121	4	0x008e	290	64	8
13122					64
13123	4	0x008e	16418	64	8
13124					64
13125	4	0x008e	32546	64	8
13126					64
13127	4	0x008e	48674	64	8
13128					64
13129	4	0x008e	64802	4	8
13130					4
13131	4	0x008e	16674	2	8
13132					2
13133	4	0x0082	0	8	16
13134					0
13139	4	0x008e	16418	2	8
13140					2
13141	4	0x008e	290	64	8
13142					64
13143	4	0x008e	16418	64	8
13144					64
13145	4	0x008e	32546	64	8
13146					64
13147	4	0x008e	48674	64	8
13148					64
13149	4	0x008e	64802	4	8
13150					4
13151	4	0x008e	16674	2	8
13152					2
13153	4	0x0082	0	8	16
13154					0
13159	4	0x008e	16418	2	8
13160					2
13161	4	0x008e	290	64	8
13162					64
13163	4	0x008e	16418	64	8
13164					64
13165	4	0x008e	32546	64	8
13166					64
13167	4	0x008e	48674	64	8
13168					64
13169	4	0x008e	64802	4	8
13170					4
13171	4	0x008e	16674	2	8
13172					2
13173	4	0x0082	0	8	16
13174					0
13179	4	0x008e	16418	2	8
13180					2
13181	4	0x008e	290	64	8
13182					64
13183	4	0x008e	16418	64	8
13184					64
13185	4	0x008e	32546	64	8
13186					64
13187	4	0x008e	48674	64	8
13188					64
13189	4	0x008e	64802	4	8
13190					4
13191	4	0x008e	16674	2	8
13192					2
13193	4	0x0082	0	8	16
13194					0
13199	4	0x008e	16418	2	8
13200					2
13201	4	0x008e	290	64	8
13202					64
13203	4	0x008e	16418	64	8
13204					64
13205	4	0x008e	32546	64	8
13206					64
13207	4	0x008e	48674	64	8
13208					64
13209	4	0x008e	64802	4	8
13210					4
13211	4	0x008e	16674	2	8
13212					2
13213	4	0x0082	0	8	16
13214					0
13219	4	0x008e	16418	2	8
13220					2
13221	4	0x008e	290	64	8
13222					64
13223	4	0x008e	16418	64	8
13224					64
13225	4	0x008e	32546	64	8
13226					64
13227	4	0x008e	48674	64	8
13228					64
13229	4	0x008e	64802	4	8
13230					4
13231	4	0x008e	16674	2	8
13232					2
13233	4	0x0082	0	8	16
13234					0
13239	4	0x008e	16418	2	8
13240					2
13241	4	0x008e	290	64	8
13242					64
13243	4	0x008e	16418	64	8
13244					64
13245	4	0x008e	32546	64	8
13246					64
13247	4	0x008e	48674	64	8
13248					64
13249	4	0x008e	64802	4	8
13250					4
13251	4	0x008e	16674	2	8
13252					2
13253	4	0x0082	0	8	16
13254					0
13259	4	0x008e	16418	2	8
13260					2
13261	4	0x008e	290	64	8
13262					64
13263	4	0x008e	16418	64	8
13264					64
13265	4	0x008e	32546	64	8
13266					64
13267	4	0x008e	48674	64	8
13268					64
13269	4	0x008e	64802	4	8
13270					4
13271	4	0x008e	16674	2	8
13272					2
13273	4	0x0082	0	8	16
13274					0
13279	4	0x008e	16418	2	8
13280					2
13281	4	0x008e	290	64	8
13282					64
13283	4	0x008e	16418	64	8
13284					64
13285	4	0x008e	32546	64	8
13286					64
13287	4	0x008e	48674	64	8
13288					64
13289	4	0x008e	64802	4	8
13290					4
13291	4	0x008e	16674	2	8
13292					2
13293	4	0x0082	0	8	16
13294					0
13299	4	0x008e	16418	2	8
13300					2
13301	4	0x008e	290	64	8
13302					64
13303	4	0x008e	16418	64	8
13304					64
13305	4	0x008e	32546	64	8
13306					64
13307	4	0x008e	48674	64	8
13308					64
13309	4	0x008e	64802	4	8
13310					4
13311	4	0x008e	16674	2	8
13312					2
13313	4	0x0082	0	8	16
13314					0
13319	4	0x008e	16418	2	8
13320					2
13321	4	0x008e	290	64	8
13322					64
13323	4	0x008e	16418	64	8
13324					64
13325	4	0x008e	32546	64	8
13326					64
13327	4	0x008e	48674	64	8
13328					64
13329	4	0x008e	64802	4	8
13330					4
13331	4	0x008e	16674	2	8
13332					2
13333	4	0x0082	0	8	16
13334					0
13339	4	0x008e	16418	2	8
13340					2
13341	4	0x008e	290	64	8
13342					64
13343	4	0x008e	16418	64	8
13344					64
13345	4	0x008e	32546	64	8
13346					64
13347	4	0x008e	48674	64	8
13348					64
13349	4	0x008e	64802	4	8
13350					4
13351	4	0x008e	16674	2	8
13352					2
13353	4	0x0082	0	8	16
13354					0
13359	4	0x008e	16418	2	8
13360					2
13361	4	0x008e	290	64	8
13362					64
13363	4	0x008e	16418	64	8
13364					64
13365	4	0x008e	32546	64	8
13366					64
13367	4	0x008e	48674	64	8
13368					64
13369	4	0x008e	64802	4	8
13370					4
13371	4	0x008e	16674	2	8
13372					2
13373	4	0x0082	0	8	16
13374					0
13379	4	0x008e	16418	2	8
13380					2
13381	4	0x008e	290	64	8
13382					64
13383	4	0x008e	16418	64	8
13384					64
13385	4	0x008e	32546	64	8
13386					64
13387	4	0x008e	48674	64	8
13388					64
13389	4	0x008e	64802	4	8
13390					4
13391	4	0x008e	16674	2	8
13392					2
13393	4	0x0082	0	8	16
13394					0
13399	4	0x008e	16418	2	8
13400					2
13401	4	0x008e	290	64	8
13402					64
13403	4	0x008e	16418	64	8
13404					64
13405	4	0x008e	32546	64	8
13406					64
13407	4	0x008e	48674	64	8
13408					64
13409	4	0x008e	64802	4	8
13410					4
13411	4	0x008e	16674	2	8
13412					2
13413	4	0x0082	0	8	16
13414					0
13419	4	0x008e	16418	2	8
13420					2
13421	4	0x008e	290	64	8
13422					64
13423	4	0x008e	16418	64	8
13424					64
13425	4	0x008e	32546	64	8
13426					64
13427	4	0x008e	48674	64	8
13428					64
13429	4	0x008e	64802	4	8
13430					4
13431	4	0x008e	16674	2	8
13432					2
13433	4	0x0082	0	8	16
13434					0
13439	4	0x008e	16418	2	8
13440					2
13441	4	0x008e	290	64	8
13442					64
13443	4	0x008e	16418	64	8
13444					64
13445	4	0x008e	32546	64	8
13446					64
13447	4	0x008e	48674	64	8
13448					64
13449	4	0x008e	64802	4	8
13450					4
13451	4	0x008e	16674	2	8
13452					2
13453	4	0x0082	0	8	16
13454					0
13459	4	0x008e	16418	2	8
13460					2
13461	4	0x008e	290	64	8
13462					64
13463	4	0x008e	16418	64	8
13464					64
13465	4	0x008e	32546	64	8
13466					64
13467	4	0x008e	48674	64	8
13468					64
13469	4	0x008e	64802	4	8
13470					4
13471	4	0x008e	16674	2	8
13472					2
13473	4	0x0082	0	8	16
13474					0
13479	4	0x008e	16418	2	8
13480					2
13481	4	0x008e	290	64	8
13482					64
13483	4	0x008e	16418	64	8
13484					64
13485	4	0x008e	32546	64	8
13486					64
13487	4	0x008e	48674	64	8
13488					64
13489	4	0x008e	64802	4	8
13490					4
13491	4	0x008e	16674	2	8
13492					2
13493	4	0x0082	0	8	16
13494					0
13499	4	0x008e	16418	2	8
13500					2
13501	4	0x008e	290	64	8
13502					64
13503	4	0x008e	16418	64	8
13504					64
13505	4	0x008e	32546	64	8
13506					64
13507	4	0x008e	48674	64	8
13508					64
13509	4	0x008e	64802	4	8
13510					4
13511	4	0x008e	16674	2	8
13512					2
13513	4	0x0082	0	8	16
13514					0
13519	4	0x008e	16418	2	8
13520					2
13521	4	0x008e	290	64	8
13522					64
13523	4	0x008e	16418	64	8
13524					64
13525	4	0x008e	32546	64	8
13526					64
13527	4	0x008e	48674	64	8
13528					64
13529	4	0x008e	64802	4	8
13530					4
13531	4	0x008e	16674	2	8
13532					2
13533	4	0x0082	0	8	16
13534					0
13539	4	0x008e	16418	2	8
13540					2
13541	4	0x008e	290	64	8
13542					64
13543	4	0x008e	16418	64	8
13544					64
13545	4	0x008e	32546	64	8
13546					64
13547	4	0x008e	48674	64	8
13548					64
13549	4	0x008e	64802	4	8
13550					4
13551	4	0x008e	16674	2	8
13552					2
13553	4	0x0082	0	8	16
13554					0
13559	4	0x008e	16418	2	8
13560					2
13561	4	0x008e	290	64	8
13562					64
13563	4	0x008e	16418	64	8
13564					64
13565	4	0x008e	32546	64	8
13566					64
13567	4	0x008e	48674	64	8
13568					64
13569	4	0x008e	64802	4	8
13570					4
13571	4	0x008e	16674	2	8
13572					2
13573	4	0x0082	0	8	16
13574					0
13579	4	0x008e	16418	2	8
13580					2
13581	4	0x008e	290	64	8
13582					64
13583	4	0x008e	16418	64	8
13584					64
13585	4	0x008e	32546	64	8
13586					64
13587	4	0x008e	48674	64	8
13588					64
13589	4	0x008e	64802	4	8
13590					4
13591	4	0x008e	16674	2	8
13592					2
13593	4	0x0082	0	8	16
13594					0
13599	4	0x008e	16418	2	8
13600					2
13601	4	0x008e	290	64	8
13602					64
13603	4	0x008e	16418	64	8
13604					64
13605	4	0x008e	32546	64	8
13606					64
13607	4	0x008e	48674	64	8
13608					64
13609	4	0x008e	64802	4	8
13610					4
13611	4	0x008e	16674	2	8
13612					2
13613	4	0x0082	0	8	16
13614					0
13619	4	0x008e	16418	2	8
13620					2
13621	4	0x008e	290	64	8
13622					64
13623	4	0x008e	16418	64	8
13624					64
13625	4	0x008e	32546	64	8
13626					64
13627	4	0x008e	48674	64	8
13628					64
13629	4	0x008e	64802	4	8
13630					4
13631	4	0x008e	16674	2	8
13632					2
13633	4	0x0082	0	8	16
13634					0
13639	4	0x008e	16418	2	8
13640					2
13641	4	0x008e	290	64	8
13642					64
13643	4	0x008e	16418	64	8
13644					64
13645	4	0x008e	32546	64	8
13646					64
13647	4	0x008e	48674	64	8
13648					64
13649	4	0x008e	64802	4	8
13650					4
13651	4	0x008e	16674	2	8
13652					2
13653	4	0x0082	0	8	16
13654					0
13659	4	0x008e	16418	2	8
13660					2
13661	4	0x008e	290	64	8
13662					64
13663	4	0x008e	16418	64	8
13664					64
13665	4	0x008e	32546	64	8
13666					64
13667	4	0x008e	48674	64	8
13668					64
13669	4	0x008e	64802	4	8
13670					4
13671	4	0x008e	16674	2	8
13672					2
13673	4	0x0082	0	8	16
13674					0
13679	4	0x008e	16418	2	8
13680					2
13681	4	0x008e	290	64	8
13682					64
13683	4	0x008e	16418	64	8
13684					64
13685	4	0x008e	32546	64	8
13686					64
13687	4	0x008e	48674	64	8
13688					64
13689	4	0x008e	64802	4	8
13690					4
13691	4	0x008e	16674	2	8
13692					2
13693	4	0x0082	0	8	16
13694					0
13699	4	0x008e	16418	2	8
13700					2
13701	4	0x008e	290	64	8
13702					64
13703	4	0x008e	16418	64	8
13704					64
13705	4	0x008e	32546	64	8
13706					64
13707	4	0x008e	48674	64	8
13708					64
13709	4	0x008e	64802	4	8
13710					4
13711	4	0x008e	16674	2	8
13712					2
13713	4	0x0082	0	8	16
13714					0
13719	4	0x008e	16418	2	8
13720					2
13721	4	0x008e	290	64	8
13722					64
13723	4	0x008e	16418	64	8
13724					64
13725	4	0x008e	32546	64	8
13726					64
13727	4	0x008e	48674	64	8
13728					64
13729	4	0x008e	64802	4	8
13730					4
13731	4	0x008e	16674	2	8
13732					2
13733	4	0x0082	0	8	16
13734					0
13739	4	0x008e	16418	2	8
13740					2
13741	4	0x008e	290	64	8
13742					64
13743	4	0x008e	16418	64	8
13744					64
13745	4	0x008e	32546	64	8
13746					64
13747	4	0x008e	48674	64	8
13748					64
13749	4	0x008e	64802	4	8
13750					4
13751	4	0x008e	16674	2	8
13752					2
13753	4	0x0082	0	8	16
13754					0
13759	4	0x008e	16418	2	8
13760					2
13761	4	0x008e	290	64	8
13762					64
13763	4	0x008e	16418	64	8
13764					64
13765	4	0x008e	32546	64	8
13766					64
13767	4	0x008e	48674	64	8
13768					64
13769	4	0x008e	64802	4	8
13770					4
13771	4	0x008e	16674	2	8
13772					2
13773	4	0x0082	0	8	16
13774					0
13779	4	0x008e	16418	2	8
13780					2
13781	4	0x008e	290	64	8
13782					64
13783	4	0x008e	16418	64	8
13784					64
13785	4	0x008e	32546	64	8
13786					64
13787	4	0x008e	48674	64	8
13788					64
13789	4	0x008e	64802	4	8
13790					4
13791	4	0x008e	16674	2	8
13792					2
13793	4	0x0082	0	8	16
13794					0
13799	4	0x008e	16418	2	8
13800					2
13801	4	0x008e	290	64	8
13802					64
13803	4	0x008e	16418	64	8
13804					64
13805	4	0x008e	32546	64	8
13806					64
13807	4	0x008e	48674	64	8
13808					64
13809	4	0x008e	64802	4	8
13810					4
13811	4	0x008e	16674	2	8
13812					2
13813	4	0x0082	0	8	16
13814					0
13819	4	0x008e	16418	2	8
13820					2
13821	4	0x008e	290	64	8
13822					64
13823	4	0x008e	16418	64	8
13824					64
13825	4	0x008e	32546	64	8
13826					64
13827	4	0x008e	48674	64	8
13828					64
13829	4	0x008e	64802	4	8
13830					4
13831	4	0x008e	16674	2	8
13832					2
13833	4	0x0082	0	8	16
13834					0
13839	4	0x008e	16418	2	8
13840					2
13841	4	0x008e	290	64	8
13842					64
13843	4	0x008e	16418	64	8
13844					64
13845	4	0x008e	32546	64	8
13846					64
13847	4	0x008e	48674	64	8
13848					64
13849	4	0x008e	64802	4	8
13850					4
13851	4	0x008e	16674	2	8
13852					2
13853	4	0x0082	0	8	16
13854					0
13859	4	0x008e	16418	2	8
13860					2
13861	4	0x008e	290	64	8
13862					64
13863	4	0x008e	16418	64	8
13864					64
13865	4	0x008e	32546	64	8
13866					64
13867	4	0x008e	48674	64	8
13868					64
13869	4	0x008e	64802	4	8
13870					4
13871	4	0x008e	16674	2	8
13872					2
13873	4	0x0082	0	8	16
13874					0
13879	4	0x008e	16418	2	8
13880					2
13881	4	0x008e	290	64	8
13882					64
13883	4	0x008e	16418	64	8
13884					64
13885	4	0x008e	32546	64	8
13886					64
13887	4	0x008e	48674	64	8
13888					64
13889	4	0x008e	64802	4	8
13890					4
13891	4	0x008e	16674	2	8
13892					2
13893	4	0x0082	0	8	16
13894					0
13899	4	0x008e	16418	2	8
13900					2
13901	4	0x008e	290	64	8
13902					64
13903	4	0x008e	16418	64	8
13904					64
13905	4	0x008e	32546	64	8
13906					64
13907	4	0x008e	48674	64	8
13908					64
13909	4	0x008e	64802	4	8
13910					4
13911	4	0x008e	16674	2	8
13912					2
13913	4	0x0082	0	8	16
13914					0
13919	4	0x008e	16418	2	8
13920					2
13921	4	0x008e	290	64	8
13922					64
13923	4	0x008e	16418	64	8
13924					64
13925	4	0x008e	32546	64	8
13926					64
13927	4	0x008e	48674	64	8
13928					64
13929	4	0x008e	64802	4	8
13930					4
13931	4	0x008e	16674	2	8
13932					2
13933	4	0x0082	0	8	16
13934					0
13939	4	0x008e	16418	2	8
13940					2
13941	4	0x008e	290	64	8
13942					64
13943	4	0x008e	16418	64	8
13944					64
13945	4	0x008e	32546	64	8
13946					64
13947	4	0x008e	48674	64	8
13948					64
13949	4	0x008e	64802	4	8
13950					4
13951	4	0x008e	16674	2	8
13952					2
13953	4	0x0082	0	8	16
13954					0
13959	4	0x008e	16418	2	8
13960					2
13961	4	0x008e	290	64	8
13962					64
13963	4	0x008e	16418	64	8
13964					64
13965	4	0x008e	32546	64	8
13966					64
13967	4	0x008e	48674	64	8
13968					64
13969	4	0x008e	64802	4	8
13970					4
13971	4	0x008e	16674	2	8
13972					2
13973	4	0x0082	0	8	16
13974					0
13979	4	0x008e	16418	2	8
13980					2
13981	4	0x008e	290	64	8
13982					64
13983	4	0x008e	16418	64	8
13984					64
13985	4	0x008e	32546	64	8
13986					64
13987	4	0x008e	48674	64	8
13988					64
13989	4	0x008e	64802	4	8
13990					4
13991	4	0x008e	16674	2	8
13992					2
13993	4	0x0082	0	8	16
13994					0
13999	4	0x008e	16418	2	8
14000					2
14001	4	0x008e	290	64	8
14002					64
14003	4	0x008e	16418	64	8
14004					64
14005	4	0x008e	32546	64	8
14006					64
14007	4	0x008e	48674	64	8
14008					64
14009	4	0x008e	64802	4	8
14010					4
14011	4	0x008e	16674	2	8
14012					2
14013	4	0x0082	0	8	16
14014					0
14019	4	0x008e	16418	2	8
14020					2
14021	4	0x008e	290	64	8
14022					64
14023	4	0x008e	16418	64	8
14024					64
14025	4	0x008e	32546	64	8
14026					64
14027	4	0x008e	48674	64	8
14028					64
14029	4	0x008e	64802	4	8
14030					4
14031	4	0x008e	16674	2	8
14032					2
14033	4	0x0082	0	8	16
14034					0
14039	4	0x008e	16418	2	8
14040					2
14041	4	0x008e	290	64	8
14042					64
14043	4	0x008e	16418	64	8
14044					64
14045	4	0x008e	32546	64	8
14046					64
14047	4	0x008e	48674	64	8
14048					64
14049	4	0x008e	64802	4	8
14050					4
14051	4	0x008e	16674	2	8
14052					2
14053	4	0x0082	0	8	16
14054					0
14059	4	0x008e	16418	2	8
14060					2
14061	4	0x008e	290	64	8
14062					64
14063	4	0x008e	16418	64	8
14064					64
14065	4	0x008e	32546	64	8
14066					64
14067	4	0x008e	48674	64	8
14068					64
14069	4	0x008e	64802	4	8
14070					4
14071	4	0x008e	16674	2	8
14072					2
14073	4	0x0082	0	8	16
14074					0
14079	4	0x008e	16418	2	8
14080					2
14081	4	0x008e	290	64	8
14082					64
14083	4	0x008e	16418	64	8
14084					64
14085	4	0x008e	32546	64	8
14086					64
14087	4	0x008e	48674	64	8
14088					64
14089	4	0x008e	64802	4	8
14090					4
14091	4	0x008e	16674	2	8
14092					2
14093	4	0x0082	0	8	16
14094					0
14099	4	0x008e	16418	2	8
14100					2
14101	4	0x008e	290	64	8
14102					64
14103	4	0x008e	16418	64	8
14104					64
14105	4	0x008e	32546	64	8
14106					64
14107	4	0x008e	48674	64	8
14108					64
14109	4	0x008e	64802	4	8
14110					4
14111	4	0x008e	16674	2	8
14112					2
14113	4	0x0082	0	8	16
14114					0
14119	4	0x008e	16418	2	8
14120					2
14121	4	0x008e	290	64	8
14122					64
14123	4	0x008e	16418	64	8
14124					64
14125	4	0x008e	32546	64	8
14126					64
14127	4	0x008e	48674	64	8
14128					64
14129	4	0x008e	64802	4	8
14130					4
14131	4	0x008e	16674	2	8
14132					2
14133	4	0x0082	0	8	16
14134					0
14139	4	0x008e	16418	2	8
14140					2
14141	4	0x008e	290	64	8
14142					64
14143	4	0x008e	16418	64	8
14144					64
14145	4	0x008e	32546	64	8
14146					64
14147	4	0x008e	48674	64	8
14148					64
14149	4	0x008e	64802	4	8
14150					4
14151	4	0x008e	16674	2	8
14152					2
14153	4	0x0082	0	8	16
14154					0
14159	4	0x008e	16418	2	8
14160					2
14161	4	0x008e	290	64	8
14162					64
14163	4	0x008e	16418	64	8
14164					64
14165	4	0x008e	32546	64	8
14166					64
14167	4	0x008e	48674	64	8
14168					64
14169	4	0x008e	64802	4	8
14170					4
14171	4	0x008e	16674	2	8
14172					2
14173	4	0x0082	0	8	16
14174					0
14179	4	0x008e	16418	2	8
14180					2
14181	4	0x008e	290	64	8
14182					64
14183	4	0x008e	16418	64	8
14184					64
14185	4	0x008e	32546	64	8
14186					64
14187	4	0x008e	48674	64	8
14188					64
14189	4	0x008e	64802	4	8
14190					4
14191	4	0x008e	16674	2	8
14192					2
14193	4	0x0082	0	8	16
14194					0
14199	4	0x008e	16418	2	8
14200					2
14201	4	0x008e	290	64	8
14202					64
14203	4	0x008e	16418	64	8
14204					64
14205	4	0x008e	32546	64	8
14206					64
14207	4	0x008e	48674	64	8
14208					64
14209	4	0x008e	64802	4	8
14210					4
14211	4	0x008e	16674	2	8
14212					2
14213	4	0x0082	0	8	16
14214					0
14219	4	0x008e	16418	2	8
14220					2
14221	4	0x008e	290	64	8
14222					64
14223	4	0x008e	16418	64	8
14224					64
14225	4	0x008e	32546	64	8
14226					64
14227	4	0x008e	48674	64	8
14228					64
14229	4	0x008e	64802	4	8
14230					4
14231	4	0x008e	16674	2	8
14232					2
14233	4	0x0082	0	8	16
14234					0
14239	4	0x008e	16418	2	8
14240					2
14241	4	0x008e	290	64	8
14242					64
14243	4	0x008e	16418	64	8
14244					64
14245	4	0x008e	32546	64	8
14246					64
14247	4	0x008e	48674	64	8
14248					64
14249	4	0x008e	64802	4	8
14250					4
14251	4	0x008e	16674	2	8
14252					2
14253	4	0x0082	0	8	16
14254					0
14259	4	0x008e	16418	2	8
14260					2
14261	4	0x008e	290	64	8
14262					64
14263	4	0x008e	16418	64	8
14264					64
14265	4	0x008e	32546	64	8
14266					64
14267	4	0x008e	48674	64	8
14268					64
14269	4	0x008e	64802	4	8
14270					4
14271	4	0x008e	16674	2	8
14272					2
14273	4	0x0082	0	8	16
14274					0
14279	4	0x008e	16418	2	8
14280					2
14281	4	0x008e	290	64	8
14282					64
14283	4	0x008e	16418	64	8
14284					64
14285	4	0x008e	32546	64	8
14286					64
14287	4	0x008e	48674	64	8
14288					64
14289	4	0x008e	64802	4	8
14290					4
14291	4	0x008e	16674	2	8
14292					2
14293	4	0x0082	0	8	16
14294					0
14299	4	0x008e	16418	2	8
14300					2
14301	4	0x008e	290	64	8
14302					64
14303	4	0x008e	16418	64	8
14304					64
14305	4	0x008e	32546	64	8
14306					64
14307	4	0x008e	48674	64	8
14308					64
14309	4	0x008e	64802	4	8
14310					4
14311	4	0x008e	16674	2	8
14312					2
14313	4	0x0082	0	8	16
14314					0
14319	4	0x008e	16418	2	8
14320					2
14321	4	0x008e	290	64	8
14322					64
14323	4	0x008e	16418	64	8
14324					64
14325	4	0x008e	32546	64	8
14326					64
14327	4	0x008e	48674	64	8
14328					64
14329	4	0x008e	64802	4	8
14330					4
14331	4	0x008e	16674	2	8
14332					2
14333	4	0x0082	0	8	16
14334					0
14339	4	0x008e	16418	2	8
14340					2
14341	4	0x008e	290	64	8
14342					64
14343	4	0x008e	16418	64	8
14344					64
14345	4	0x008e	32546	64	8
14346					64
14347	4	0x008e	48674	64	8
14348					64
14349	4	0x008e	64802	4	8
14350					4
14351	4	0x008e	16674	2	8
14352					2
14353	4	0x0082	0	8	16
14354					0
14359	4	0x008e	16418	2	8
14360					2
14361	4	0x008e	290	64	8
14362					64
14363	4	0x008e	16418	64	8
14364					64
14365	4	0x008e	32546	64	8
14366					64
14367	4	0x008e	48674	64	8
14368					64
14369	4	0x008e	64802	4	8
14370					4
14371	4	0x008e	16674	2	8
14372					2
14373	4	0x0082	0	8	16
14374					0
14379	4	0x008e	16418	2	8
14380					2
14381	4	0x008e	290	64	8
14382					64
14383	4	0x008e	16418	64	8
14384					64
14385	4	0x008e	32546	64	8
14386					64
14387	4	0x008e	48674	64	8
14388					64
14389	4	0x008e	64802	4	8
14390					4
14391	4	0x008e	16674	2	8
14392					2
14393	4	0x0082	0	8	16
14394					0
14399	4	0x008e	16418	2	8
14400					2
14401	4	0x008e	290	64	8
14402					64
14403	4	0x008e	16418	64	8
14404					64
14405	4	0x008e	32546	64	8
14406					64
14407	4	0x008e	48674	64	8
14408					64
14409	4	0x008e	64802	4	8
14410					4
14411	4	0x008e	16674	2	8
14412					2
14413	4	0x0082	0	8	16
14414					0
14419	4	0x008e	16418	2	8
14420					2
14421	4	0x008e	290	64	8
14422					64
14423	4	0x008e	16418	64	8
14424					64
14425	4	0x008e	32546	64	8
14426					64
14427	4	0x008e	48674	64	8
14428					64
14429	4	0x008e	64802	4	8
14430					4
14431	4	0x008e	16674	2	8
14432					2
14433	4	0x0082	0	8	16
14434					0
14439	4	0x008e	16418	2	8
14440					2
14441	4	0x008e	290	64	8
14442					64
14443	4	0x008e	16418	64	8
14444					64
14445	4	0x008e	32546	64	8
14446					64
14447	4	0x008e	48674	64	8
14448					64
14449	4	0x008e	64802	4	8
14450					4
14451	4	0x008e	16674	2	8
14452					2
14453	4	0x0082	0	8	16
14454					0
14459	4	0x008e	16418	2	8
14460					2
14461	4	0x008e	290	64	8
14462					64
14463	4	0x008e	16418	64	8
14464					64
14465	4	0x008e	32546	64	8
14466					64
14467	4	0x008e	48674	64	8
14468					64
14469	4	0x008e	64802	4	8
14470					4
14471	4	0x008e	16674	2	8
14472					2
14473	4	0x0082	0	8	16
14474					0
14479	4	0x008e	16418	2	8
14480					2
14481	4	0x008e	290	64	8
14482					64
14483	4	0x008e	16418	64	8
14484					64
14485	4	0x008e	32546	64	8
14486					64
14487	4	0x008e	48674	64	8
14488					64
14489	4	0x008e	64802	4	8
14490					4
14491	4	0x008e	16674	2	8
14492					2
14493	4	0x0082	0	8	16
14494					0
14499	4	0x008e	16418	2	8
14500					2
14501	4	0x008e	290	64	8
14502					64
14503	4	0x008e	16418	64	8
14504					64
14505	4	0x008e	32546	64	8
14506					64
14507	4	0x008e	48674	64	8
14508					64
14509	4	0x008e	64802	4	8
14510					4
14511	4	0x008e	16674	2	8
14512					2
14513	4	0x0082	0	8	16
14514					0
14519	4	0x008e	16418	2	8
14520					2
14521	4	0x008e	290	64	8
14522					64
14523	4	0x008e	16418	64	8
14524					64
14525	4	0x008e	32546	64	8
14526					64
14527	4	0x008e	48674	64	8
14528					64
14529	4	0x008e	64802	4	8
14530					4
14531	4	0x008e	16674	2	8
14532					2
14533	4	0x0082	0	8	16
14534					0
14539	4	0x008e	16418	2	8
14540					2
14541	4	0x008e	290	64	8
14542					64
14543	4	0x008e	16418	64	8
14544					64
14545	4	0x008e	32546	64	8
14546					64
14547	4	0x008e	48674	64	8
14548					64
14549	4	0x008e	64802	4	8
14550					4
14551	4	0x008e	16674	2	8
14552					2
14553	4	0x0082	0	8	16
14554					0
14559	4	0x008e	16418	2	8
14560					2
14561	4	0x008e	290	64	8
14562					64
14563	4	0x008e	16418	64	8
14564					64
14565	4	0x008e	32546	64	8
14566					64
14567	4	0x008e	48674	64	8
14568					64
14569	4	0x008e	64802	4	8
14570					4
14571	4	0x008e	16674	2	8
14572					2
14573	4	0x0082	0	8	16
14574					0
14579	4	0x008e	16418	2	8
14580					2
14581	4	0x008e	290	64	8
14582					64
14583	4	0x008e	16418	64	8
14584					64
14585	4	0x008e	32546	64	8
14586					64
14587	4	0x008e	48674	64	8
14588					64
14589	4	0x008e	64802	4	8
14590					4
14591	4	0x008e	16674	2	8
14592					2
14593	4	0x0082	0	8	16
14594					0
14599	4	0x008e	16418	2	8
14600					2
14601	4	0x008e	290	64	8
14602					64
14603	4	0x008e	16418	64	8
14604					64
14605	4	0x008e	32546	64	8
14606					64
14607	4	0x008e	48674	64	8
14608					64
14609	4	0x008e	64802	4	8
14610					4
14611	4	0x008e	16674	2	8
14612					2
14613	4	0x0082	0	8	16
14614					0
14619	4	0x008e	16418	2	8
14620					2
14621	4	0x008e	290	64	8
14622					64
14623	4	0x008e	16418	64	8
14624					64
14625	4	0x008e	32546	64	8
14626					64
14627	4	0x008e	48674	64	8
14628					64
14629	4	0x008e	64802	4	8
14630					4
14631	4	0x008e	16674	2	8
14632					2
14633	4	0x0082	0	8	16
14634					0
14639	4	0x008e	16418	2	8
14640					2
14641	4	0x008e	290	64	8
14642					64
14643	4	0x008e	16418	64	8
14644					64
14645	4	0x008e	32546	64	8
14646					64
14647	4	0x008e	48674	64	8
14648					64
14649	4	0x008e	64802	4	8
14650					4
14651	4	0x008e	16674	2	8
14652					2
14653	4	0x0082	0	8	16
14654					0
14659	4	0x008e	16418	2	8
14660					2
14661	4	0x008e	290	64	8
14662					64
14663	4	0x008e	16418	64	8
14664					64
14665	4	0x008e	32546	64	8
14666					64
14667	4	0x008e	48674	64	8
14668					64
14669	4	0x008e	64802	4	8
14670					4
14671	4	0x008e	16674	2	8
14672					2
14673	4	0x0082	0	8	16
14674					0
14679	4	0x008e	16418	2	8
14680					2
14681	4	0x008e	290	64	8
14682					64
14683	4	0x008e	16418	64	8
14684					64
14685	4	0x008e	32546	64	8
14686					64
14687	4	0x008e	48674	64	8
14688					64
14689	4	0x008e	64802	4	8
14690					4
14691	4	0x008e	16674	2	8
14692					2
14693	4	0x0082	0	8	16
14694					0
14699	4	0x008e	16418	2	8
14700					2
14701	4	0x008e	290	64	8
14702					64
14703	4	0x008e	16418	64	8
14704					64
14705	4	0x008e	32546	64	8
14706					64
14707	4	0x008e	48674	64	8
14708					64
14709	4	0x008e	64802	4	8
14710					4
14711	4	0x008e	16674	2	8
14712					2
14713	4	0x0082	0	8	16
14714					0
14719	4	0x008e	16418	2	8
14720					2
14721	4	0x008e	290	64	8
14722					64
14723	4	0x008e	16418	64	8
14724					64
14725	4	0x008e	32546	64	8
14726					64
14727	4	0x008e	48674	64	8
14728					64
14729	4	0x008e	64802	4	8
14730					4
14731	4	0x008e	16674	2	8
14732					2
14733	4	0x0082	0	8	16
14734					0
14739	4	0x008e	16418	2	8
14740					2
14741	4	0x008e	290	64	8
14742					64
14743	4	0x008e	16418	64	8
14744					64
14745	4	0x008e	32546	64	8
14746					64
14747	4	0x008e	48674	64	8
14748					64
14749	4	0x008e	64802	4	8
14750					4
14751	4	0x008e	16674	2	8
14752					2
14753	4	0x0082	0	8	16
14754					0
14759	4	0x008e	16418	2	8
14760					2
14761	4	0x008e	290	64	8
14762					64
14763	4	0x008e	16418	64	8
14764					64
14765	4	0x008e	32546	64	8
14766					64
14767	4	0x008e	48674	64	8
14768					64
14769	4	0x008e	64802	4	8
14770					4
14771	4	0x008e	16674	2	8
14772					2
14773	4	0x0082	0	8	16
14774					0
14779	4	0x008e	16418	2	8
14780					2
14781	4	0x008e	290	64	8
14782					64
14783	4	0x008e	16418	64	8
14784					64
14785	4	0x008e	32546	64	8
14786					64
14787	4	0x008e	48674	64	8
14788					64
14789	4	0x008e	64802	4	8
14790					4
14791	4	0x008e	16674	2	8
14792					2
14793	4	0x0082	0	8	16
14794					0
14799	4	0x008e	16418	2	8
14800					2
14801	4	0x008e	290	64	8
14802					64
14803	4	0x008e	16418	64	8
14804					64
14805	4	0x008e	32546	64	8
14806					64
14807	4	0x008e	48674	64	8
14808					64
14809	4	0x008e	64802	4	8
14810					4
14811	4	0x008e	16674	2	8
14812					2
14813	4	0x0082	0	8	16
14814					0
14819	4	0x008e	16418	2	8
14820					2
14821	4	0x008e	290	64	8
14822					64
14823	4	0x008e	16418	64	8
14824					64
14825	4	0x008e	32546	64	8
14826					64
14827	4	0x008e	48674	64	8
14828					64
14829	4	0x008e	64802	4	8
14830					4
14831	4	0x008e	16674	2	8
14832					2
14833	4	0x0082	0	8	16
14834					0
14839	4	0x008e	16418	2	8
14840					2
14841	4	0x008e	290	64	8
14842					64
14843	4	0x008e	16418	64	8
14844					64
14845	4	0x008e	32546	64	8
14846					64
14847	4	0x008e	48674	64	8
14848					64
14849	4	0x008e	64802	4	8
14850					4
14851	4	0x008e	16674	2	8
14852					2
14853	4	0x0082	0	8	16
14854					0
14859	4	0x008e	16418	2	8
14860					2
14861	4	0x008e	290	64	8
14862					64
14863	4	0x008e	16418	64	8
14864					64
14865	4	0x008e	32546	64	8
14866					64
14867	4	0x008e	48674	64	8
14868					64
14869	4	0x008e	64802	4	8
14870					4
14871	4	0x008e	16674	2	8
14872					2
14873	4	0x0082	0	8	16
14874					0
14879	4	0x008e	16418	2	8
14880					2
14881	4	0x008e	290	64	8
14882					64
14883	4	0x008e	16418	64	8
14884					64
14885	4	0x008e	32546	64	8
14886					64
14887	4	0x008e	48674	64	8
14888					64
14889	4	0x008e	64802	4	8
14890					4
14891	4	0x008e	16674	2	8
14892					2
14893	4	0x0082	0	8	16
14894					0
14899	4	0x008e	16418	2	8
14900					2
14901	4	0x008e	290	64	8
14902					64
14903	4	0x008e	16418	64	8
14904					64
14905	4	0x008e	32546	64	8
14906					64
14907	4	0x008e	48674	64	8
14908					64
14909	4	0x008e	64802	4	8
14910					4
14911	4	0x008e	16674	2	8
14912					2
14913	4	0x0082	0	8	16
14914					0
14919	4	0x008e	16418	2	8
14920					2
14921	4	0x008e	290	64	8
14922					64
14923	4	0x008e	16418	64	8
14924					64
14925	4	0x008e	32546	64	8
14926					64
14927	4	0x008e	48674	64	8
14928					64
14929	4	0x008e	64802	4	8
14930					4
14931	4	0x008e	16674	2	8
14932					2
14933	4	0x0082	0	8	16
14934					0
14939	4	0x008e	16418	2	8
14940					2
14941	4	0x008e	290	64	8
14942					64
14943	4	0x008e	16418	64	8
14944					64
14945	4	0x008e	32546	64	8
14946					64
14947	4	0x008e	48674	64	8
14948					64
14949	4	0x008e	64802	4	8
14950					4
14951	4	0x008e	16674	2	8
14952					2
14953	4	0x0082	0	8	16
14954					0
14959	4	0x008e	16418	2	8
14960					2
14961	4	0x008e	290	64	8
14962					64
14963	4	0x008e	16418	64	8
14964					64
14965	4	0x008e	32546	64	8
14966					64
14967	4	0x008e	48674	64	8
14968					64
14969	4	0x008e	64802	4	8
14970					4
14971	4	0x008e	16674	2	8
14972					2
14973	4	0x0082	0	8	16
14974					0
14979	4	0x008e	16418	2	8
14980					2
14981	4	0x008e	290	64	8
14982					64
14983	4	0x008e	16418	64	8
14984					64
14985	4	0x008e	32546	64	8
14986					64
14987	4	0x008e	48674	64	8
14988					64
14989	4	0x008e	64802	4	8
14990					4
14991	4	0x008e	16674	2	8
14992					2
14993	4	0x0082	0	8	16
14994					0
14999	4	0x008e	16418	2	8
15000					2
15001	4	0x008e	290	64	8
15002					64
15003	4	0x008e	16418	64	8
15004					64
15005	4	0x008e	32546	64	8
15006					64
15007	4	0x008e	48674	64	8
15008					64
15009	4	0x008e	64802	4	8
15010					4
15011	4	0x008e	16674	2	8
15012					2
15013	4	0x0082	0	8	16
15014					0
15019	4	0x008e	16418	2	8
15020					2
15021	4	0x008e	290	64	8
15022					64
15023	4	0x008e	16418	64	8
15024					64
15025	4	0x008e	32546	64	8
15026					64
15027	4	0x008e	48674	64	8
15028					64
15029	4	0x008e	64802	4	8
15030					4
15031	4	0x008e	16674	2	8
15032					2
15033	4	0x0082	0	8	16
15034					0
15039	4	0x008e	16418	2	8
15040					2
15041	4	0x008e	290	64	8
15042					64
15043	4	0x008e	16418	64	8
15044					64
15045	4	0x008e	32546	64	8
15046					64
15047	4	0x008e	48674	64	8
15048					64
15049	4	0x008e	64802	4	8
15050					4
15051	4	0x008e	16674	2	8
15052					2
15053	4	0x0082	0	8	16
15054					0
15059	4	0x008e	16418	2	8
15060					2
15061	4	0x008e	290	64	8
15062					64
15063	4	0x008e	16418	64	8
15064					64
15065	4	0x008e	32546	64	8
15066					64
15067	4	0x008e	48674	64	8
15068					64
15069	4	0x008e	64802	4	8
15070					4
15071	4	0x008e	16674	2	8
15072					2
15073	4	0x0082	0	8	16
15074					0
15079	4	0x008e	16418	2	8
15080					2
15081	4	0x008e	290	64	8
15082					64
15083	4	0x008e	16418	64	8
15084					64
15085	4	0x008e	32546	64	8
15086					64
15087	4	0x008e	48674	64	8
15088					64
15089	4	0x008e	64802	4	8
15090					4
15091	4	0x008e	16674	2	8
15092					2
15093	4	0x0082	0	8	16
15094					0
15099	4	0x008e	16418	2	8
15100					2
15101	4	0x008e	290	64	8
15102					64
15103	4	0x008e	16418	64	8
15104					64
15105	4	0x008e	32546	64	8
15106					64
15107	4	0x008e	48674	64	8
15108					64
15109	4	0x008e	64802	4	8
15110					4
15111	4	0x008e	16674	2	8
15112					2
15113	4	0x0082	0	8	16
15114					0
15119	4	0x008e	16418	2	8
15120					2
15121	4	0x008e	290	64	8
15122					64
15123	4	0x008e	16418	64	8
15124					64
15125	4	0x008e	32546	64	8
15126					64
15127	4	0x008e	48674	64	8
15128					64
15129	4	0x008e	64802	4	8
15130					4
15131	4	0x008e	16674	2	8
15132					2
15133	4	0x0082	0	8	16
15134					0
15139	4	0x008e	16418	2	8
15140					2
15141	4	0x008e	290	64	8
15142					64
15143	4	0x008e	16418	64	8
15144					64
15145	4	0x008e	32546	64	8
15146					64
15147	4	0x008e	48674	64	8
15148					64
15149	4	0x008e	64802	4	8
15150					4
15151	4	0x008e	16674	2	8
15152					2
15153	4	0x0082	0	8	16
15154					0
15159	4	0x008e	16418	2	8
15160					2
15161	4	0x008e	290	64	8
15162					64
15163	4	0x008e	16418	64	8
15164					64
15165	4	0x008e	32546	64	8
15166					64
15167	4	0x008e	48674	64	8
15168					64
15169	4	0x008e	64802	4	8
15170					4
15171	4	0x008e	16674	2	8
15172					2
15173	4	0x0082	0	8	16
15174					0
15179	4	0x008e	16418	2	8
15180					2
15181	4	0x008e	290	64	8
15182					64
15183	4	0x008e	16418	64	8
15184					64
15185	4	0x008e	32546	64	8
15186					64
15187	4	0x008e	48674	64	8
15188					64
15189	4	0x008e	64802	4	8
15190					4
15191	4	0x008e	16674	2	8
15192					2
15193	4	0x0082	0	8	16
15194					0
15199	4	0x008e	16418	2	8
15200					2
15201	4	0x008e	290	64	8
15202					64
15203	4	0x008e	16418	64	8
15204					64
15205	4	0x008e	32546	64	8
15206					64
15207	4	0x008e	48674	64	8
15208					64
15209	4	0x008e	64802	4	8
15210					4
15211	4	0x008e	16674	2	8
15212					2
15213	4	0x0082	0	8	16
15214					0
15219	4	0x008e	16418	2	8
15220					2
15221	4	0x008e	290	64	8
15222					64
15223	4	0x008e	16418	64	8
15224					64
15225	4	0x008e	32546	64	8
15226					64
15227	4	0x008e	48674	64	8
15228					64
15229	4	0x008e	64802	4	8
15230					4
15231	4	0x008e	16674	2	8
15232					2
15233	4	0x0082	0	8	16
15234					0
15239	4	0x008e	16418	2	8
15240					2
15241	4	0x008e	290	64	8
15242					64
15243	4	0x008e	16418	64	8
15244					64
15245	4	0x008e	32546	64	8
15246					64
15247	4	0x008e	48674	64	8
15248					64
15249	4	0x008e	64802	4	8
15250					4
15251	4	0x008e	16674	2	8
15252					2
15253	4	0x0082	0	8	16
15254					0
15259	4	0x008e	16418	2	8
15260					2
15261	4	0x008e	290	64	8
15262					64
15263	4	0x008e	16418	64	8
15264					64
15265	4	0x008e	32546	64	8
15266					64
15267	4	0x008e	48674	64	8
15268					64
15269	4	0x008e	64802	4	8
15270					4
15271	4	0x008e	16674	2	8
15272					2
15273	4	0x0082	0	8	16
15274					0
15279	4	0x008e	16418	2	8
15280					2
15281	4	0x008e	290	64	8
15282					64
15283	4	0x008e	16418	64	8
15284					64
15285	4	0x008e	32546	64	8
15286					64
15287	4	0x008e	48674	64	8
15288					64
15289	4	0x008e	64802	4	8
15290					4
15291	4	0x008e	16674	2	8
15292					2
15293	4	0x0082	0	8	16
15294					0
15299	4	0x008e	16418	2	8
15300					2
15301	4	0x008e	290	64	8
15302					64
15303	4	0x008e	16418	64	8
15304					64
15305	4	0x008e	32546	64	8
15306					64
15307	4	0x008e	48674	64	8
15308					64
15309	4	0x008e	64802	4	8
15310					4
15311	4	0x008e	16674	2	8
15312					2
15313	4	0x0082	0	8	16
15314					0
15319	4	0x008e	16418	2	8
15320					2
15321	4	0x008e	290	64	8
15322					64
15323	4	0x008e	16418	64	8
15324					64
15325	4	0x008e	32546	64	8
15326					64
15327	4	0x008e	48674	64	8
15328					64
15329	4	0x008e	64802	4	8
15330					4
15331	4	0x008e	16674	2	8
15332					2
15333	4	0x0082	0	8	16
15334					0
15339	4	0x008e	16418	2	8
15340					2
15341	4	0x008e	290	64	8
15342					64
15343	4	0x008e	16418	64	8
15344					64
15345	4	0x008e	32546	64	8
15346					64
15347	4	0x008e	48674	64	8
15348					64
15349	4	0x008e	64802	4	8
15350					4
15351	4	0x008e	16674	2	8
15352					2
15353	4	0x0082	0	8	16
15354					0
15359	4	0x008e	16418	2	8
15360					2
15361	4	0x008e	290	64	8
15362					64
15363	4	0x008e	16418	64	8
15364					64
15365	4	0x008e	32546	64	8
15366					64
15367	4	0x008e	48674	64	8
15368					64
15369	4	0x008e	64802	4	8
15370					4
15371	4	0x008e	16674	2	8
15372					2
15373	4	0x0082	0	8	16
15374					0
15379	4	0x008e	16418	2	8
15380					2
15381	4	0x008e	290	64	8
15382					64
15383	4	0x008e	16418	64	8
15384					64
15385	4	0x008e	32546	64	8
15386					64
15387	4	0x008e	48674	64	8
15388					64
15389	4	0x008e	64802	4	8
15390					4
15391	4	0x008e	16674	2	8
15392					2
15393	4	0x0082	0	8	16
15394					0
15399	4	0x008e	16418	2	8
15400					2
15401	4	0x008e	290	64	8
15402					64
15403	4	0x008e	16418	64	8
15404					64
15405	4	0x008e	32546	64	8
15406					64
15407	4	0x008e	48674	64	8
15408					64
15409	4	0x008e	64802	4	8
15410					4
15411	4	0x008e	16674	2	8
15412					2
15413	4	0x0082	0	8	16
15414					0
15419	4	0x008e	16418	2	8
15420					2
15421	4	0x008e	290	64	8
15422					64
15423	4	0x008e	16418	64	8
15424					64
15425	4	0x008e	32546	64	8
15426					64
15427	4	0x008e	48674	64	8
15428					64
15429	4	0x008e	64802	4	8
15430					4
15431	4	0x008e	16674	2	8
15432					2
15433	4	0x0082	0	8	16
15434					0
15439	4	0x008e	16418	2	8
15440					2
15441	4	0x008e	290	64	8
15442					64
15443	4	0x008e	16418	64	8
15444					64
15445	4	0x008e	32546	64	8
15446					64
15447	4	0x008e	48674	64	8
15448					64
15449	4	0x008e	64802	4	8
15450					4
15451	4	0x008e	16674	2	8
15452					2
15453	4	0x0082	0	8	16
15454					0
15459	4	0x008e	16418	2	8
15460					2
15461	4	0x008e	290	64	8
15462					64
15463	4	0x008e	16418	64	8
15464					64
15465	4	0x008e	32546	64	8
15466					64
15467	4	0x008e	48674	64	8
15468					64
15469	4	0x008e	64802	4	8
15470					4
15471	4	0x008e	16674	2	8
15472					2
15473	4	0x0082	0	8	16
15474					0
15479	4	0x008e	16418	2	8
15480					2
15481	4	0x008e	290	64	8
15482					64
15483	4	0x008e	16418	64	8
15484					64
15485	4	0x008e	32546	64	8
15486					64
15487	4	0x008e	48674	64	8
15488					64
15489	4	0x008e	64802	4	8
15490					4
15491	4	0x008e	16674	2	8
15492					2
15493	4	0x0082	0	8	16
15494					0
15499	4	0x008e	16418	2	8
15500					2
15501	4	0x008e	290	64	8
15502					64
15503	4	0x008e	16418	64	8
15504					64
15505	4	0x008e	32546	64	8
15506					64
15507	4	0x008e	48674	64	8
15508					64
15509	4	0x008e	64802	4	8
15510					4
15511	4	0x008e	16674	2	8
15512					2
15513	4	0x0082	0	8	16
15514					0
15519	4	0x008e	16418	2	8
15520					2
15521	4	0x008e	290	64	8
15522					64
15523	4	0x008e	16418	64	8
15524					64
15525	4	0x008e	32546	64	8
15526					64
15527	4	0x008e	48674	64	8
15528					64
15529	4	0x008e	64802	4	8
15530					4
15531	4	0x008e	16674	2	8
15532					2
15533	4	0x0082	0	8	16
15534					0
15539	4	0x008e	16418	2	8
15540					2
15541	4	0x008e	290	64	8
15542					64
15543	4	0x008e	16418	64	8
15544					64
15545	4	0x008e	32546	64	8
15546					64
15547	4	0x008e	48674	64	8
15548					64
15549	4	0x008e	64802	4	8
15550					4
15551	4	0x008e	16674	2	8
15552					2
15553	4	0x0082	0	8	16
15554					0
15559	4	0x008e	16418	2	8
15560					2
15561	4	0x008e	290	64	8
15562					64
15563	4	0x008e	16418	64	8
15564					64
15565	4	0x008e	32546	64	8
15566					64
15567	4	0x008e	48674	64	8
15568					64
15569	4	0x008e	64802	4	8
15570					4
15571	4	0x008e	16674	2	8
15572					2
15573	4	0x0082	0	8	16
15574					0
15579	4	0x008e	16418	2	8
15580					2
15581	4	0x008e	19234	4	8
15582					4
15583	4	0x008e	290	64	8
15584					64
15585	4	0x008e	16418	64	8
15586					64
15587	4	0x008e	32546	64	8
15588					64
15589	4	0x008e	48674	64	8
15590					64
15591	4	0x008e	64802	4	8
15592					4
15593	4	0x008e	16674	2	8
15594					2
15595	4	0x0082	0	8	16
15596					0
15601	4	0x008e	290	64	8
15602					64
15603	4	0x008e	16418	64	8
15604					64
15605	4	0x008e	32546	64	8
15606					64
15607	4	0x008e	48674	64	8
15608					64
15609	4	0x008e	64802	4	8
15610					4
15611	4	0x008e	16674	2	8
15612					2
15613	4	0x0082	0	8	16
15614					0
15619	4	0x008e	290	64	8
15620					64
15621	4	0x008e	16418	64	8
15622					64
15623	4	0x008e	32546	64	8
15624					64
15625	4	0x008e	48674	64	8
15626					64
15627	4	0x008e	64802	4	8
15628					4
15629	4	0x008e	16674	2	8
15630					2
15631	4	0x0082	0	8	16
15632					0
15637	4	0x008e	290	64	8
15638					64
15639	4	0x008e	16418	64	8
15640					64
15641	4	0x008e	32546	64	8
15642					64
15643	4	0x008e	48674	64	8
15644					64
15645	4	0x008e	64802	4	8
15646					4
15647	4	0x008e	16674	2	8
15648					2
15649	4	0x0082	0	8	16
15650					0
15655	4	0x008e	290	64	8
15656					64
15657	4	0x008e	16418	64	8
15658					64
15659	4	0x008e	32546	64	8
15660					64
15661	4	0x008e	48674	64	8
15662					64
15663	4	0x008e	64802	4	8
15664					4
15665	4	0x008e	16674	2	8
15666					2
15667	4	0x0082	0	8	16
15668					0
15673	4	0x008e	290	64	8
15674					64
15675	4	0x008e	16418	64	8
15676					64
15677	4	0x008e	32546	64	8
15678					64
15679	4	0x008e	48674	64	8
15680					64
15681	4	0x008e	64802	4	8
15682					4
15683	4	0x008e	16674	2	8
15684					2
15685	4	0x0082	0	8	16
15686					0
15691	4	0x008e	290	64	8
15692					64
15693	4	0x008e	16418	64	8
15694					64
15695	4	0x008e	32546	64	8
15696					64
15697	4	0x008e	48674	64	8
15698					64
15699	4	0x008e	64802	4	8
15700					4
15701	4	0x008e	16674	2	8
15702					2
15703	4	0x0082	0	8	16
15704					0
15709	4	0x008e	290	64	8
15710					64
15711	4	0x008e	16418	64	8
15712					64
15713	4	0x008e	32546	64	8
15714					64
15715	4	0x008e	48674	64	8
15716					64
15717	4	0x008e	64802	4	8
15718					4
15719	4	0x008e	16674	2	8
15720					2
15721	4	0x0082	0	8	16
15722					0
15727	4	0x008e	290	64	8
15728					64
15729	4	0x008e	16418	64	8
15730					64
15731	4	0x008e	32546	64	8
15732					64
15733	4	0x008e	48674	64	8
15734					64
15735	4	0x008e	64802	4	8
15736					4
15737	4	0x008e	16674	2	8
15738					2
15739	4	0x0082	0	8	16
15740					0
15745	4	0x008e	290	64	8
15746					64
15747	4	0x008e	16418	64	8
15748					64
15749	4	0x008e	32546	64	8
15750					64
15751	4	0x008e	48674	64	8
15752					64
15753	4	0x008e	64802	4	8
15754					4
15755	4	0x008e	16674	2	8
15756					2
15757	4	0x0082	0	8	16
15758					0
15763	4	0x008e	290	64	8
15764					64
15765	4	0x008e	16418	64	8
15766					64
15767	4	0x008e	32546	64	8
15768					64
15769	4	0x008e	48674	64	8
15770					64
15771	4	0x008e	64802	4	8
15772					4
15773	4	0x008e	16674	2	8
15774					2
15775	4	0x0082	0	8	16
15776					0
15781	4	0x008e	290	64	8
15782					64
15783	4	0x008e	16418	64	8
15784					64
15785	4	0x008e	32546	64	8
15786					64
15787	4	0x008e	48674	64	8
15788					64
15789	4	0x008e	64802	4	8
15790					4
15791	4	0x008e	16674	2	8
15792					2
15793	4	0x0082	0	8	16
15794					0
15799	4	0x008e	290	64	8
15800					64
15801	4	0x008e	16418	64	8
15802					64
15803	4	0x008e	32546	64	8
15804					64
15805	4	0x008e	48674	64	8
15806					64
15807	4	0x008e	64802	4	8
15808					4
15809	4	0x008e	16674	2	8
15810					2
15811	4	0x0082	0	8	16
15812					0
15817	4	0x008e	290	64	8
15818					64
15819	4	0x008e	16418	64	8
15820					64
15821	4	0x008e	32546	64	8
15822					64
15823	4	0x008e	48674	64	8
15824					64
15825	4	0x008e	64802	4	8
15826					4
15827	4	0x008e	16674	2	8
15828					2
15829	4	0x0082	0	8	16
15830					0
15835	4	0x008e	290	64	8
15836					64
15837	4	0x008e	16418	64	8
15838					64
15839	4	0x008e	32546	64	8
15840					64
15841	4	0x008e	48674	64	8
15842					64
15843	4	0x008e	64802	4	8
15844					4
15845	4	0x008e	16674	2	8
15846					2
15847	4	0x0082	0	8	16
15848					0
15853	4	0x008e	290	64	8
15854					64
15855	4	0x008e	16418	64	8
15856					64
15857	4	0x008e	32546	64	8
15858					64
15859	4	0x008e	48674	64	8
15860					64
15861	4	0x008e	64802	4	8
15862					4
15863	4	0x008e	16674	2	8
15864					2
15865	4	0x0082	0	8	16
15866					0
15871	4	0x008e	290	64	8
15872					64
15873	4	0x008e	16418	64	8
15874					64
15875	4	0x008e	32546	64	8
15876					64
15877	4	0x008e	48674	64	8
15878					64
15879	4	0x008e	64802	4	8
15880					4
15881	4	0x008e	16674	2	8
15882					2
15883	4	0x0082	0	8	16
15884					0
15889	4	0x008e	290	64	8
15890					64
15891	4	0x008e	16418	64	8
15892					64
15893	4	0x008e	32546	64	8
15894					64
15895	4	0x008e	48674	64	8
15896					64
15897	4	0x008e	64802	4	8
15898					4
15899	4	0x008e	16674	2	8
15900					2
15901	4	0x0082	0	8	16
15902					0
15907	4	0x008e	290	64	8
15908					64
15909	4	0x008e	16418	64	8
15910					64
15911	4	0x008e	32546	64	8
15912					64
15913	4	0x008e	48674	64	8
15914					64
15915	4	0x008e	64802	4	8
15916					4
15917	4	0x008e	16674	2	8
15918					2
15919	4	0x0082	0	8	16
15920					0
15925	4	0x008e	290	64	8
15926					64
15927	4	0x008e	16418	64	8
15928					64
15929	4	0x008e	32546	64	8
15930					64
15931	4	0x008e	48674	64	8
15932					64
15933	4	0x008e	64802	4	8
15934					4
15935	4	0x008e	16674	2	8
15936					2
15937	4	0x0082	0	8	16
15938					0
15943	4	0x008e	290	64	8
15944					64
15945	4	0x008e	16418	64	8
15946					64
15947	4	0x008e	32546	64	8
15948					64
15949	4	0x008e	48674	64	8
15950					64
15951	4	0x008e	64802	4	8
15952					4
15953	4	0x008e	16674	2	8
15954					2
15955	4	0x0082	0	8	16
15956					0
15961	4	0x008e	290	64	8
15962					64
15963	4	0x008e	16418	64	8
15964					64
15965	4	0x008e	32546	64	8
15966					64
15967	4	0x008e	48674	64	8
15968					64
15969	4	0x008e	64802	4	8
15970					4
15971	4	0x008e	16674	2	8
15972					2
15973	4	0x0082	0	8	16
15974					0
15979	4	0x008e	290	64	8
15980					64
15981	4	0x008e	16418	64	8
15982					64
15983	4	0x008e	32546	64	8
15984					64
15985	4	0x008e	48674	64	8
15986					64
15987	4	0x008e	64802	4	8
15988					4
15989	4	0x008e	16674	2	8
15990					2
15991	4	0x0082	0	8	16
15992					0
15997	4	0x008e	290	64	8
15998					64
15999	4	0x008e	16418	64	8
16000					64
16001	4	0x008e	32546	64	8
16002					64
16003	4	0x008e	48674	64	8
16004					64
16005	4	0x008e	64802	4	8
16006					4
16007	4	0x008e	16674	2	8
16008					2
16009	4	0x0082	0	8	16
16010					0
16015	4	0x008e	290	64	8
16016					64
16017	4	0x008e	16418	64	8
16018					64
16019	4	0x008e	32546	64	8
16020					64
16021	4	0x008e	48674	64	8
16022					64
16023	4	0x008e	64802	4	8
16024					4
16025	4	0x008e	16674	2	8
16026					2
16027	4	0x0082	0	8	16
16028					0
16033	4	0x008e	290	64	8
16034					64
16035	4	0x008e	16418	64	8
16036					64
16037	4	0x008e	32546	64	8
16038					64
16039	4	0x008e	48674	64	8
16040					64
16041	4	0x008e	64802	4	8
16042					4
16043	4	0x008e	16674	2	8
16044					2
16045	4	0x0082	0	8	16
16046					0
16051	4	0x008e	290	64	8
16052					64
16053	4	0x008e	16418	64	8
16054					64
16055	4	0x008e	32546	64	8
16056					64
16057	4	0x008e	48674	64	8
16058					64
16059	4	0x008e	64802	4	8
16060					4
16061	4	0x008e	16674	2	8
16062					2
16063	4	0x0082	0	8	16
16064					0
16069	4	0x008e	290	64	8
16070					64
16071	4	0x008e	16418	64	8
16072					64
16073	4	0x008e	32546	64	8
16074					64
16075	4	0x008e	48674	64	8
16076					64
16077	4	0x008e	64802	4	8
16078					4
16079	4	0x008e	16674	2	8
16080					2
16081	4	0x0082	0	8	16
16082					0
16087	4	0x008e	290	64	8
16088					64
16089	4	0x008e	16418	64	8
16090					64
16091	4	0x008e	32546	64	8
16092					64
16093	4	0x008e	48674	64	8
16094					64
16095	4	0x008e	64802	4	8
16096					4
16097	4	0x008e	16674	2	8
16098					2
16099	4	0x0082	0	8	16
16100					0
16105	4	0x008e	290	64	8
16106					64
16107	4	0x008e	16418	64	8
16108					64
16109	4	0x008e	32546	64	8
16110					64
16111	4	0x008e	48674	64	8
16112					64
16113	4	0x008e	64802	4	8
16114					4
16115	4	0x008e	16674	2	8
16116					2
16117	4	0x0082	0	8	16
16118					0
16123	4	0x008e	290	64	8
16124					64
16125	4	0x008e	16418	64	8
16126					64
16127	4	0x008e	32546	64	8
16128					64
16129	4	0x008e	48674	64	8
16130					64
16131	4	0x008e	64802	4	8
16132					4
16133	4	0x008e	16674	2	8
16134					2
16135	4	0x0082	0	8	16
16136					0
16141	4	0x008e	290	64	8
16142					64
16143	4	0x008e	16418	64	8
16144					64
16145	4	0x008e	32546	64	8
16146					64
16147	4	0x008e	48674	64	8
16148					64
16149	4	0x008e	64802	4	8
16150					4
16151	4	0x008e	16674	2	8
16152					2
16153	4	0x0082	0	8	16
16154					0
16159	4	0x008e	290	64	8
16160					64
16161	4	0x008e	16418	64	8
16162					64
16163	4	0x008e	32546	64	8
16164					64
16165	4	0x008e	48674	64	8
16166					64
16167	4	0x008e	64802	4	8
16168					4
16169	4	0x008e	16674	2	8
16170					2
16171	4	0x0082	0	8	16
16172					0
16177	4	0x008e	290	64	8
16178					64
16179	4	0x008e	16418	64	8
16180					64
16181	4	0x008e	32546	64	8
16182					64
16183	4	0x008e	48674	64	8
16184					64
16185	4	0x008e	64802	4	8
16186					4
16187	4	0x008e	16674	2	8
16188					2
16189	4	0x0082	0	8	16
16190					0
16195	4	0x008e	290	64	8
16196					64
16197	4	0x008e	16418	64	8
16198					64
16199	4	0x008e	32546	64	8
16200					64
16201	4	0x008e	48674	64	8
16202					64
16203	4	0x008e	64802	4	8
16204					4
16205	4	0x008e	16674	2	8
16206					2
16207	4	0x0082	0	8	16
16208					0
16213	4	0x008e	290	64	8
16214					64
16215	4	0x008e	16418	64	8
16216					64
16217	4	0x008e	32546	64	8
16218					64
16219	4	0x008e	48674	64	8
16220					64
16221	4	0x008e	64802	4	8
16222					4
16223	4	0x008e	16674	2	8
16224					2
16225	4	0x0082	0	8	16
16226					0
16231	4	0x008e	290	64	8
16232					64
16233	4	0x008e	16418	64	8
16234					64
16235	4	0x008e	32546	64	8
16236					64
16237	4	0x008e	48674	64	8
16238					64
16239	4	0x008e	64802	4	8
16240					4
16241	4	0x008e	16674	2	8
16242					2
16243	4	0x0082	0	8	16
16244					0
16249	4	0x008e	290	64	8
16250					64
16251	4	0x008e	16418	64	8
16252					64
16253	4	0x008e	32546	64	8
16254					64
16255	4	0x008e	48674	64	8
16256					64
16257	4	0x008e	64802	4	8
16258					4
16259	4	0x008e	16674	2	8
16260					2
16261	4	0x0082	0	8	16
16262					0
16267	4	0x008e	290	64	8
16268					64
16269	4	0x008e	16418	64	8
16270					64
16271	4	0x008e	32546	64	8
16272					64
16273	4	0x008e	48674	64	8
16274					64
16275	4	0x008e	64802	4	8
16276					4
16277	4	0x008e	16674	2	8
16278					2
16279	4	0x0082	0	8	16
16280					0
16285	4	0x008e	290	64	8
16286					64
16287	4	0x008e	16418	64	8
16288					64
16289	4	0x008e	32546	64	8
16290					64
16291	4	0x008e	48674	64	8
16292					64
16293	4	0x008e	64802	4	8
16294					4
16295	4	0x008e	16674	2	8
16296					2
16297	4	0x0082	0	8	16
16298					0
16303	4	0x008e	290	64	8
16304					64
16305	4	0x008e	16418	64	8
16306					64
16307	4	0x008e	32546	64	8
16308					64
16309	4	0x008e	48674	64	8
16310					64
16311	4	0x008e	64802	4	8
16312					4
16313	4	0x008e	16674	2	8
16314					2
16315	4	0x0082	0	8	16
16316					0
16321	4	0x008e	290	64	8
16322					64
16323	4	0x008e	16418	64	8
16324					64
16325	4	0x008e	32546	64	8
16326					64
16327	4	0x008e	48674	64	8
16328					64
16329	4	0x008e	64802	4	8
16330					4
16331	4	0x008e	16674	2	8
16332					2
16333	4	0x0082	0	8	16
16334					0
16339	4	0x008e	290	64	8
16340					64
16341	4	0x008e	16418	64	8
16342					64
16343	4	0x008e	32546	64	8
16344					64
16345	4	0x008e	48674	64	8
16346					64
16347	4	0x008e	64802	4	8
16348					4
16349	4	0x008e	16674	2	8
16350					2
16351	4	0x0082	0	8	16
16352					0
16357	4	0x008e	290	64	8
16358					64
16359	4	0x008e	16418	64	8
16360					64
16361	4	0x008e	32546	64	8
16362					64
16363	4	0x008e	48674	64	8
16364					64
16365	4	0x008e	64802	4	8
16366					4
16367	4	0x008e	16674	2	8
16368					2
16369	4	0x0082	0	8	16
16370					0
16375	4	0x008e	290	64	8
16376					64
16377	4	0x008e	16418	64	8
16378					64
16379	4	0x008e	32546	64	8
16380					64
16381	4	0x008e	48674	64	8
16382					64
16383	4	0x008e	64802	4	8
16384					4
16385	4	0x008e	16674	2	8
16386					2
16387	4	0x0082	0	8	16
16388					0
16393	4	0x008e	290	64	8
16394					64
16395	4	0x008e	16418	64	8
16396					64
16397	4	0x008e	32546	64	8
16398					64
16399	4	0x008e	48674	64	8
16400					64
16401	4	0x008e	64802	4	8
16402					4
16403	4	0x008e	16674	2	8
16404					2
16405	4	0x0082	0	8	16
16406					0
16411	4	0x008e	290	64	8
16412					64
16413	4	0x008e	16418	64	8
16414					64
16415	4	0x008e	32546	64	8
16416					64
16417	4	0x008e	48674	64	8
16418					64
16419	4	0x008e	64802	4	8
16420					4
16421	4	0x008e	16674	2	8
16422					2
16423	4	0x0082	0	8	16
16424					0
16429	4	0x008e	290	64	8
16430					64
16431	4	0x008e	16418	64	8
16432					64
16433	4	0x008e	32546	64	8
16434					64
16435	4	0x008e	48674	64	8
16436					64
16437	4	0x008e	64802	4	8
16438					4
16439	4	0x008e	16674	2	8
16440					2
16441	4	0x0082	0	8	16
16442					0
16447	4	0x008e	290	64	8
16448					64
16449	4	0x008e	16418	64	8
16450					64
16451	4	0x008e	32546	64	8
16452					64
16453	4	0x008e	48674	64	8
16454					64
16455	4	0x008e	64802	4	8
16456					4
16457	4	0x008e	16674	2	8
16458					2
16459	4	0x0082	0	8	16
16460					0
16465	4	0x008e	290	64	8
16466					64
16467	4	0x008e	16418	64	8
16468					64
16469	4	0x008e	32546	64	8
16470					64
16471	4	0x008e	48674	64	8
16472					64
16473	4	0x008e	64802	4	8
16474					4
16475	4	0x008e	16674	2	8
16476					2
16477	4	0x0082	0	8	16
16478					0
16483	4	0x008e	290	64	8
16484					64
16485	4	0x008e	16418	64	8
16486					64
16487	4	0x008e	32546	64	8
16488					64
16489	4	0x008e	48674	64	8
16490					64
16491	4	0x008e	64802	4	8
16492					4
16493	4	0x008e	16674	2	8
16494					2
16495	4	0x0082	0	8	16
16496					0
16501	4	0x008e	290	64	8
16502					64
16503	4	0x008e	16418	64	8
16504					64
16505	4	0x008e	32546	64	8
16506					64
16507	4	0x008e	48674	64	8
16508					64
16509	4	0x008e	64802	4	8
16510					4
16511	4	0x008e	16674	2	8
16512					2
16513	4	0x0082	0	8	16
16514					0
16519	4	0x008e	290	64	8
16520					64
16521	4	0x008e	16418	64	8
16522					64
16523	4	0x008e	32546	64	8
16524					64
16525	4	0x008e	48674	64	8
16526					64
16527	4	0x008e	64802	4	8
16528					4
16529	4	0x008e	16674	2	8
16530					2
16531	4	0x0082	0	8	16
16532					0
16537	4	0x008e	290	64	8
16538					64
16539	4	0x008e	16418	64	8
16540					64
16541	4	0x008e	32546	64	8
16542					64
16543	4	0x008e	48674	64	8
16544					64
16545	4	0x008e	64802	4	8
16546					4
16547	4	0x008e	16674	2	8
16548					2
16549	4	0x0082	0	8	16
16550					0
16555	4	0x008e	290	64	8
16556					64
16557	4	0x008e	16418	64	8
16558					64
16559	4	0x008e	32546	64	8
16560					64
16561	4	0x008e	48674	64	8
16562					64
16563	4	0x008e	64802	4	8
16564					4
16565	4	0x008e	16674	2	8
16566					2
16567	4	0x0082	0	8	16
16568					0
16573	4	0x008e	290	64	8
16574					64
16575	4	0x008e	16418	64	8
16576					64
16577	4	0x008e	32546	64	8
16578					64
16579	4	0x008e	48674	64	8
16580					64
16581	4	0x008e	64802	4	8
16582					4
16583	4	0x008e	16674	2	8
16584					2
16585	4	0x0082	0	8	16
16586					0
16591	4	0x008e	290	64	8
16592					64
16593	4	0x008e	16418	64	8
16594					64
16595	4	0x008e	32546	64	8
16596					64
16597	4	0x008e	48674	64	8
16598					64
16599	4	0x008e	64802	4	8
16600					4
16601	4	0x008e	16674	2	8
16602					2
16603	4	0x0082	0	8	16
16604					0
16609	4	0x008e	290	64	8
16610					64
16611	4	0x008e	16418	64	8
16612					64
16613	4	0x008e	32546	64	8
16614					64
16615	4	0x008e	48674	64	8
16616					64
16617	4	0x008e	64802	4	8
16618					4
16619	4	0x008e	16674	2	8
16620					2
16621	4	0x0082	0	8	16
16622					0
16627	4	0x008e	290	64	8
16628					64
16629	4	0x008e	16418	64	8
16630					64
16631	4	0x008e	32546	64	8
16632					64
16633	4	0x008e	48674	64	8
16634					64
16635	4	0x008e	64802	4	8
16636					4
16637	4	0x008e	16674	2	8
16638					2
16639	4	0x0082	0	8	16
16640					0
16645	4	0x008e	290	64	8
16646					64
16647	4	0x008e	16418	64	8
16648					64
16649	4	0x008e	32546	64	8
16650					64
16651	4	0x008e	48674	64	8
16652					64
16653	4	0x008e	64802	4	8
16654					4
16655	4	0x008e	16674	2	8
16656					2
16657	4	0x0082	0	8	16
16658					0
16663	4	0x008e	290	64	8
16664					64
16665	4	0x008e	16418	64	8
16666					64
16667	4	0x008e	32546	64	8
16668					64
16669	4	0x008e	48674	64	8
16670					64
16671	4	0x008e	64802	4	8
16672					4
16673	4	0x008e	16674	2	8
16674					2
16675	4	0x0082	0	8	16
16676					0
16681	4	0x008e	290	64	8
16682					64
16683	4	0x008e	16418	64	8
16684					64
16685	4	0x008e	32546	64	8
16686					64
16687	4	0x008e	48674	64	8
16688					64
16689	4	0x008e	64802	4	8
16690					4
16691	4	0x008e	16674	2	8
16692					2
16693	4	0x0082	0	8	16
16694					0
16699	4	0x008e	290	64	8
16700					64
16701	4	0x008e	16418	64	8
16702					64
16703	4	0x008e	32546	64	8
16704					64
16705	4	0x008e	48674	64	8
16706					64
16707	4	0x008e	64802	4	8
16708					4
16709	4	0x008e	16674	2	8
16710					2
16711	4	0x0082	0	8	16
16712					0
16717	4	0x008e	290	64	8
16718					64
16719	4	0x008e	16418	64	8
16720					64
16721	4	0x008e	32546	64	8
16722					64
16723	4	0x008e	48674	64	8
16724					64
16725	4	0x008e	64802	4	8
16726					4
16727	4	0x008e	16674	2	8
16728					2
16729	4	0x0082	0	8	16
16730					0
16735	4	0x008e	290	64	8
16736					64
16737	4	0x008e	16418	64	8
16738					64
16739	4	0x008e	32546	64	8
16740					64
16741	4	0x008e	48674	64	8
16742					64
16743	4	0x008e	64802	4	8
16744					4
16745	4	0x008e	16674	2	8
16746					2
16747	4	0x0082	0	8	16
16748					0
16753	4	0x008e	290	64	8
16754					64
16755	4	0x008e	16418	64	8
16756					64
16757	4	0x008e	32546	64	8
16758					64
16759	4	0x008e	48674	64	8
16760					64
16761	4	0x008e	64802	4	8
16762					4
16763	4	0x008e	16674	2	8
16764					2
16765	4	0x0082	0	8	16
16766					0
16771	4	0x008e	290	64	8
16772					64
16773	4	0x008e	16418	64	8
16774					64
16775	4	0x008e	32546	64	8
16776					64
16777	4	0x008e	48674	64	8
16778					64
16779	4	0x008e	64802	4	8
16780					4
16781	4	0x008e	16674	2	8
16782					2
16783	4	0x0082	0	8	16
16784					0
16789	4	0x008e	290	64	8
16790					64
16791	4	0x008e	16418	64	8
16792					64
16793	4	0x008e	32546	64	8
16794					64
16795	4	0x008e	48674	64	8
16796					64
16797	4	0x008e	64802	4	8
16798					4
16799	4	0x008e	16674	2	8
16800					2
16801	4	0x008e	290	64	8
16802					64
16803	4	0x008e	16418	64	8
16804					64
16805	4	0x008e	32546	64	8
16806					64
16807	4	0x008e	48674	64	8
16808					64
16809	4	0x008e	64802	4	8
16810					4
16811	4	0x008e	16674	2	8
16812					2
16813	4	0x008e	290	64	8
16814					64
16815	4	0x008e	16418	64	8
16816					64
16817	4	0x008e	32546	64	8
16818					64
16819	4	0x008e	48674	64	8
16820					64
16821	4	0x008e	64802	4	8
16822					4
16823	4	0x008e	16674	2	8
16824					2
16825	4	0x008e	290	64	8
16826					64
16827	4	0x008e	16418	64	8
16828					64
16829	4	0x008e	32546	64	8
16830					64
16831	4	0x008e	48674	64	8
16832					64
16833	4	0x008e	64802	4	8
16834					4
16835	4	0x008e	16674	2	8
16836					2
16837	4	0x008e	290	64	8
16838					64
16839	4	0x008e	16418	64	8
16840					64
16841	4	0x008e	32546	64	8
16842					64
16843	4	0x008e	48674	64	8
16844					64
16845	4	0x008e	64802	4	8
16846					4
16847	4	0x008e	16674	2	8
16848					2
16849	4	0x008e	290	64	8
16850					64
16851	4	0x008e	16418	64	8
16852					64
16853	4	0x008e	32546	64	8
16854					64
16855	4	0x008e	48674	64	8
16856					64
16857	4	0x008e	64802	4	8
16858					4
16859	4	0x008e	16674	2	8
16860					2
16861	4	0x008e	290	64	8
16862					64
16863	4	0x008e	16418	64	8
16864					64
16865	4	0x008e	32546	64	8
16866					64
16867	4	0x008e	48674	64	8
16868					64
16869	4	0x008e	64802	4	8
16870					4
16871	4	0x008e	16674	2	8
16872					2
16873	4	0x008e	290	64	8
16874					64
16875	4	0x008e	16418	64	8
16876					64
16877	4	0x008e	32546	64	8
16878					64
16879	4	0x008e	48674	64	8
16880					64
16881	4	0x008e	64802	4	8
16882					4
16883	4	0x008e	16674	2	8
16884					2
16885	4	0x008e	290	64	8
16886					64
16887	4	0x008e	16418	64	8
16888					64
16889	4	0x008e	32546	64	8
16890					64
16891	4	0x008e	48674	64	8
16892					64
16893	4	0x008e	64802	4	8
16894					4
16895	4	0x008e	16674	2	8
16896					2
16897	4	0x008e	290	64	8
16898					64
16899	4	0x008e	16418	64	8
16900					64
16901	4	0x008e	32546	64	8
16902					64
16903	4	0x008e	48674	64	8
16904					64
16905	4	0x008e	64802	4	8
16906					4
16907	4	0x008e	16674	2	8
16908					2
16909	4	0x008e	290	64	8
16910					64
16911	4	0x008e	16418	64	8
16912					64
16913	4	0x008e	32546	64	8
16914					64
16915	4	0x008e	48674	64	8
16916					64
16917	4	0x008e	64802	4	8
16918					4
16919	4	0x008e	16674	2	8
16920					2
16921	4	0x008e	290	64	8
16922					64
16923	4	0x008e	16418	64	8
16924					64
16925	4	0x008e	32546	64	8
16926					64
16927	4	0x008e	48674	64	8
16928					64
16929	4	0x008e	64802	4	8
16930					4
16931	4	0x008e	16674	2	8
16932					2
16933	4	0x008e	290	64	8
16934					64
16935	4	0x008e	16418	64	8
16936					64
16937	4	0x008e	32546	64	8
16938					64
16939	4	0x008e	48674	64	8
16940					64
16941	4	0x008e	64802	4	8
16942					4
16943	4	0x008e	16674	2	8
16944					2
16945	4	0x008e	290	64	8
16946					64
16947	4	0x008e	16418	64	8
16948					64
16949	4	0x008e	32546	64	8
16950					64
16951	4	0x008e	48674	64	8
16952					64
16953	4	0x008e	64802	4	8
16954					4
16955	4	0x008e	16674	2	8
16956					2
16957	4	0x008e	290	64	8
16958					64
16959	4	0x008e	16418	64	8
16960					64
16961	4	0x008e	32546	64	8
16962					64
16963	4	0x008e	48674	64	8
16964					64
16965	4	0x008e	64802	4	8
16966					4
16967	4	0x008e	16674	2	8
16968					2
16969	4	0x008e	290	64	8
16970					64
16971	4	0x008e	16418	64	8
16972					64
16973	4	0x008e	32546	64	8
16974					64
16975	4	0x008e	48674	64	8
16976					64
16977	4	0x008e	64802	4	8
16978					4
16979	4	0x008e	16674	2	8
16980					2
16981	4	0x008e	290	64	8
16982					64
16983	4	0x008e	16418	64	8
16984					64
16985	4	0x008e	32546	64	8
16986					64
16987	4	0x008e	48674	64	8
16988					64
16989	4	0x008e	64802	4	8
16990					4
16991	4	0x008e	16674	2	8
16992					2
16993	4	0x008e	290	64	8
16994					64
16995	4	0x008e	16418	64	8
16996					64
16997	4	0x008e	32546	64	8
16998					64
16999	4	0x008e	48674	64	8
17000					64
17001	4	0x008e	64802	4	8
17002					4
17003	4	0x008e	16674	2	8
17004					2
17005	4	0x008e	290	64	8
17006					64
17007	4	0x008e	16418	64	8
17008					64
17009	4	0x008e	32546	64	8
17010					64
17011	4	0x008e	48674	64	8
17012					64
17013	4	0x008e	64802	4	8
17014					4
17015	4	0x008e	16674	2	8
17016					2
17017	4	0x008e	290	64	8
17018					64
17019	4	0x008e	16418	64	8
17020					64
17021	4	0x008e	32546	64	8
17022					64
17023	4	0x008e	48674	64	8
17024					64
17025	4	0x008e	64802	4	8
17026					4
17027	4	0x008e	16674	2	8
17028					2
17029	4	0x008e	290	64	8
17030					64
17031	4	0x008e	16418	64	8
17032					64
17033	4	0x008e	32546	64	8
17034					64
17035	4	0x008e	48674	64	8
17036					64
17037	4	0x008e	64802	4	8
17038					4
17039	4	0x008e	16674	2	8
17040					2
17041	4	0x008e	290	64	8
17042					64
17043	4	0x008e	16418	64	8
17044					64
17045	4	0x008e	32546	64	8
17046					64
17047	4	0x008e	48674	64	8
17048					64
17049	4	0x008e	64802	4	8
17050					4
17051	4	0x008e	16674	2	8
17052					2
17053	4	0x008e	290	64	8
17054					64
17055	4	0x008e	16418	64	8
17056					64
17057	4	0x008e	32546	64	8
17058					64
17059	4	0x008e	48674	64	8
17060					64
17061	4	0x008e	64802	4	8
17062					4
17063	4	0x008e	16674	2	8
17064					2
17065	4	0x008e	290	64	8
17066					64
17067	4	0x008e	16418	64	8
17068					64
17069	4	0x008e	32546	64	8
17070					64
17071	4	0x008e	48674	64	8
17072					64
17073	4	0x008e	64802	4	8
17074					4
17075	4	0x008e	16674	2	8
17076					2
17077	4	0x008e	290	64	8
17078					64
17079	4	0x008e	16418	64	8
17080					64
17081	4	0x008e	32546	64	8
17082					64
17083	4	0x008e	48674	64	8
17084					64
17085	4	0x008e	64802	4	8
17086					4
17087	4	0x008e	16674	2	8
17088					2
17089	4	0x008e	290	64	8
17090					64
17091	4	0x008e	16418	64	8
17092					64
17093	4	0x008e	32546	64	8
17094					64
17095	4	0x008e	48674	64	8
17096					64
17097	4	0x008e	64802	4	8
17098					4
17099	4	0x008e	16674	2	8
17100					2
17101	4	0x008e	290	64	8
17102					64
17103	4	0x008e	16418	64	8
17104					64
17105	4	0x008e	32546	64	8
17106					64
17107	4	0x008e	48674	64	8
17108					64
17109	4	0x008e	64802	4	8
17110					4
17111	4	0x008e	16674	2	8
17112					2
17113	4	0x008e	290	64	8
17114					64
17115	4	0x008e	16418	64	8
17116					64
17117	4	0x008e	32546	64	8
17118					64
17119	4	0x008e	48674	64	8
17120					64
17121	4	0x008e	64802	4	8
17122					4
17123	4	0x008e	16674	2	8
17124					2
17125	4	0x008e	290	64	8
17126					64
17127	4	0x008e	16418	64	8
17128					64
17129	4	0x008e	32546	64	8
17130					64
17131	4	0x008e	48674	64	8
17132					64
17133	4	0x008e	64802	4	8
17134					4
17135	4	0x008e	16674	2	8
17136					2
17137	4	0x008e	290	64	8
17138					64
17139	4	0x008e	16418	64	8
17140					64
17141	4	0x008e	32546	64	8
17142					64
17143	4	0x008e	48674	64	8
17144					64
17145	4	0x008e	64802	4	8
17146					4
17147	4	0x008e	16674	2	8
17148					2
17149	4	0x008e	290	64	8
17150					64
17151	4	0x008e	16418	64	8
17152					64
17153	4	0x008e	32546	64	8
17154					64
17155	4	0x008e	48674	64	8
17156					64
17157	4	0x008e	64802	4	8
17158					4
17159	4	0x008e	16674	2	8
17160					2
17161	4	0x008e	290	64	8
17162					64
17163	4	0x008e	16418	64	8
17164					64
17165	4	0x008e	32546	64	8
17166					64
17167	4	0x008e	48674	64	8
17168					64
17169	4	0x008e	64802	4	8
17170					4
17171	4	0x008e	16674	2	8
17172					2
17173	4	0x008e	290	64	8
17174					64
17175	4	0x008e	16418	64	8
17176					64
17177	4	0x008e	32546	64	8
17178					64
17179	4	0x008e	48674	64	8
17180					64
17181	4	0x008e	64802	4	8
17182					4
17183	4	0x008e	16674	2	8
17184					2
17185	4	0x008e	290	64	8
17186					64
17187	4	0x008e	16418	64	8
17188					64
17189	4	0x008e	32546	64	8
17190					64
17191	4	0x008e	48674	64	8
17192					64
17193	4	0x008e	64802	4	8
17194					4
17195	4	0x008e	16674	2	8
17196					2
17197	4	0x008e	290	64	8
17198					64
17199	4	0x008e	16418	64	8
17200					64
17201	4	0x008e	32546	64	8
17202					64
17203	4	0x008e	48674	64	8
17204					64
17205	4	0x008e	64802	4	8
17206					4
17207	4	0x008e	16674	2	8
17208					2
17209	4	0x008e	290	64	8
17210					64
17211	4	0x008e	16418	64	8
17212					64
17213	4	0x008e	32546	64	8
17214					64
17215	4	0x008e	48674	64	8
17216					64
17217	4	0x008e	64802	4	8
17218					4
17219	4	0x008e	16674	2	8
17220					2
17221	4	0x008e	290	64	8
17222					64
17223	4	0x008e	16418	64	8
17224					64
17225	4	0x008e	32546	64	8
17226					64
17227	4	0x008e	48674	64	8
17228					64
17229	4	0x008e	64802	4	8
17230					4
17231	4	0x008e	16674	2	8
17232					2
17233	4	0x008e	290	64	8
17234					64
17235	4	0x008e	16418	64	8
17236					64
17237	4	0x008e	32546	64	8
17238					64
17239	4	0x008e	48674	64	8
17240					64
17241	4	0x008e	64802	4	8
17242					4
17243	4	0x008e	16674	2	8
17244					2
17245	4	0x008e	290	64	8
17246					64
17247	4	0x008e	16418	64	8
17248					64
17249	4	0x008e	32546	64	8
17250					64
17251	4	0x008e	48674	64	8
17252					64
17253	4	0x008e	64802	4	8
17254					4
17255	4	0x008e	16674	2	8
17256					2
17257	4	0x008e	290	64	8
17258					64
17259	4	0x008e	16418	64	8
17260					64
17261	4	0x008e	32546	64	8
17262					64
17263	4	0x008e	48674	64	8
17264					64
17265	4	0x008e	64802	4	8
17266					4
17267	4	0x008e	16674	2	8
17268					2
17269	4	0x008e	290	64	8
17270					64
17271	4	0x008e	16418	64	8
17272					64
17273	4	0x008e	32546	64	8
17274					64
17275	4	0x008e	48674	64	8
17276					64
17277	4	0x008e	64802	4	8
17278					4
17279	4	0x008e	16674	2	8
17280					2
17281	4	0x008e	290	64	8
17282					64
17283	4	0x008e	16418	64	8
17284					64
17285	4	0x008e	32546	64	8
17286					64
17287	4	0x008e	48674	64	8
17288					64
17289	4	0x008e	64802	4	8
17290					4
17291	4	0x008e	16674	2	8
17292					2
17293	4	0x008e	290	64	8
17294					64
17295	4	0x008e	16418	64	8
17296					64
17297	4	0x008e	32546	64	8
17298					64
17299	4	0x008e	48674	64	8
17300					64
17301	4	0x008e	64802	4	8
17302					4
17303	4	0x008e	16674	2	8
17304					2
17305	4	0x008e	290	64	8
17306					64
17307	4	0x008e	16418	64	8
17308					64
17309	4	0x008e	32546	64	8
17310					64
17311	4	0x008e	48674	64	8
17312					64
17313	4	0x008e	64802	4	8
17314					4
17315	4	0x008e	16674	2	8
17316					2
17317	4	0x008e	290	64	8
17318					64
17319	4	0x008e	16418	64	8
17320					64
17321	4	0x008e	32546	64	8
17322					64
17323	4	0x008e	48674	64	8
17324					64
17325	4	0x008e	64802	4	8
17326					4
17327	4	0x008e	16674	2	8
17328					2
17329	4	0x008e	290	64	8
17330					64
17331	4	0x008e	16418	64	8
17332					64
17333	4	0x008e	32546	64	8
17334					64
17335	4	0x008e	48674	64	8
17336					64
17337	4	0x008e	64802	4	8
17338					4
17339	4	0x008e	16674	2	8
17340					2
17341	4	0x008e	290	64	8
17342					64
17343	4	0x008e	16418	64	8
17344					64
17345	4	0x008e	32546	64	8
17346					64
17347	4	0x008e	48674	64	8
17348					64
17349	4	0x008e	64802	4	8
17350					4
17351	4	0x008e	16674	2	8
17352					2
17353	4	0x008e	290	64	8
17354					64
17355	4	0x008e	16418	64	8
17356					64
17357	4	0x008e	32546	64	8
17358					64
17359	4	0x008e	48674	64	8
17360					64
17361	4	0x008e	64802	4	8
17362					4
17363	4	0x008e	16674	2	8
17364					2
17365	4	0x008e	290	64	8
17366					64
17367	4	0x008e	16418	64	8
17368					64
17369	4	0x008e	32546	64	8
17370					64
17371	4	0x008e	48674	64	8
17372					64
17373	4	0x008e	64802	4	8
17374					4
17375	4	0x008e	16674	2	8
17376					2
17377	4	0x008e	290	64	8
17378					64
17379	4	0x008e	16418	64	8
17380					64
17381	4	0x008e	32546	64	8
17382					64
17383	4	0x008e	48674	64	8
17384					64
17385	4	0x008e	64802	4	8
17386					4
17387	4	0x008e	16674	2	8
17388					2
17389	4	0x008e	290	64	8
17390					64
17391	4	0x008e	16418	64	8
17392					64
17393	4	0x008e	32546	64	8
17394					64
17395	4	0x008e	48674	64	8
17396					64
17397	4	0x008e	64802	4	8
17398					4
17399	4	0x008e	16674	2	8
17400					2
17401	4	0x008e	290	64	8
17402					64
17403	4	0x008e	16418	64	8
17404					64
17405	4	0x008e	32546	64	8
17406					64
17407	4	0x008e	48674	64	8
17408					64
17409	4	0x008e	64802	4	8
17410					4
17411	4	0x008e	16674	2	8
17412					2
17413	4	0x008e	290	64	8
17414					64
17415	4	0x008e	16418	64	8
17416					64
17417	4	0x008e	32546	64	8
17418					64
17419	4	0x008e	48674	64	8
17420					64
17421	4	0x008e	64802	4	8
17422					4
17423	4	0x008e	16674	2	8
17424					2
17425	4	0x008e	290	64	8
17426					64
17427	4	0x008e	16418	64	8
17428					64
17429	4	0x008e	32546	64	8
17430					64
17431	4	0x008e	48674	64	8
17432					64
17433	4	0x008e	64802	4	8
17434					4
17435	4	0x008e	16674	2	8
17436					2
17437	4	0x008e	290	64	8
17438					64
17439	4	0x008e	16418	64	8
17440					64
17441	4	0x008e	32546	64	8
17442					64
17443	4	0x008e	48674	64	8
17444					64
17445	4	0x008e	64802	4	8
17446					4
17447	4	0x008e	16674	2	8
17448					2
17449	4	0x008e	290	64	8
17450					64
17451	4	0x008e	16418	64	8
17452					64
17453	4	0x008e	32546	64	8
17454					64
17455	4	0x008e	48674	64	8
17456					64
17457	4	0x008e	64802	4	8
17458					4
17459	4	0x008e	16674	2	8
17460					2
17461	4	0x008e	290	64	8
17462					64
17463	4	0x008e	16418	64	8
17464					64
17465	4	0x008e	32546	64	8
17466					64
17467	4	0x008e	48674	64	8
17468					64
17469	4	0x008e	64802	4	8
17470					4
17471	4	0x008e	16674	2	8
17472					2
17473	4	0x008e	290	64	8
17474					64
17475	4	0x008e	16418	64	8
17476					64
17477	4	0x008e	32546	64	8
17478					64
17479	4	0x008e	48674	64	8
17480					64
17481	4	0x008e	64802	4	8
17482					4
17483	4	0x008e	16674	2	8
17484					2
17485	4	0x008e	290	64	8
17486					64
17487	4	0x008e	16418	64	8
17488					64
17489	4	0x008e	32546	64	8
17490					64
17491	4	0x008e	48674	64	8
17492					64
17493	4	0x008e	64802	4	8
17494					4
17495	4	0x008e	16674	2	8
17496					2
17497	4	0x008e	290	64	8
17498					64
17499	4	0x008e	16418	64	8
17500					64
17501	4	0x008e	32546	64	8
17502					64
17503	4	0x008e	48674	64	8
17504					64
17505	4	0x008e	64802	4	8
17506					4
17507	4	0x008e	16674	2	8
17508					2
17509	4	0x008e	290	64	8
17510					64
17511	4	0x008e	16418	64	8
17512					64
17513	4	0x008e	32546	64	8
17514					64
17515	4	0x008e	48674	64	8
17516					64
17517	4	0x008e	64802	4	8
17518					4
17519	4	0x008e	16674	2	8
17520					2
17521	4	0x008e	290	64	8
17522					64
17523	4	0x008e	16418	64	8
17524					64
17525	4	0x008e	32546	64	8
17526					64
17527	4	0x008e	48674	64	8
17528					64
17529	4	0x008e	64802	4	8
17530					4
17531	4	0x008e	16674	2	8
17532					2
17533	4	0x008e	290	64	8
17534					64
17535	4	0x008e	16418	64	8
17536					64
17537	4	0x008e	32546	64	8
17538					64
17539	4	0x008e	48674	64	8
17540					64
17541	4	0x008e	64802	4	8
17542					4
17543	4	0x008e	16674	2	8
17544					2
17545	4	0x008e	290	64	8
17546					64
17547	4	0x008e	16418	64	8
17548					64
17549	4	0x008e	32546	64	8
17550					64
17551	4	0x008e	48674	64	8
17552					64
17553	4	0x008e	64802	4	8
17554					4
17555	4	0x008e	16674	2	8
17556					2
17557	4	0x008e	290	64	8
17558					64
17559	4	0x008e	16418	64	8
17560					64
17561	4	0x008e	32546	64	8
17562					64
17563	4	0x008e	48674	64	8
17564					64
17565	4	0x008e	64802	4	8
17566					4
17567	4	0x008e	16674	2	8
17568					2
17569	4	0x008e	290	64	8
17570					64
17571	4	0x008e	16418	64	8
17572					64
17573	4	0x008e	32546	64	8
17574					64
17575	4	0x008e	48674	64	8
17576					64
17577	4	0x008e	64802	4	8
17578					4
17579	4	0x008e	16674	2	8
17580					2
17581	4	0x008e	290	64	8
17582					64
17583	4	0x008e	16418	64	8
17584					64
17585	4	0x008e	32546	64	8
17586					64
17587	4	0x008e	48674	64	8
17588					64
17589	4	0x008e	64802	4	8
17590					4
17591	4	0x008e	16674	2	8
17592					2
17593	4	0x008e	290	64	8
17594					64
17595	4	0x008e	16418	64	8
17596					64
17597	4	0x008e	32546	64	8
17598					64
17599	4	0x008e	48674	64	8
17600					64
17601	4	0x008e	64802	4	8
17602					4
17603	4	0x008e	16674	2	8
17604					2
17605	4	0x008e	290	64	8
17606					64
17607	4	0x008e	16418	64	8
17608					64
17609	4	0x008e	32546	64	8
17610					64
17611	4	0x008e	48674	64	8
17612					64
17613	4	0x008e	64802	4	8
17614					4
17615	4	0x008e	16674	2	8
17616					2
17617	4	0x008e	290	64	8
17618					64
17619	4	0x008e	16418	64	8
17620					64
17621	4	0x008e	32546	64	8
17622					64
17623	4	0x008e	48674	64	8
17624					64
17625	4	0x008e	64802	4	8
17626					4
17627	4	0x008e	16674	2	8
17628					2
17629	4	0x008e	290	64	8
17630					64
17631	4	0x008e	16418	64	8
17632					64
17633	4	0x008e	32546	64	8
17634					64
17635	4	0x008e	48674	64	8
17636					64
17637	4	0x008e	64802	4	8
17638					4
17639	4	0x008e	16674	2	8
17640					2
17641	4	0x008e	290	64	8
17642					64
17643	4	0x008e	16418	64	8
17644					64
17645	4	0x008e	32546	64	8
17646					64
17647	4	0x008e	48674	64	8
17648					64
17649	4	0x008e	64802	4	8
17650					4
17651	4	0x008e	16674	2	8
17652					2
17653	4	0x008e	290	64	8
17654					64
17655	4	0x008e	16418	64	8
17656					64
17657	4	0x008e	32546	64	8
17658					64
17659	4	0x008e	48674	64	8
17660					64
17661	4	0x008e	64802	4	8
17662					4
17663	4	0x008e	16674	2	8
17664					2
17665	4	0x008e	290	64	8
17666					64
17667	4	0x008e	16418	64	8
17668					64
17669	4	0x008e	32546	64	8
17670					64
17671	4	0x008e	48674	64	8
17672					64
17673	4	0x008e	64802	4	8
17674					4
17675	4	0x008e	16674	2	8
17676					2
17677	4	0x008e	290	64	8
17678					64
17679	4	0x008e	16418	64	8
17680					64
17681	4	0x008e	32546	64	8
17682					64
17683	4	0x008e	48674	64	8
17684					64
17685	4	0x008e	64802	4	8
17686					4
17687	4	0x008e	16674	2	8
17688					2
17689	4	0x008e	290	64	8
17690					64
17691	4	0x008e	16418	64	8
17692					64
17693	4	0x008e	32546	64	8
17694					64
17695	4	0x008e	48674	64	8
17696					64
17697	4	0x008e	64802	4	8
17698					4
17699	4	0x008e	16674	2	8
17700					2
17701	4	0x008e	290	64	8
17702					64
17703	4	0x008e	16418	64	8
17704					64
17705	4	0x008e	32546	64	8
17706					64
17707	4	0x008e	48674	64	8
17708					64
17709	4	0x008e	64802	4	8
17710					4
17711	4	0x008e	16674	2	8
17712					2
17713	4	0x008e	290	64	8
17714					64
17715	4	0x008e	16418	64	8
17716					64
17717	4	0x008e	32546	64	8
17718					64
17719	4	0x008e	48674	64	8
17720					64
17721	4	0x008e	64802	4	8
17722					4
17723	4	0x008e	16674	2	8
17724					2
17725	4	0x008e	290	64	8
17726					64
17727	4	0x008e	16418	64	8
17728					64
17729	4	0x008e	32546	64	8
17730					64
17731	4	0x008e	48674	64	8
17732					64
17733	4	0x008e	64802	4	8
17734					4
17735	4	0x008e	16674	2	8
17736					2
17737	4	0x008e	290	64	8
17738					64
17739	4	0x008e	16418	64	8
17740					64
17741	4	0x008e	32546	64	8
17742					64
17743	4	0x008e	48674	64	8
17744					64
17745	4	0x008e	64802	4	8
17746					4
17747	4	0x008e	16674	2	8
17748					2
17749	4	0x008e	290	64	8
17750					64
17751	4	0x008e	16418	64	8
17752					64
17753	4	0x008e	32546	64	8
17754					64
17755	4	0x008e	48674	64	8
17756					64
17757	4	0x008e	64802	4	8
17758					4
17759	4	0x008e	16674	2	8
17760					2
17761	4	0x008e	290	64	8
17762					64
17763	4	0x008e	16418	64	8
17764					64
17765	4	0x008e	32546	64	8
17766					64
17767	4	0x008e	48674	64	8
17768					64
17769	4	0x008e	64802	4	8
17770					4
17771	4	0x008e	16674	2	8
17772					2
17773	4	0x008e	290	64	8
17774					64
17775	4	0x008e	16418	64	8
17776					64
17777	4	0x008e	32546	64	8
17778					64
17779	4	0x008e	48674	64	8
17780					64
17781	4	0x008e	64802	4	8
17782					4
17783	4	0x008e	16674	2	8
17784					2
17785	4	0x008e	290	64	8
17786					64
17787	4	0x008e	16418	64	8
17788					64
17789	4	0x008e	32546	64	8
17790					64
17791	4	0x008e	48674	64	8
17792					64
17793	4	0x008e	64802	4	8
17794					4
17795	4	0x008e	16674	2	8
17796					2
17797	4	0x008e	290	64	8
17798					64
17799	4	0x008e	16418	64	8
17800					64
17801	4	0x008e	32546	64	8
17802					64
17803	4	0x008e	48674	64	8
17804					64
17805	4	0x008e	64802	4	8
17806					4
17807	4	0x008e	16674	2	8
17808					2
17809	4	0x008e	290	64	8
17810					64
17811	4	0x008e	16418	64	8
17812					64
17813	4	0x008e	32546	64	8
17814					64
17815	4	0x008e	48674	64	8
17816					64
17817	4	0x008e	64802	4	8
17818					4
17819	4	0x008e	16674	2	8
17820					2
17821	4	0x008e	290	64	8
17822					64
17823	4	0x008e	16418	64	8
17824					64
17825	4	0x008e	32546	64	8
17826					64
17827	4	0x008e	48674	64	8
17828					64
17829	4	0x008e	64802	4	8
17830					4
17831	4	0x008e	16674	2	8
17832					2
17833	4	0x008e	290	64	8
17834					64
17835	4	0x008e	16418	64	8
17836					64
17837	4	0x008e	32546	64	8
17838					64
17839	4	0x008e	48674	64	8
17840					64
17841	4	0x008e	64802	4	8
17842					4
17843	4	0x008e	16674	2	8
17844					2
17845	4	0x008e	290	64	8
17846					64
17847	4	0x008e	16418	64	8
17848					64
17849	4	0x008e	32546	64	8
17850					64
17851	4	0x008e	48674	64	8
17852					64
17853	4	0x008e	64802	4	8
17854					4
17855	4	0x008e	16674	2	8
17856					2
17857	4	0x008e	290	64	8
17858					64
17859	4	0x008e	16418	64	8
17860					64
17861	4	0x008e	32546	64	8
17862					64
17863	4	0x008e	48674	64	8
17864					64
17865	4	0x008e	64802	4	8
17866					4
17867	4	0x008e	16674	2	8
17868					2
17869	4	0x008e	290	64	8
17870					64
17871	4	0x008e	16418	64	8
17872					64
17873	4	0x008e	32546	64	8
17874					64
17875	4	0x008e	48674	64	8
17876					64
17877	4	0x008e	64802	4	8
17878					4
17879	4	0x008e	16674	2	8
17880					2
17881	4	0x008e	290	64	8
17882					64
17883	4	0x008e	16418	64	8
17884					64
17885	4	0x008e	32546	64	8
17886					64
17887	4	0x008e	48674	64	8
17888					64
17889	4	0x008e	64802	4	8
17890					4
17891	4	0x008e	16674	2	8
17892					2
17893	4	0x008e	290	64	8
17894					64
17895	4	0x008e	16418	64	8
17896					64
17897	4	0x008e	32546	64	8
17898					64
17899	4	0x008e	48674	64	8
17900					64
17901	4	0x008e	64802	4	8
17902					4
17903	4	0x008e	16674	2	8
17904					2
17905	4	0x008e	290	64	8
17906					64
17907	4	0x008e	16418	64	8
17908					64
17909	4	0x008e	32546	64	8
17910					64
17911	4	0x008e	48674	64	8
17912					64
17913	4	0x008e	64802	4	8
17914					4
17915	4	0x008e	16674	2	8
17916					2
17917	4	0x008e	290	64	8
17918					64
17919	4	0x008e	16418	64	8
17920					64
17921	4	0x008e	32546	64	8
17922					64
17923	4	0x008e	48674	64	8
17924					64
17925	4	0x008e	64802	4	8
17926					4
17927	4	0x008e	16674	2	8
17928					2
17929	4	0x008e	290	64	8
17930					64
17931	4	0x008e	16418	64	8
17932					64
17933	4	0x008e	32546	64	8
17934					64
17935	4	0x008e	48674	64	8
17936					64
17937	4	0x008e	64802	4	8
17938					4
17939	4	0x008e	16674	2	8
17940					2
17941	4	0x008e	290	64	8
17942					64
17943	4	0x008e	16418	64	8
17944					64
17945	4	0x008e	32546	64	8
17946					64
17947	4	0x008e	48674	64	8
17948					64
17949	4	0x008e	64802	4	8
17950					4
17951	4	0x008e	16674	2	8
17952					2
17953	4	0x008e	290	64	8
17954					64
17955	4	0x008e	16418	64	8
17956					64
17957	4	0x008e	32546	64	8
17958					64
17959	4	0x008e	48674	64	8
17960					64
17961	4	0x008e	64802	4	8
17962					4
17963	4	0x008e	16674	2	8
17964					2
17965	4	0x008e	290	64	8
17966					64
17967	4	0x008e	16418	64	8
17968					64
17969	4	0x008e	32546	64	8
17970					64
17971	4	0x008e	48674	64	8
17972					64
17973	4	0x008e	64802	4	8
17974					4
17975	4	0x008e	16674	2	8
17976					2
17977	4	0x008e	290	64	8
17978					64
17979	4	0x008e	16418	64	8
17980					64
17981	4	0x008e	32546	64	8
17982					64
17983	4	0x008e	48674	64	8
17984					64
17985	4	0x008e	64802	4	8
17986					4
17987	4	0x008e	16674	2	8
17988					2
17989	4	0x008e	290	64	8
17990					64
17991	4	0x008e	16418	64	8
17992					64
17993	4	0x008e	32546	64	8
17994					64
17995	4	0x008e	48674	64	8
17996					64
17997	4	0x008e	64802	4	8
17998					4
17999	4	0x008e	16674	2	8
18000					2
18001	4	0x008e	290	64	8
18002					64
18003	4	0x008e	16418	64	8
18004					64
18005	4	0x008e	32546	64	8
18006					64
18007	4	0x008e	48674	64	8
18008					64
18009	4	0x008e	64802	4	8
18010					4
18011	4	0x008e	16674	2	8
18012					2
18013	4	0x008e	290	64	8
18014					64
18015	4	0x008e	16418	64	8
18016					64
18017	4	0x008e	32546	64	8
18018					64
18019	4	0x008e	48674	64	8
18020					64
18021	4	0x008e	64802	4	8
18022					4
18023	4	0x008e	16674	2	8
18024					2
18025	4	0x008e	290	64	8
18026					64
18027	4	0x008e	16418	64	8
18028					64
18029	4	0x008e	32546	64	8
18030					64
18031	4	0x008e	48674	64	8
18032					64
18033	4	0x008e	64802	4	8
18034					4
18035	4	0x008e	16674	2	8
18036					2
18037	4	0x008e	290	64	8
18038					64
18039	4	0x008e	16418	64	8
18040					64
18041	4	0x008e	32546	64	8
18042					64
18043	4	0x008e	48674	64	8
18044					64
18045	4	0x008e	64802	4	8
18046					4
18047	4	0x008e	16674	2	8
18048					2
18049	4	0x008e	290	64	8
18050					64
18051	4	0x008e	16418	64	8
18052					64
18053	4	0x008e	32546	64	8
18054					64
18055	4	0x008e	48674	64	8
18056					64
18057	4	0x008e	64802	4	8
18058					4
18059	4	0x008e	16674	2	8
18060					2
18061	4	0x008e	290	64	8
18062					64
18063	4	0x008e	16418	64	8
18064					64
18065	4	0x008e	32546	64	8
18066					64
18067	4	0x008e	48674	64	8
18068					64
18069	4	0x008e	64802	4	8
18070					4
18071	4	0x008e	16674	2	8
18072					2
18073	4	0x008e	290	64	8
18074					64
18075	4	0x008e	16418	64	8
18076					64
18077	4	0x008e	32546	64	8
18078					64
18079	4	0x008e	48674	64	8
18080					64
18081	4	0x008e	64802	4	8
18082					4
18083	4	0x008e	16674	2	8
18084					2
18085	4	0x008e	290	64	8
18086					64
18087	4	0x008e	16418	64	8
18088					64
18089	4	0x008e	32546	64	8
18090					64
18091	4	0x008e	48674	64	8
18092					64
18093	4	0x008e	64802	4	8
18094					4
18095	4	0x008e	16674	2	8
18096					2
18097	4	0x008e	290	64	8
18098					64
18099	4	0x008e	16418	64	8
18100					64
18101	4	0x008e	32546	64	8
18102					64
18103	4	0x008e	48674	64	8
18104					64
18105	4	0x008e	64802	4	8
18106					4
18107	4	0x008e	16674	2	8
18108					2
18109	4	0x008e	290	64	8
18110					64
18111	4	0x008e	16418	64	8
18112					64
18113	4	0x008e	32546	64	8
18114					64
18115	4	0x008e	48674	64	8
18116					64
18117	4	0x008e	64802	4	8
18118					4
18119	4	0x008e	16674	2	8
18120					2
18121	4	0x008e	290	64	8
18122					64
18123	4	0x008e	16418	64	8
18124					64
18125	4	0x008e	32546	64	8
18126					64
18127	4	0x008e	48674	64	8
18128					64
18129	4	0x008e	64802	4	8
18130					4
18131	4	0x008e	16674	2	8
18132					2
18133	4	0x008e	290	64	8
18134					64
18135	4	0x008e	16418	64	8
18136					64
18137	4	0x008e	32546	64	8
18138					64
18139	4	0x008e	48674	64	8
18140					64
18141	4	0x008e	64802	4	8
18142					4
18143	4	0x008e	16674	2	8
18144					2
18145	4	0x008e	290	64	8
18146					64
18147	4	0x008e	16418	64	8
18148					64
18149	4	0x008e	32546	64	8
18150					64
18151	4	0x008e	48674	64	8
18152					64
18153	4	0x008e	64802	4	8
18154					4
18155	4	0x008e	16674	2	8
18156					2
18157	4	0x008e	290	64	8
18158					64
18159	4	0x008e	16418	64	8
18160					64
18161	4	0x008e	32546	64	8
18162					64
18163	4	0x008e	48674	64	8
18164					64
18165	4	0x008e	64802	4	8
18166					4
18167	4	0x008e	16674	2	8
18168					2
18169	4	0x008e	290	64	8
18170					64
18171	4	0x008e	16418	64	8
18172					64
18173	4	0x008e	32546	64	8
18174					64
18175	4	0x008e	48674	64	8
18176					64
18177	4	0x008e	64802	4	8
18178					4
18179	4	0x008e	16674	2	8
18180					2
18181	4	0x008e	290	64	8
18182					64
18183	4	0x008e	16418	64	8
18184					64
18185	4	0x008e	32546	64	8
18186					64
18187	4	0x008e	48674	64	8
18188					64
18189	4	0x008e	64802	4	8
18190					4
18191	4	0x008e	16674	2	8
18192					2
18193	4	0x008e	290	64	8
18194					64
18195	4	0x008e	16418	64	8
18196					64
18197	4	0x008e	32546	64	8
18198					64
18199	4	0x008e	48674	64	8
18200					64
18201	4	0x008e	64802	4	8
18202					4
18203	4	0x008e	16674	2	8
18204					2
18205	4	0x008e	290	64	8
18206					64
18207	4	0x008e	16418	64	8
18208					64
18209	4	0x008e	32546	64	8
18210					64
18211	4	0x008e	48674	64	8
18212					64
18213	4	0x008e	64802	4	8
18214					4
18215	4	0x008e	16674	2	8
18216					2
18217	4	0x008e	290	64	8
18218					64
18219	4	0x008e	16418	64	8
18220					64
18221	4	0x008e	32546	64	8
18222					64
18223	4	0x008e	48674	64	8
18224					64
18225	4	0x008e	64802	4	8
18226					4
18227	4	0x008e	16674	2	8
18228					2
18229	4	0x008e	290	64	8
18230					64
18231	4	0x008e	16418	64	8
18232					64
18233	4	0x008e	32546	64	8
18234					64
18235	4	0x008e	48674	64	8
18236					64
18237	4	0x008e	64802	4	8
18238					4
18239	4	0x008e	16674	2	8
18240					2
18241	4	0x008e	290	64	8
18242					64
18243	4	0x008e	16418	64	8
18244					64
18245	4	0x008e	32546	64	8
18246					64
18247	4	0x008e	48674	64	8
18248					64
18249	4	0x008e	64802	4	8
18250					4
18251	4	0x008e	16674	2	8
18252					2
18253	4	0x008e	290	64	8
18254					64
18255	4	0x008e	16418	64	8
18256					64
18257	4	0x008e	32546	64	8
18258					64
18259	4	0x008e	48674	64	8
18260					64
18261	4	0x008e	64802	4	8
18262					4
18263	4	0x008e	16674	2	8
18264					2
18265	4	0x008e	290	64	8
18266					64
18267	4	0x008e	16418	64	8
18268					64
18269	4	0x008e	32546	64	8
18270					64
18271	4	0x008e	48674	64	8
18272					64
18273	4	0x008e	64802	4	8
18274					4
18275	4	0x008e	16674	2	8
18276					2
18277	4	0x008e	290	64	8
18278					64
18279	4	0x008e	16418	64	8
18280					64
18281	4	0x008e	32546	64	8
18282					64
18283	4	0x008e	48674	64	8
18284					64
18285	4	0x008e	64802	4	8
18286					4
18287	4	0x008e	16674	2	8
18288					2
18289	4	0x008e	290	64	8
18290					64
18291	4	0x008e	16418	64	8
18292					64
18293	4	0x008e	32546	64	8
18294					64
18295	4	0x008e	48674	64	8
18296					64
18297	4	0x008e	64802	4	8
18298					4
18299	4	0x008e	16674	2	8
18300					2
18301	4	0x008e	290	64	8
18302					64
18303	4	0x008e	16418	64	8
18304					64
18305	4	0x008e	32546	64	8
18306					64
18307	4	0x008e	48674	64	8
18308					64
18309	4	0x008e	64802	4	8
18310					4
18311	4	0x008e	16674	2	8
18312					2
18313	4	0x008e	290	64	8
18314					64
18315	4	0x008e	16418	64	8
18316					64
18317	4	0x008e	32546	64	8
18318					64
18319	4	0x008e	48674	64	8
18320					64
18321	4	0x008e	64802	4	8
18322					4
18323	4	0x008e	16674	2	8
18324					2
18325	4	0x008e	290	64	8
18326					64
18327	4	0x008e	16418	64	8
18328					64
18329	4	0x008e	32546	64	8
18330					64
18331	4	0x008e	48674	64	8
18332					64
18333	4	0x008e	64802	4	8
18334					4
18335	4	0x008e	16674	2	8
18336					2
18337	4	0x008e	290	64	8
18338					64
18339	4	0x008e	16418	64	8
18340					64
18341	4	0x008e	32546	64	8
18342					64
18343	4	0x008e	48674	64	8
18344					64
18345	4	0x008e	64802	4	8
18346					4
18347	4	0x008e	16674	2	8
18348					2
18349	4	0x008e	290	64	8
18350					64
18351	4	0x008e	16418	64	8
18352					64
18353	4	0x008e	32546	64	8
18354					64
18355	4	0x008e	48674	64	8
18356					64
18357	4	0x008e	64802	4	8
18358					4
18359	4	0x008e	16674	2	8
18360					2
18361	4	0x008e	290	64	8
18362					64
18363	4	0x008e	16418	64	8
18364					64
18365	4	0x008e	32546	64	8
18366					64
18367	4	0x008e	48674	64	8
18368					64
18369	4	0x008e	64802	4	8
18370					4
18371	4	0x008e	16674	2	8
18372					2
18373	4	0x008e	290	64	8
18374					64
18375	4	0x008e	16418	64	8
18376					64
18377	4	0x008e	32546	64	8
18378					64
18379	4	0x008e	48674	64	8
18380					64
18381	4	0x008e	64802	4	8
18382					4
18383	4	0x008e	16674	2	8
18384					2
18385	4	0x008e	290	64	8
18386					64
18387	4	0x008e	16418	64	8
18388					64
18389	4	0x008e	32546	64	8
18390					64
18391	4	0x008e	48674	64	8
18392					64
18393	4	0x008e	64802	4	8
18394					4
18395	4	0x008e	16674	2	8
18396					2
18397	4	0x008e	290	64	8
18398					64
18399	4	0x008e	16418	64	8
18400					64
18401	4	0x008e	32546	64	8
18402					64
18403	4	0x008e	48674	64	8
18404					64
18405	4	0x008e	64802	4	8
18406					4
18407	4	0x008e	16674	2	8
18408					2
18409	4	0x008e	290	64	8
18410					64
18411	4	0x008e	16418	64	8
18412					64
18413	4	0x008e	32546	64	8
18414					64
18415	4	0x008e	48674	64	8
18416					64
18417	4	0x008e	64802	4	8
18418					4
18419	4	0x008e	16674	2	8
18420					2
18421	4	0x008e	290	64	8
18422					64
18423	4	0x008e	16418	64	8
18424					64
18425	4	0x008e	32546	64	8
18426					64
18427	4	0x008e	48674	64	8
18428					64
18429	4	0x008e	64802	4	8
18430					4
18431	4	0x008e	16674	2	8
18432					2
18433	4	0x008e	290	64	8
18434					64
18435	4	0x008e	16418	64	8
18436					64
18437	4	0x008e	32546	64	8
18438					64
18439	4	0x008e	48674	64	8
18440					64
18441	4	0x008e	64802	4	8
18442					4
18443	4	0x008e	16674	2	8
18444					2
18445	4	0x008e	290	64	8
18446					64
18447	4	0x008e	16418	64	8
18448					64
18449	4	0x008e	32546	64	8
18450					64
18451	4	0x008e	48674	64	8
18452					64
18453	4	0x008e	64802	4	8
18454					4
18455	4	0x008e	16674	2	8
18456					2
18457	4	0x008e	290	64	8
18458					64
18459	4	0x008e	16418	64	8
18460					64
18461	4	0x008e	32546	64	8
18462					64
18463	4	0x008e	48674	64	8
18464					64
18465	4	0x008e	64802	4	8
18466					4
18467	4	0x008e	16674	2	8
18468					2
18469	4	0x008e	290	64	8
18470					64
18471	4	0x008e	16418	64	8
18472					64
18473	4	0x008e	32546	64	8
18474					64
18475	4	0x008e	48674	64	8
18476					64
18477	4	0x008e	64802	4	8
18478					4
18479	4	0x008e	16674	2	8
18480					2
18481	4	0x008e	290	64	8
18482					64
18483	4	0x008e	16418	64	8
18484					64
18485	4	0x008e	32546	64	8
18486					64
18487	4	0x008e	48674	64	8
18488					64
18489	4	0x008e	64802	4	8
18490					4
18491	4	0x008e	16674	2	8
18492					2
18493	4	0x008e	290	64	8
18494					64
18495	4	0x008e	16418	64	8
18496					64
18497	4	0x008e	32546	64	8
18498					64
18499	4	0x008e	48674	64	8
18500					64
18501	4	0x008e	64802	4	8
18502					4
18503	4	0x008e	16674	2	8
18504					2
18505	4	0x008e	290	64	8
18506					64
18507	4	0x008e	16418	64	8
18508					64
18509	4	0x008e	32546	64	8
18510					64
18511	4	0x008e	48674	64	8
18512					64
18513	4	0x008e	64802	4	8
18514					4
18515	4	0x008e	16674	2	8
18516					2
18517	4	0x008e	290	64	8
18518					64
18519	4	0x008e	16418	64	8
18520					64
18521	4	0x008e	32546	64	8
18522					64
18523	4	0x008e	48674	64	8
18524					64
18525	4	0x008e	64802	4	8
18526					4
18527	4	0x008e	16674	2	8
18528					2
18529	4	0x008e	290	64	8
18530					64
18531	4	0x008e	16418	64	8
18532					64
18533	4	0x008e	32546	64	8
18534					64
18535	4	0x008e	48674	64	8
18536					64
18537	4	0x008e	64802	4	8
18538					4
18539	4	0x008e	16674	2	8
18540					2
18541	4	0x008e	290	64	8
18542					64
18543	4	0x008e	16418	64	8
18544					64
18545	4	0x008e	32546	64	8
18546					64
18547	4	0x008e	48674	64	8
18548					64
18549	4	0x008e	64802	4	8
18550					4
18551	4	0x008e	16674	2	8
18552					2
18553	4	0x008e	290	64	8
18554					64
18555	4	0x008e	16418	64	8
18556					64
18557	4	0x008e	32546	64	8
18558					64
18559	4	0x008e	48674	64	8
18560					64
18561	4	0x008e	64802	4	8
18562					4
18563	4	0x008e	16674	2	8
18564					2
18565	4	0x008e	290	64	8
18566					64
18567	4	0x008e	16418	64	8
18568					64
18569	4	0x008e	32546	64	8
18570					64
18571	4	0x008e	48674	64	8
18572					64
18573	4	0x008e	64802	4	8
18574					4
18575	4	0x008e	16674	2	8
18576					2
18577	4	0x008e	290	64	8
18578					64
18579	4	0x008e	16418	64	8
18580					64
18581	4	0x008e	32546	64	8
18582					64
18583	4	0x008e	48674	64	8
18584					64
18585	4	0x008e	64802	4	8
18586					4
18587	4	0x008e	16674	2	8
18588					2
18589	4	0x008e	290	64	8
18590					64
18591	4	0x008e	16418	64	8
18592					64
18593	4	0x008e	32546	64	8
18594					64
18595	4	0x008e	48674	64	8
18596					64
18597	4	0x008e	64802	4	8
18598					4
18599	4	0x008e	16674	2	8
18600					2
18601	4	0x008e	290	64	8
18602					64
18603	4	0x008e	16418	64	8
18604					64
18605	4	0x008e	32546	64	8
18606					64
18607	4	0x008e	48674	64	8
18608					64
18609	4	0x008e	64802	4	8
18610					4
18611	4	0x008e	16674	2	8
18612					2
18613	4	0x008e	290	64	8
18614					64
18615	4	0x008e	16418	64	8
18616					64
18617	4	0x008e	32546	64	8
18618					64
18619	4	0x008e	48674	64	8
18620					64
18621	4	0x008e	64802	4	8
18622					4
18623	4	0x008e	16674	2	8
18624					2
18625	4	0x008e	290	64	8
18626					64
18627	4	0x008e	16418	64	8
18628					64
18629	4	0x008e	32546	64	8
18630					64
18631	4	0x008e	48674	64	8
18632					64
18633	4	0x008e	64802	4	8
18634					4
18635	4	0x008e	16674	2	8
18636					2
18637	4	0x008e	290	64	8
18638					64
18639	4	0x008e	16418	64	8
18640					64
18641	4	0x008e	32546	64	8
18642					64
18643	4	0x008e	48674	64	8
18644					64
18645	4	0x008e	64802	4	8
18646					4
18647	4	0x008e	16674	2	8
18648					2
18649	4	0x008e	290	64	8
18650					64
18651	4	0x008e	16418	64	8
18652					64
18653	4	0x008e	32546	64	8
18654					64
18655	4	0x008e	48674	64	8
18656					64
18657	4	0x008e	64802	4	8
18658					4
18659	4	0x008e	16674	2	8
18660					2
18661	4	0x008e	290	64	8
18662					64
18663	4	0x008e	16418	64	8
18664					64
18665	4	0x008e	32546	64	8
18666					64
18667	4	0x008e	48674	64	8
18668					64
18669	4	0x008e	64802	4	8
18670					4
18671	4	0x008e	16674	2	8
18672					2
18673	4	0x008e	290	64	8
18674					64
18675	4	0x008e	16418	64	8
18676					64
18677	4	0x008e	32546	64	8
18678					64
18679	4	0x008e	48674	64	8
18680					64
18681	4	0x008e	64802	4	8
18682					4
18683	4	0x008e	16674	2	8
18684					2
18685	4	0x008e	290	64	8
18686					64
18687	4	0x008e	16418	64	8
18688					64
18689	4	0x008e	32546	64	8
18690					64
18691	4	0x008e	48674	64	8
18692					64
18693	4	0x008e	64802	4	8
18694					4
18695	4	0x008e	16674	2	8
18696					2
18697	4	0x008e	290	64	8
18698					64
18699	4	0x008e	16418	64	8
18700					64
18701	4	0x008e	32546	64	8
18702					64
18703	4	0x008e	48674	64	8
18704					64
18705	4	0x008e	64802	4	8
18706					4
18707	4	0x008e	16674	2	8
18708					2
18709	4	0x008e	290	64	8
18710					64
18711	4	0x008e	16418	64	8
18712					64
18713	4	0x008e	32546	64	8
18714					64
18715	4	0x008e	48674	64	8
18716					64
18717	4	0x008e	64802	4	8
18718					4
18719	4	0x008e	16674	2	8
18720					2
18721	4	0x008e	290	64	8
18722					64
18723	4	0x008e	16418	64	8
18724					64
18725	4	0x008e	32546	64	8
18726					64
18727	4	0x008e	48674	64	8
18728					64
18729	4	0x008e	64802	4	8
18730					4
18731	4	0x008e	16674	2	8
18732					2
18733	4	0x008e	290	64	8
18734					64
18735	4	0x008e	16418	64	8
18736					64
18737	4	0x008e	32546	64	8
18738					64
18739	4	0x008e	48674	64	8
18740					64
18741	4	0x008e	64802	4	8
18742					4
18743	4	0x008e	16674	2	8
18744					2
18745	4	0x008e	290	64	8
18746					64
18747	4	0x008e	16418	64	8
18748					64
18749	4	0x008e	32546	64	8
18750					64
18751	4	0x008e	48674	64	8
18752					64
18753	4	0x008e	64802	4	8
18754					4
18755	4	0x008e	16674	2	8
18756					2
18757	4	0x008e	290	64	8
18758					64
18759	4	0x008e	16418	64	8
18760					64
18761	4	0x008e	32546	64	8
18762					64
18763	4	0x008e	48674	64	8
18764					64
18765	4	0x008e	64802	4	8
18766					4
18767	4	0x008e	16674	2	8
18768					2
18769	4	0x008e	290	64	8
18770					64
18771	4	0x008e	16418	64	8
18772					64
18773	4	0x008e	32546	64	8
18774					64
18775	4	0x008e	48674	64	8
18776					64
18777	4	0x008e	64802	4	8
18778					4
18779	4	0x008e	16674	2	8
18780					2
18781	4	0x008e	290	64	8
18782					64
18783	4	0x008e	16418	64	8
18784					64
18785	4	0x008e	32546	64	8
18786					64
18787	4	0x008e	48674	64	8
18788					64
18789	4	0x008e	64802	4	8
18790					4
18791	4	0x008e	16674	2	8
18792					2
18793	4	0x008e	290	64	8
18794					64
18795	4	0x008e	16418	64	8
18796					64
18797	4	0x008e	32546	64	8
18798					64
18799	4	0x008e	48674	64	8
18800					64
18801	4	0x008e	64802	4	8
18802					4
18803	4	0x008e	16674	2	8
18804					2
18805	4	0x008e	290	64	8
18806					64
18807	4	0x008e	16418	64	8
18808					64
18809	4	0x008e	32546	64	8
18810					64
18811	4	0x008e	48674	64	8
18812					64
18813	4	0x008e	64802	4	8
18814					4
18815	4	0x008e	16674	2	8
18816					2
18817	4	0x008e	290	64	8
18818					64
18819	4	0x008e	16418	64	8
18820					64
18821	4	0x008e	32546	64	8
18822					64
18823	4	0x008e	48674	64	8
18824					64
18825	4	0x008e	64802	4	8
18826					4
18827	4	0x008e	16674	2	8
18828					2
18829	4	0x008e	290	64	8
18830					64
18831	4	0x008e	16418	64	8
18832					64
18833	4	0x008e	32546	64	8
18834					64
18835	4	0x008e	48674	64	8
18836					64
18837	4	0x008e	64802	4	8
18838					4
18839	4	0x008e	16674	2	8
18840					2
18841	4	0x008e	290	64	8
18842					64
18843	4	0x008e	16418	64	8
18844					64
18845	4	0x008e	32546	64	8
18846					64
18847	4	0x008e	48674	64	8
18848					64
18849	4	0x008e	64802	4	8
18850					4
18851	4	0x008e	16674	2	8
18852					2
18853	4	0x008e	290	64	8
18854					64
18855	4	0x008e	16418	64	8
18856					64
18857	4	0x008e	32546	64	8
18858					64
18859	4	0x008e	48674	64	8
18860					64
18861	4	0x008e	64802	4	8
18862					4
18863	4	0x008e	16674	2	8
18864					2
18865	4	0x008e	290	64	8
18866					64
18867	4	0x008e	16418	64	8
18868					64
18869	4	0x008e	32546	64	8
18870					64
18871	4	0x008e	48674	64	8
18872					64
18873	4	0x008e	64802	4	8
18874					4
18875	4	0x008e	16674	2	8
18876					2
18877	4	0x008e	290	64	8
18878					64
18879	4	0x008e	16418	64	8
18880					64
18881	4	0x008e	32546	64	8
18882					64
18883	4	0x008e	48674	64	8
18884					64
18885	4	0x008e	64802	4	8
18886					4
18887	4	0x008e	16674	2	8
18888					2
18889	4	0x008e	290	64	8
18890					64
18891	4	0x008e	16418	64	8
18892					64
18893	4	0x008e	32546	64	8
18894					64
18895	4	0x008e	48674	64	8
18896					64
18897	4	0x008e	64802	4	8
18898					4
18899	4	0x008e	16674	2	8
18900					2
18901	4	0x008e	290	64	8
18902					64
18903	4	0x008e	16418	64	8
18904					64
18905	4	0x008e	32546	64	8
18906					64
18907	4	0x008e	48674	64	8
18908					64
18909	4	0x008e	64802	4	8
18910					4
18911	4	0x008e	16674	2	8
18912					2
18913	4	0x008e	290	64	8
18914					64
18915	4	0x008e	16418	64	8
18916					64
18917	4	0x008e	32546	64	8
18918					64
18919	4	0x008e	48674	64	8
18920					64
18921	4	0x008e	64802	4	8
18922					4
18923	4	0x008e	16674	2	8
18924					2
18925	4	0x008e	290	64	8
18926					64
18927	4	0x008e	16418	64	8
18928					64
18929	4	0x008e	32546	64	8
18930					64
18931	4	0x008e	48674	64	8
18932					64
18933	4	0x008e	64802	4	8
18934					4
18935	4	0x008e	16674	2	8
18936					2
18937	4	0x008e	290	64	8
18938					64
18939	4	0x008e	16418	64	8
18940					64
18941	4	0x008e	32546	64	8
18942					64
18943	4	0x008e	48674	64	8
18944					64
18945	4	0x008e	64802	4	8
18946					4
18947	4	0x008e	16674	2	8
18948					2
18949	4	0x008e	290	64	8
18950					64
18951	4	0x008e	16418	64	8
18952					64
18953	4	0x008e	32546	64	8
18954					64
18955	4	0x008e	48674	64	8
18956					64
18957	4	0x008e	64802	4	8
18958					4
18959	4	0x008e	16674	2	8
18960					2
18961	4	0x008e	290	64	8
18962					64
18963	4	0x008e	16418	64	8
18964					64
18965	4	0x008e	32546	64	8
18966					64
18967	4	0x008e	48674	64	8
18968					64
18969	4	0x008e	64802	4	8
18970					4
18971	4	0x008e	16674	2	8
18972					2
18973	4	0x008e	290	64	8
18974					64
18975	4	0x008e	16418	64	8
18976					64
18977	4	0x008e	32546	64	8
18978					64
18979	4	0x008e	48674	64	8
18980					64
18981	4	0x008e	64802	4	8
18982					4
18983	4	0x008e	16674	2	8
18984					2
18985	4	0x008e	290	64	8
18986					64
18987	4	0x008e	16418	64	8
18988					64
18989	4	0x008e	32546	64	8
18990					64
18991	4	0x008e	48674	64	8
18992					64
18993	4	0x008e	64802	4	8
18994					4
18995	4	0x008e	16674	2	8
18996					2
18997	4	0x008e	290	64	8
18998					64
18999	4	0x008e	16418	64	8
19000					64
19001	4	0x008e	32546	64	8
19002					64
19003	4	0x008e	48674	64	8
19004					64
19005	4	0x008e	64802	4	8
19006					4
19007	4	0x008e	16674	2	8
19008					2
19009	4	0x008e	290	64	8
19010					64
19011	4	0x008e	16418	64	8
19012					64
19013	4	0x008e	32546	64	8
19014					64
19015	4	0x008e	48674	64	8
19016					64
19017	4	0x008e	64802	4	8
19018					4
19019	4	0x008e	16674	2	8
19020					2
19021	4	0x008e	290	64	8
19022					64
19023	4	0x008e	16418	64	8
19024					64
19025	4	0x008e	32546	64	8
19026					64
19027	4	0x008e	48674	64	8
19028					64
19029	4	0x008e	64802	4	8
19030					4
19031	4	0x008e	16674	2	8
19032					2
19033	4	0x008e	290	64	8
19034					64
19035	4	0x008e	16418	64	8
19036					64
19037	4	0x008e	32546	64	8
19038					64
19039	4	0x008e	48674	64	8
19040					64
19041	4	0x008e	64802	4	8
19042					4
19043	4	0x008e	16674	2	8
19044					2
19045	4	0x008e	290	64	8
19046					64
19047	4	0x008e	16418	64	8
19048					64
19049	4	0x008e	32546	64	8
19050					64
19051	4	0x008e	48674	64	8
19052					64
19053	4	0x008e	64802	4	8
19054					4
19055	4	0x008e	16674	2	8
19056					2
19057	4	0x008e	290	64	8
19058					64
19059	4	0x008e	16418	64	8
19060					64
19061	4	0x008e	32546	64	8
19062					64
19063	4	0x008e	48674	64	8
19064					64
19065	4	0x008e	64802	4	8
19066					4
19067	4	0x008e	16674	2	8
19068					2
19069	4	0x008e	290	64	8
19070					64
19071	4	0x008e	16418	64	8
19072					64
19073	4	0x008e	32546	64	8
19074					64
19075	4	0x008e	48674	64	8
19076					64
19077	4	0x008e	64802	4	8
19078					4
19079	4	0x008e	16674	2	8
19080					2
19081	4	0x008e	290	64	8
19082					64
19083	4	0x008e	16418	64	8
19084					64
19085	4	0x008e	32546	64	8
19086					64
19087	4	0x008e	48674	64	8
19088					64
19089	4	0x008e	64802	4	8
19090					4
19091	4	0x008e	16674	2	8
19092					2
19093	4	0x008e	290	64	8
19094					64
19095	4	0x008e	16418	64	8
19096					64
19097	4	0x008e	32546	64	8
19098					64
19099	4	0x008e	48674	64	8
19100					64
19101	4	0x008e	64802	4	8
19102					4
19103	4	0x008e	16674	2	8
19104					2
19105	4	0x008e	290	64	8
19106					64
19107	4	0x008e	16418	64	8
19108					64
19109	4	0x008e	32546	64	8
19110					64
19111	4	0x008e	48674	64	8
19112					64
19113	4	0x008e	64802	4	8
19114					4
19115	4	0x008e	16674	2	8
19116					2
19117	4	0x008e	290	64	8
19118					64
19119	4	0x008e	16418	64	8
19120					64
19121	4	0x008e	32546	64	8
19122					64
19123	4	0x008e	48674	64	8
19124					64
19125	4	0x008e	64802	4	8
19126					4
19127	4	0x008e	16674	2	8
19128					2
19129	4	0x008e	290	64	8
19130					64
19131	4	0x008e	16418	64	8
19132					64
19133	4	0x008e	32546	64	8
19134					64
19135	4	0x008e	48674	64	8
19136					64
19137	4	0x008e	64802	4	8
19138					4
19139	4	0x008e	16674	2	8
19140					2
19141	4	0x008e	290	64	8
19142					64
19143	4	0x008e	16418	64	8
19144					64
19145	4	0x008e	32546	64	8
19146					64
19147	4	0x008e	48674	64	8
19148					64
19149	4	0x008e	64802	4	8
19150					4
19151	4	0x008e	16674	2	8
19152					2
19153	4	0x008e	290	64	8
19154					64
19155	4	0x008e	16418	64	8
19156					64
19157	4	0x008e	32546	64	8
19158					64
19159	4	0x008e	48674	64	8
19160					64
19161	4	0x008e	64802	4	8
19162					4
19163	4	0x008e	16674	2	8
19164					2
19165	4	0x008e	290	64	8
19166					64
19167	4	0x008e	16418	64	8
19168					64
19169	4	0x008e	32546	64	8
19170					64
19171	4	0x008e	48674	64	8
19172					64
19173	4	0x008e	64802	4	8
19174					4
19175	4	0x008e	16674	2	8
19176					2
19177	4	0x008e	290	64	8
19178					64
19179	4	0x008e	16418	64	8
19180					64
19181	4	0x008e	32546	64	8
19182					64
19183	4	0x008e	48674	64	8
19184					64
19185	4	0x008e	64802	4	8
19186					4
19187	4	0x008e	16674	2	8
19188					2
19189	4	0x008e	290	64	8
19190					64
19191	4	0x008e	16418	64	8
19192					64
19193	4	0x008e	32546	64	8
19194					64
19195	4	0x008e	48674	64	8
19196					64
19197	4	0x008e	64802	4	8
19198					4
19199	4	0x008e	16674	2	8
19200					2
19201	4	0x008e	290	64	8
19202					64
19203	4	0x008e	16418	64	8
19204					64
19205	4	0x008e	32546	64	8
19206					64
19207	4	0x008e	48674	64	8
19208					64
19209	4	0x008e	64802	4	8
19210					4
19211	4	0x008e	16674	2	8
19212					2
19213	4	0x008e	290	64	8
19214					64
19215	4	0x008e	16418	64	8
19216					64
19217	4	0x008e	32546	64	8
19218					64
19219	4	0x008e	48674	64	8
19220					64
19221	4	0x008e	64802	4	8
19222					4
19223	4	0x008e	16674	2	8
19224					2
19225	4	0x008e	290	64	8
19226					64
19227	4	0x008e	16418	64	8
19228					64
19229	4	0x008e	32546	64	8
19230					64
19231	4	0x008e	48674	64	8
19232					64
19233	4	0x008e	64802	4	8
19234					4
19235	4	0x008e	16674	2	8
19236					2
19237	4	0x008e	290	64	8
19238					64
19239	4	0x008e	16418	64	8
19240					64
19241	4	0x008e	32546	64	8
19242					64
19243	4	0x008e	48674	64	8
19244					64
19245	4	0x008e	64802	4	8
19246					4
19247	4	0x008e	16674	2	8
19248					2
19249	4	0x008e	290	64	8
19250					64
19251	4	0x008e	16418	64	8
19252					64
19253	4	0x008e	32546	64	8
19254					64
19255	4	0x008e	48674	64	8
19256					64
19257	4	0x008e	64802	4	8
19258					4
19259	4	0x008e	16674	2	8
19260					2
19261	4	0x008e	290	64	8
19262					64
19263	4	0x008e	16418	64	8
19264					64
19265	4	0x008e	32546	64	8
19266					64
19267	4	0x008e	48674	64	8
19268					64
19269	4	0x008e	64802	4	8
19270					4
19271	4	0x008e	16674	2	8
19272					2
19273	4	0x008e	290	64	8
19274					64
19275	4	0x008e	16418	64	8
19276					64
19277	4	0x008e	32546	64	8
19278					64
19279	4	0x008e	48674	64	8
19280					64
19281	4	0x008e	64802	4	8
19282					4
19283	4	0x008e	16674	2	8
19284					2
19285	4	0x008e	290	64	8
19286					64
19287	4	0x008e	16418	64	8
19288					64
19289	4	0x008e	32546	64	8
19290					64
19291	4	0x008e	48674	64	8
19292					64
19293	4	0x008e	64802	4	8
19294					4
19295	4	0x008e	16674	2	8
19296					2
19297	4	0x008e	290	64	8
19298					64
19299	4	0x008e	16418	64	8
19300					64
19301	4	0x008e	32546	64	8
19302					64
19303	4	0x008e	48674	64	8
19304					64
19305	4	0x008e	64802	4	8
19306					4
19307	4	0x008e	16674	2	8
19308					2
19309	4	0x008e	290	64	8
19310					64
19311	4	0x008e	16418	64	8
19312					64
19313	4	0x008e	32546	64	8
19314					64
19315	4	0x008e	48674	64	8
19316					64
19317	4	0x008e	64802	4	8
19318					4
19319	4	0x008e	16674	2	8
19320					2
19321	4	0x008e	290	64	8
19322					64
19323	4	0x008e	16418	64	8
19324					64
19325	4	0x008e	32546	64	8
19326					64
19327	4	0x008e	48674	64	8
19328					64
19329	4	0x008e	64802	4	8
19330					4
19331	4	0x008e	16674	2	8
19332					2
19333	4	0x008e	290	64	8
19334					64
19335	4	0x008e	16418	64	8
19336					64
19337	4	0x008e	32546	64	8
19338					64
19339	4	0x008e	48674	64	8
19340					64
19341	4	0x008e	64802	4	8
19342					4
19343	4	0x008e	16674	2	8
19344					2
19345	4	0x008e	290	64	8
19346					64
19347	4	0x008e	16418	64	8
19348					64
19349	4	0x008e	32546	64	8
19350					64
19351	4	0x008e	48674	64	8
19352					64
19353	4	0x008e	64802	4	8
19354					4
19355	4	0x008e	16674	2	8
19356					2
19357	4	0x008e	290	64	8
19358					64
19359	4	0x008e	16418	64	8
19360					64
19361	4	0x008e	32546	64	8
19362					64
19363	4	0x008e	48674	64	8
19364					64
19365	4	0x008e	64802	4	8
19366					4
19367	4	0x008e	16674	2	8
19368					2
19369	4	0x008e	290	64	8
19370					64
19371	4	0x008e	16418	64	8
19372					64
19373	4	0x008e	32546	64	8
19374					64
19375	4	0x008e	48674	64	8
19376					64
19377	4	0x008e	64802	4	8
19378					4
19379	4	0x008e	16674	2	8
19380					2
19381	4	0x008e	290	64	8
19382					64
19383	4	0x008e	16418	64	8
19384					64
19385	4	0x008e	32546	64	8
19386					64
19387	4	0x008e	48674	64	8
19388					64
19389	4	0x008e	64802	4	8
19390					4
19391	4	0x008e	16674	2	8
19392					2
19393	4	0x008e	290	64	8
19394					64
19395	4	0x008e	16418	64	8
19396					64
19397	4	0x008e	32546	64	8
19398					64
19399	4	0x008e	48674	64	8
19400					64
19401	4	0x008e	64802	4	8
19402					4
19403	4	0x008e	16674	2	8
19404					2
19405	4	0x008e	290	64	8
19406					64
19407	4	0x008e	16418	64	8
19408					64
19409	4	0x008e	32546	64	8
19410					64
19411	4	0x008e	48674	64	8
19412					64
19413	4	0x008e	64802	4	8
19414					4
19415	4	0x008e	16674	2	8
19416					2
19417	4	0x008e	290	64	8
19418					64
19419	4	0x008e	16418	64	8
19420					64
19421	4	0x008e	32546	64	8
19422					64
19423	4	0x008e	48674	64	8
19424					64
19425	4	0x008e	64802	4	8
19426					4
19427	4	0x008e	16674	2	8
19428					2
19429	4	0x008e	290	64	8
19430					64
19431	4	0x008e	16418	64	8
19432					64
19433	4	0x008e	32546	64	8
19434					64
19435	4	0x008e	48674	64	8
19436					64
19437	4	0x008e	64802	4	8
19438					4
19439	4	0x008e	16674	2	8
19440					2
19441	4	0x008e	290	64	8
19442					64
19443	4	0x008e	16418	64	8
19444					64
19445	4	0x008e	32546	64	8
19446					64
19447	4	0x008e	48674	64	8
19448					64
19449	4	0x008e	64802	4	8
19450					4
19451	4	0x008e	16674	2	8
19452					2
19453	4	0x008e	290	64	8
19454					64
19455	4	0x008e	16418	64	8
19456					64
19457	4	0x008e	32546	64	8
19458					64
19459	4	0x008e	48674	64	8
19460					64
19461	4	0x008e	64802	4	8
19462					4
19463	4	0x008e	16674	2	8
19464					2
19465	4	0x008e	290	64	8
19466					64
19467	4	0x008e	16418	64	8
19468					64
19469	4	0x008e	32546	64	8
19470					64
19471	4	0x008e	48674	64	8
19472					64
19473	4	0x008e	64802	4	8
19474					4
19475	4	0x008e	16674	2	8
19476					2
19477	4	0x008e	290	64	8
19478					64
19479	4	0x008e	16418	64	8
19480					64
19481	4	0x008e	32546	64	8
19482					64
19483	4	0x008e	48674	64	8
19484					64
19485	4	0x008e	64802	4	8
19486					4
19487	4	0x008e	16674	2	8
19488					2
19489	4	0x008e	290	64	8
19490					64
19491	4	0x008e	16418	64	8
19492					64
19493	4	0x008e	32546	64	8
19494					64
19495	4	0x008e	48674	64	8
19496					64
19497	4	0x008e	64802	4	8
19498					4
19499	4	0x008e	16674	2	8
19500					2
19501	4	0x008e	290	64	8
19502					64
19503	4	0x008e	16418	64	8
19504					64
19505	4	0x008e	32546	64	8
19506					64
19507	4	0x008e	48674	64	8
19508					64
19509	4	0x008e	64802	4	8
19510					4
19511	4	0x008e	16674	2	8
19512					2
19513	4	0x008e	290	64	8
19514					64
19515	4	0x008e	16418	64	8
19516					64
19517	4	0x008e	32546	64	8
19518					64
19519	4	0x008e	48674	64	8
19520					64
19521	4	0x008e	64802	4	8
19522					4
19523	4	0x008e	16674	2	8
19524					2
19525	4	0x008e	290	64	8
19526					64
19527	4	0x008e	16418	64	8
19528					64
19529	4	0x008e	32546	64	8
19530					64
19531	4	0x008e	48674	64	8
19532					64
19533	4	0x008e	64802	4	8
19534					4
19535	4	0x008e	16674	2	8
19536					2
19537	4	0x008e	290	64	8
19538					64
19539	4	0x008e	16418	64	8
19540					64
19541	4	0x008e	32546	64	8
19542					64
19543	4	0x008e	48674	64	8
19544					64
19545	4	0x008e	64802	4	8
19546					4
19547	4	0x008e	16674	2	8
19548					2
19549	4	0x008e	290	64	8
19550					64
19551	4	0x008e	16418	64	8
19552					64
19553	4	0x008e	32546	64	8
19554					64
19555	4	0x008e	48674	64	8
19556					64
19557	4	0x008e	64802	4	8
19558					4
19559	4	0x008e	16674	2	8
19560					2
19561	4	0x008e	290	64	8
19562					64
19563	4	0x008e	16418	64	8
19564					64
19565	4	0x008e	32546	64	8
19566					64
19567	4	0x008e	48674	64	8
19568					64
19569	4	0x008e	64802	4	8
19570					4
19571	4	0x008e	16674	2	8
19572					2
19573	4	0x008e	290	64	8
19574					64
19575	4	0x008e	16418	64	8
19576					64
19577	4	0x008e	32546	64	8
19578					64
19579	4	0x008e	48674	64	8
19580					64
19581	4	0x008e	64802	4	8
19582					4
19583	4	0x008e	16674	2	8
19584					2
19585	4	0x008e	290	64	8
19586					64
19587	4	0x008e	16418	64	8
19588					64
19589	4	0x008e	32546	64	8
19590					64
19591	4	0x008e	48674	64	8
19592					64
19593	4	0x008e	64802	4	8
19594					4
19595	4	0x008e	16674	2	8
19596					2
19597	4	0x008e	290	64	8
19598					64
19599	4	0x008e	16418	64	8
19600					64
19601	4	0x008e	32546	64	8
19602					64
19603	4	0x008e	48674	64	8
19604					64
19605	4	0x008e	64802	4	8
19606					4
19607	4	0x008e	16674	2	8
19608					2
19609	4	0x008e	290	64	8
19610					64
19611	4	0x008e	16418	64	8
19612					64
19613	4	0x008e	32546	64	8
19614					64
19615	4	0x008e	48674	64	8
19616					64
19617	4	0x008e	64802	4	8
19618					4
19619	4	0x008e	16674	2	8
19620					2
19621	4	0x008e	290	64	8
19622					64
19623	4	0x008e	16418	64	8
19624					64
19625	4	0x008e	32546	64	8
19626					64
19627	4	0x008e	48674	64	8
19628					64
19629	4	0x008e	64802	4	8
19630					4
19631	4	0x008e	16674	2	8
19632					2
19633	4	0x008e	290	64	8
19634					64
19635	4	0x008e	16418	64	8
19636					64
19637	4	0x008e	32546	64	8
19638					64
19639	4	0x008e	48674	64	8
19640					64
19641	4	0x008e	64802	4	8
19642					4
19643	4	0x008e	16674	2	8
19644					2
19645	4	0x008e	290	64	8
19646					64
19647	4	0x008e	16418	64	8
19648					64
19649	4	0x008e	32546	64	8
19650					64
19651	4	0x008e	48674	64	8
19652					64
19653	4	0x008e	64802	4	8
19654					4
19655	4	0x008e	16674	2	8
19656					2
19657	4	0x008e	290	64	8
19658					64
19659	4	0x008e	16418	64	8
19660					64
19661	4	0x008e	32546	64	8
19662					64
19663	4	0x008e	48674	64	8
19664					64
19665	4	0x008e	64802	4	8
19666					4
19667	4	0x008e	16674	2	8
19668					2
19669	4	0x008e	290	64	8
19670					64
19671	4	0x008e	16418	64	8
19672					64
19673	4	0x008e	32546	64	8
19674					64
19675	4	0x008e	48674	64	8
19676					64
19677	4	0x008e	64802	4	8
19678					4
19679	4	0x008e	16674	2	8
19680					2
19681	4	0x008e	290	64	8
19682					64
19683	4	0x008e	16418	64	8
19684					64
19685	4	0x008e	32546	64	8
19686					64
19687	4	0x008e	48674	64	8
19688					64
19689	4	0x008e	64802	4	8
19690					4
19691	4	0x008e	16674	2	8
19692					2
19693	4	0x008e	290	64	8
19694					64
19695	4	0x008e	16418	64	8
19696					64
19697	4	0x008e	32546	64	8
19698					64
19699	4	0x008e	48674	64	8
19700					64
19701	4	0x008e	64802	4	8
19702					4
19703	4	0x008e	16674	2	8
19704					2
19705	4	0x008e	290	64	8
19706					64
19707	4	0x008e	16418	64	8
19708					64
19709	4	0x008e	32546	64	8
19710					64
19711	4	0x008e	48674	64	8
19712					64
19713	4	0x008e	64802	4	8
19714					4
19715	4	0x008e	16674	2	8
19716					2
19717	4	0x008e	290	64	8
19718					64
19719	4	0x008e	16418	64	8
19720					64
19721	4	0x008e	32546	64	8
19722					64
19723	4	0x008e	48674	64	8
19724					64
19725	4	0x008e	64802	4	8
19726					4
19727	4	0x008e	16674	2	8
19728					2
19729	4	0x008e	290	64	8
19730					64
19731	4	0x008e	16418	64	8
19732					64
19733	4	0x008e	32546	64	8
19734					64
19735	4	0x008e	48674	64	8
19736					64
19737	4	0x008e	64802	4	8
19738					4
19739	4	0x008e	16674	2	8
19740					2
19741	4	0x008e	290	64	8
19742					64
19743	4	0x008e	16418	64	8
19744					64
19745	4	0x008e	32546	64	8
19746					64
19747	4	0x008e	48674	64	8
19748					64
19749	4	0x008e	64802	4	8
19750					4
19751	4	0x008e	16674	2	8
19752					2
19753	4	0x008e	290	64	8
19754					64
19755	4	0x008e	16418	64	8
19756					64
19757	4	0x008e	32546	64	8
19758					64
19759	4	0x008e	48674	64	8
19760					64
19761	4	0x008e	64802	4	8
19762					4
19763	4	0x008e	16674	2	8
19764					2
19765	4	0x008e	290	64	8
19766					64
19767	4	0x008e	16418	64	8
19768					64
19769	4	0x008e	32546	64	8
19770					64
19771	4	0x008e	48674	64	8
19772					64
19773	4	0x008e	64802	4	8
19774					4
19775	4	0x008e	16674	2	8
19776					2
19777	4	0x008e	290	64	8
19778					64
19779	4	0x008e	16418	64	8
19780					64
19781	4	0x008e	32546	64	8
19782					64
19783	4	0x008e	48674	64	8
19784					64
19785	4	0x008e	64802	4	8
19786					4
19787	4	0x008e	16674	2	8
19788					2
19789	4	0x008e	290	64	8
19790					64
19791	4	0x008e	16418	64	8
19792					64
19793	4	0x008e	32546	64	8
19794					64
19795	4	0x008e	48674	64	8
19796					64
19797	4	0x008e	64802	4	8
19798					4
19799	4	0x008e	16674	2	8
19800					2
19801	4	0x008e	290	64	8
19802					64
19803	4	0x008e	16418	64	8
19804					64
19805	4	0x008e	32546	64	8
19806					64
19807	4	0x008e	48674	64	8
19808					64
19809	4	0x008e	64802	4	8
19810					4
19811	4	0x008e	16674	2	8
19812					2
19813	4	0x008e	290	64	8
19814					64
19815	4	0x008e	16418	64	8
19816					64
19817	4	0x008e	32546	64	8
19818					64
19819	4	0x008e	48674	64	8
19820					64
19821	4	0x008e	64802	4	8
19822					4
19823	4	0x008e	16674	2	8
19824					2
19825	4	0x008e	290	64	8
19826					64
19827	4	0x008e	16418	64	8
19828					64
19829	4	0x008e	32546	64	8
19830					64
19831	4	0x008e	48674	64	8
19832					64
19833	4	0x008e	64802	4	8
19834					4
19835	4	0x008e	16674	2	8
19836					2
19837	4	0x008e	290	64	8
19838					64
19839	4	0x008e	16418	64	8
19840					64
19841	4	0x008e	32546	64	8
19842					64
19843	4	0x008e	48674	64	8
19844					64
19845	4	0x008e	64802	4	8
19846					4
19847	4	0x008e	16674	2	8
19848					2
19849	4	0x008e	290	64	8
19850					64
19851	4	0x008e	16418	64	8
19852					64
19853	4	0x008e	32546	64	8
19854					64
19855	4	0x008e	48674	64	8
19856					64
19857	4	0x008e	64802	4	8
19858					4
19859	4	0x008e	16674	2	8
19860					2
19861	4	0x008e	290	64	8
19862					64
19863	4	0x008e	16418	64	8
19864					64
19865	4	0x008e	32546	64	8
19866					64
19867	4	0x008e	48674	64	8
19868					64
19869	4	0x008e	64802	4	8
19870					4
19871	4	0x008e	16674	2	8
19872					2
19873	4	0x008e	290	64	8
19874					64
19875	4	0x008e	16418	64	8
19876					64
19877	4	0x008e	32546	64	8
19878					64
19879	4	0x008e	48674	64	8
19880					64
19881	4	0x008e	64802	4	8
19882					4
19883	4	0x008e	16674	2	8
19884					2
19885	4	0x008e	290	64	8
19886					64
19887	4	0x008e	16418	64	8
19888					64
19889	4	0x008e	32546	64	8
19890					64
19891	4	0x008e	48674	64	8
19892					64
19893	4	0x008e	64802	4	8
19894					4
19895	4	0x008e	16674	2	8
19896					2
19897	4	0x008e	290	64	8
19898					64
19899	4	0x008e	16418	64	8
19900					64
19901	4	0x008e	32546	64	8
19902					64
19903	4	0x008e	48674	64	8
19904					64
19905	4	0x008e	64802	4	8
19906					4
19907	4	0x008e	16674	2	8
19908					2
19909	4	0x008e	290	64	8
19910					64
19911	4	0x008e	16418	64	8
19912					64
19913	4	0x008e	32546	64	8
19914					64
19915	4	0x008e	48674	64	8
19916					64
19917	4	0x008e	64802	4	8
19918					4
19919	4	0x008e	16674	2	8
19920					2
19921	4	0x008e	290	64	8
19922					64
19923	4	0x008e	16418	64	8
19924					64
19925	4	0x008e	32546	64	8
19926					64
19927	4	0x008e	48674	64	8
19928					64
19929	4	0x008e	64802	4	8
19930					4
19931	4	0x008e	16674	2	8
19932					2
19933	4	0x008e	290	64	8
19934					64
19935	4	0x008e	16418	64	8
19936					64
19937	4	0x008e	32546	64	8
19938					64
19939	4	0x008e	48674	64	8
19940					64
19941	4	0x008e	64802	4	8
19942					4
19943	4	0x008e	16674	2	8
19944					2
19945	4	0x008e	290	64	8
19946					64
19947	4	0x008e	16418	64	8
19948					64
19949	4	0x008e	32546	64	8
19950					64
19951	4	0x008e	48674	64	8
19952					64
19953	4	0x008e	64802	4	8
19954					4
19955	4	0x008e	16674	2	8
19956					2
19957	4	0x008e	290	64	8
19958					64
19959	4	0x008e	16418	64	8
19960					64
19961	4	0x008e	32546	64	8
19962					64
19963	4	0x008e	48674	64	8
19964					64
19965	4	0x008e	64802	4	8
19966					4
19967	4	0x008e	16674	2	8
19968					2
19969	4	0x008e	290	64	8
19970					64
19971	4	0x008e	16418	64	8
19972					64
19973	4	0x008e	32546	64	8
19974					64
19975	4	0x008e	48674	64	8
19976					64
19977	4	0x008e	64802	4	8
19978					4
19979	4	0x008e	16674	2	8
19980					2
19981	4	0x008e	290	64	8
19982					64
19983	4	0x008e	16418	64	8
19984					64
19985	4	0x008e	32546	64	8
19986					64
19987	4	0x008e	48674	64	8
19988					64
19989	4	0x008e	64802	4	8
19990					4
19991	4	0x008e	16674	2	8
19992					2
19993	4	0x008e	290	64	8
19994					64
19995	4	0x008e	16418	64	8
19996					64
19997	4	0x008e	32546	64	8
19998					64
19999	4	0x008e	48674	64	8
20000					64
20001	4	0x008e	64802	4	8
20002					4
20003	4	0x008e	16674	2	8
20004					2
20005	4	0x008e	290	64	8
20006					64
20007	4	0x008e	16418	64	8
20008					64
20009	4	0x008e	32546	64	8
20010					64
20011	4	0x008e	48674	64	8
20012					64
20013	4	0x008e	64802	4	8
20014					4
20015	4	0x008e	16674	2	8
20016					2
20017	4	0x008e	290	64	8
20018					64
20019	4	0x008e	16418	64	8
20020					64
20021	4	0x008e	32546	64	8
20022					64
20023	4	0x008e	48674	64	8
20024					64
20025	4	0x008e	64802	4	8
20026					4
20027	4	0x008e	16674	2	8
20028					2
20029	4	0x008e	290	64	8
20030					64
20031	4	0x008e	16418	64	8
20032					64
20033	4	0x008e	32546	64	8
20034					64
20035	4	0x008e	48674	64	8
20036					64
20037	4	0x008e	64802	4	8
20038					4
20039	4	0x008e	16674	2	8
20040					2
20041	4	0x008e	290	64	8
20042					64
20043	4	0x008e	16418	64	8
20044					64
20045	4	0x008e	32546	64	8
20046					64
20047	4	0x008e	48674	64	8
20048					64
20049	4	0x008e	64802	4	8
20050					4
20051	4	0x008e	16674	2	8
20052					2
20053	4	0x008e	290	64	8
20054					64
20055	4	0x008e	16418	64	8
20056					64
20057	4	0x008e	32546	64	8
20058					64
20059	4	0x008e	48674	64	8
20060					64
20061	4	0x008e	64802	4	8
20062					4
20063	4	0x008e	16674	2	8
20064					2
20065	4	0x008e	290	64	8
20066					64
20067	4	0x008e	16418	64	8
20068					64
20069	4	0x008e	32546	64	8
20070					64
20071	4	0x008e	48674	64	8
20072					64
20073	4	0x008e	64802	4	8
20074					4
20075	4	0x008e	16674	2	8
20076					2
20077	4	0x008e	290	64	8
20078					64
20079	4	0x008e	16418	64	8
20080					64
20081	4	0x008e	32546	64	8
20082					64
20083	4	0x008e	48674	64	8
20084					64
20085	4	0x008e	64802	4	8
20086					4
20087	4	0x008e	16674	2	8
20088					2
20089	4	0x008e	290	64	8
20090					64
20091	4	0x008e	16418	64	8
20092					64
20093	4	0x008e	32546	64	8
20094					64
20095	4	0x008e	48674	64	8
20096					64
20097	4	0x008e	64802	4	8
20098					4
20099	4	0x008e	16674	2	8
20100					2
20101	4	0x008e	290	64	8
20102					64
20103	4	0x008e	16418	64	8
20104					64
20105	4	0x008e	32546	64	8
20106					64
20107	4	0x008e	48674	64	8
20108					64
20109	4	0x008e	64802	4	8
20110					4
20111	4	0x008e	16674	2	8
20112					2
20113	4	0x008e	290	64	8
20114					64
20115	4	0x008e	16418	64	8
20116					64
20117	4	0x008e	32546	64	8
20118					64
20119	4	0x008e	48674	64	8
20120					64
20121	4	0x008e	64802	4	8
20122					4
20123	4	0x008e	16674	2	8
20124					2
20125	4	0x008e	290	64	8
20126					64
20127	4	0x008e	16418	64	8
20128					64
20129	4	0x008e	32546	64	8
20130					64
20131	4	0x008e	48674	64	8
20132					64
20133	4	0x008e	64802	4	8
20134					4
20135	4	0x008e	16674	2	8
20136					2
20137	4	0x008e	290	64	8
20138					64
20139	4	0x008e	16418	64	8
20140					64
20141	4	0x008e	32546	64	8
20142					64
20143	4	0x008e	48674	64	8
20144					64
20145	4	0x008e	64802	4	8
20146					4
20147	4	0x008e	16674	2	8
20148					2
20149	4	0x008e	290	64	8
20150					64
20151	4	0x008e	16418	64	8
20152					64
20153	4	0x008e	32546	64	8
20154					64
20155	4	0x008e	48674	64	8
20156					64
20157	4	0x008e	64802	4	8
20158					4
20159	4	0x008e	16674	2	8
20160					2
20161	4	0x008e	290	64	8
20162					64
20163	4	0x008e	16418	64	8
20164					64
20165	4	0x008e	32546	64	8
20166					64
20167	4	0x008e	48674	64	8
20168					64
20169	4	0x008e	64802	4	8
20170					4
20171	4	0x008e	16674	2	8
20172					2
20173	4	0x008e	290	64	8
20174					64
20175	4	0x008e	16418	64	8
20176					64
20177	4	0x008e	32546	64	8
20178					64
20179	4	0x008e	48674	64	8
20180					64
20181	4	0x008e	64802	4	8
20182					4
20183	4	0x008e	16674	2	8
20184					2
20185	4	0x008e	290	64	8
20186					64
20187	4	0x008e	16418	64	8
20188					64
20189	4	0x008e	32546	64	8
20190					64
20191	4	0x008e	48674	64	8
20192					64
20193	4	0x008e	64802	4	8
20194					4
20195	4	0x008e	16674	2	8
20196					2
20197	4	0x008e	290	64	8
20198					64
20199	4	0x008e	16418	64	8
20200					64
20201	4	0x008e	32546	64	8
20202					64
20203	4	0x008e	48674	64	8
20204					64
20205	4	0x008e	64802	4	8
20206					4
20207	4	0x008e	16674	2	8
20208					2
20209	4	0x008e	290	64	8
20210					64
20211	4	0x008e	16418	64	8
20212					64
20213	4	0x008e	32546	64	8
20214					64
20215	4	0x008e	48674	64	8
20216					64
20217	4	0x008e	64802	4	8
20218					4
20219	4	0x008e	16674	2	8
20220					2
20221	4	0x008e	290	64	8
20222					64
20223	4	0x008e	16418	64	8
20224					64
20225	4	0x008e	32546	64	8
20226					64
20227	4	0x008e	48674	64	8
20228					64
20229	4	0x008e	64802	4	8
20230					4
20231	4	0x008e	16674	2	8
20232					2
20233	4	0x008e	290	64	8
20234					64
20235	4	0x008e	16418	64	8
20236					64
20237	4	0x008e	32546	64	8
20238					64
20239	4	0x008e	48674	64	8
20240					64
20241	4	0x008e	64802	4	8
20242					4
20243	4	0x008e	16674	2	8
20244					2
20245	4	0x008e	290	64	8
20246					64
20247	4	0x008e	16418	64	8
20248					64
20249	4	0x008e	32546	64	8
20250					64
20251	4	0x008e	48674	64	8
20252					64
20253	4	0x008e	64802	4	8
20254					4
20255	4	0x008e	16674	2	8
20256					2
20257	4	0x008e	290	64	8
20258					64
20259	4	0x008e	16418	64	8
20260					64
20261	4	0x008e	32546	64	8
20262					64
20263	4	0x008e	48674	64	8
20264					64
20265	4	0x008e	64802	4	8
20266					4
20267	4	0x008e	16674	2	8
20268					2
20269	4	0x008e	290	64	8
20270					64
20271	4	0x008e	16418	64	8
20272					64
20273	4	0x008e	32546	64	8
20274					64
20275	4	0x008e	48674	64	8
20276					64
20277	4	0x008e	64802	4	8
20278					4
20279	4	0x008e	16674	2	8
20280					2
20281	4	0x008e	290	64	8
20282					64
20283	4	0x008e	16418	64	8
20284					64
20285	4	0x008e	32546	64	8
20286					64
20287	4	0x008e	48674	64	8
20288					64
20289	4	0x008e	64802	4	8
20290					4
20291	4	0x008e	16674	2	8
20292					2
20293	4	0x008e	290	64	8
20294					64
20295	4	0x008e	16418	64	8
20296					64
20297	4	0x008e	32546	64	8
20298					64
20299	4	0x008e	48674	64	8
20300					64
20301	4	0x008e	64802	4	8
20302					4
20303	4	0x008e	16674	2	8
20304					2
20305	4	0x008e	290	64	8
20306					64
20307	4	0x008e	16418	64	8
20308					64
20309	4	0x008e	32546	64	8
20310					64
20311	4	0x008e	48674	64	8
20312					64
20313	4	0x008e	64802	4	8
20314					4
20315	4	0x008e	16674	2	8
20316					2
20317	4	0x008e	290	64	8
20318					64
20319	4	0x008e	16418	64	8
20320					64
20321	4	0x008e	32546	64	8
20322					64
20323	4	0x008e	48674	64	8
20324					64
20325	4	0x008e	64802	4	8
20326					4
20327	4	0x008e	16674	2	8
20328					2
20329	4	0x008e	290	64	8
20330					64
20331	4	0x008e	16418	64	8
20332					64
20333	4	0x008e	32546	64	8
20334					64
20335	4	0x008e	48674	64	8
20336					64
20337	4	0x008e	64802	4	8
20338					4
20339	4	0x008e	16674	2	8
20340					2
20341	4	0x008e	290	64	8
20342					64
20343	4	0x008e	16418	64	8
20344					64
20345	4	0x008e	32546	64	8
20346					64
20347	4	0x008e	48674	64	8
20348					64
20349	4	0x008e	64802	4	8
20350					4
20351	4	0x008e	16674	2	8
20352					2
20353	4	0x008e	290	64	8
20354					64
20355	4	0x008e	16418	64	8
20356					64
20357	4	0x008e	32546	64	8
20358					64
20359	4	0x008e	48674	64	8
20360					64
20361	4	0x008e	64802	4	8
20362					4
20363	4	0x008e	16674	2	8
20364					2
20365	4	0x008e	290	64	8
20366					64
20367	4	0x008e	16418	64	8
20368					64
20369	4	0x008e	32546	64	8
20370					64
20371	4	0x008e	48674	64	8
20372					64
20373	4	0x008e	64802	4	8
20374					4
20375	4	0x008e	16674	2	8
20376					2
20377	4	0x008e	290	64	8
20378					64
20379	4	0x008e	16418	64	8
20380					64
20381	4	0x008e	32546	64	8
20382					64
20383	4	0x008e	48674	64	8
20384					64
20385	4	0x008e	64802	4	8
20386					4
20387	4	0x008e	16674	2	8
20388					2
20389	4	0x008e	290	64	8
20390					64
20391	4	0x008e	16418	64	8
20392					64
20393	4	0x008e	32546	64	8
20394					64
20395	4	0x008e	48674	64	8
20396					64
20397	4	0x008e	64802	4	8
20398					4
20399	4	0x008e	16674	2	8
20400					2
20401	4	0x008e	290	64	8
20402					64
20403	4	0x008e	16418	64	8
20404					64
20405	4	0x008e	32546	64	8
20406					64
20407	4	0x008e	48674	64	8
20408					64
20409	4	0x008e	64802	4	8
20410					4
20411	4	0x008e	16674	2	8
20412					2
20413	4	0x008e	290	64	8
20414					64
20415	4	0x008e	16418	64	8
20416					64
20417	4	0x008e	32546	64	8
20418					64
20419	4	0x008e	48674	64	8
20420					64
20421	4	0x008e	64802	4	8
20422					4
20423	4	0x008e	16674	2	8
20424					2
20425	4	0x008e	290	64	8
20426					64
20427	4	0x008e	16418	64	8
20428					64
20429	4	0x008e	32546	64	8
20430					64
20431	4	0x008e	48674	64	8
20432					64
20433	4	0x008e	64802	4	8
20434					4
20435	4	0x008e	16674	2	8
20436					2
20437	4	0x008e	290	64	8
20438					64
20439	4	0x008e	16418	64	8
20440					64
20441	4	0x008e	32546	64	8
20442					64
20443	4	0x008e	48674	64	8
20444					64
20445	4	0x008e	64802	4	8
20446					4
20447	4	0x008e	16674	2	8
20448					2
20449	4	0x008e	290	64	8
20450					64
20451	4	0x008e	16418	64	8
20452					64
20453	4	0x008e	32546	64	8
20454					64
20455	4	0x008e	48674	64	8
20456					64
20457	4	0x008e	64802	4	8
20458					4
20459	4	0x008e	16674	2	8
20460					2
20461	4	0x008e	290	64	8
20462					64
20463	4	0x008e	16418	64	8
20464					64
20465	4	0x008e	32546	64	8
20466					64
20467	4	0x008e	48674	64	8
20468					64
20469	4	0x008e	64802	4	8
20470					4
20471	4	0x008e	16674	2	8
20472					2
20473	4	0x008e	290	64	8
20474					64
20475	4	0x008e	16418	64	8
20476					64
20477	4	0x008e	32546	64	8
20478					64
20479	4	0x008e	48674	64	8
20480					64
20481	4	0x008e	64802	4	8
20482					4
20483	4	0x008e	16674	2	8
20484					2
20485	4	0x008e	290	64	8
20486					64
20487	4	0x008e	16418	64	8
20488					64
20489	4	0x008e	32546	64	8
20490					64
20491	4	0x008e	48674	64	8
20492					64
20493	4	0x008e	64802	4	8
20494					4
20495	4	0x008e	16674	2	8
20496					2
20497	4	0x008e	290	64	8
20498					64
20499	4	0x008e	16418	64	8
20500					64
20501	4	0x008e	32546	64	8
20502					64
20503	4	0x008e	48674	64	8
20504					64
20505	4	0x008e	64802	4	8
20506					4
20507	4	0x008e	16674	2	8
20508					2
20509	4	0x008e	290	64	8
20510					64
20511	4	0x008e	16418	64	8
20512					64
20513	4	0x008e	32546	64	8
20514					64
20515	4	0x008e	48674	64	8
20516					64
20517	4	0x008e	64802	4	8
20518					4
20519	4	0x008e	16674	2	8
20520					2
20521	4	0x008e	290	64	8
20522					64
20523	4	0x008e	16418	64	8
20524					64
20525	4	0x008e	32546	64	8
20526					64
20527	4	0x008e	48674	64	8
20528					64
20529	4	0x008e	64802	4	8
20530					4
20531	4	0x008e	16674	2	8
20532					2
20533	4	0x008e	290	64	8
20534					64
20535	4	0x008e	16418	64	8
20536					64
20537	4	0x008e	32546	64	8
20538					64
20539	4	0x008e	48674	64	8
20540					64
20541	4	0x008e	64802	4	8
20542					4
20543	4	0x008e	16674	2	8
20544					2
20545	4	0x008e	290	64	8
20546					64
20547	4	0x008e	16418	64	8
20548					64
20549	4	0x008e	32546	64	8
20550					64
20551	4	0x008e	48674	64	8
20552					64
20553	4	0x008e	64802	4	8
20554					4
20555	4	0x008e	16674	2	8
20556					2
20557	4	0x008e	290	64	8
20558					64
20559	4	0x008e	16418	64	8
20560					64
20561	4	0x008e	32546	64	8
20562					64
20563	4	0x008e	48674	64	8
20564					64
20565	4	0x008e	64802	4	8
20566					4
20567	4	0x008e	16674	2	8
20568					2
20569	4	0x008e	290	64	8
20570					64
20571	4	0x008e	16418	64	8
20572					64
20573	4	0x008e	32546	64	8
20574					64
20575	4	0x008e	48674	64	8
20576					64
20577	4	0x008e	64802	4	8
20578					4
20579	4	0x008e	16674	2	8
20580					2
20581	4	0x008e	290	64	8
20582					64
20583	4	0x008e	16418	64	8
20584					64
20585	4	0x008e	32546	64	8
20586					64
20587	4	0x008e	48674	64	8
20588					64
20589	4	0x008e	64802	4	8
20590					4
20591	4	0x008e	16674	2	8
20592					2
20593	4	0x008e	290	64	8
20594					64
20595	4	0x008e	16418	64	8
20596					64
20597	4	0x008e	32546	64	8
20598					64
20599	4	0x008e	48674	64	8
20600					64
20601	4	0x008e	64802	4	8
20602					4
20603	4	0x008e	16674	2	8
20604					2
20605	4	0x008e	290	64	8
20606					64
20607	4	0x008e	16418	64	8
20608					64
20609	4	0x008e	32546	64	8
20610					64
20611	4	0x008e	48674	64	8
20612					64
20613	4	0x008e	64802	4	8
20614					4
20615	4	0x008e	16674	2	8
20616					2
20617	4	0x008e	290	64	8
20618					64
20619	4	0x008e	16418	64	8
20620					64
20621	4	0x008e	32546	64	8
20622					64
20623	4	0x008e	48674	64	8
20624					64
20625	4	0x008e	64802	4	8
20626					4
20627	4	0x008e	16674	2	8
20628					2
20629	4	0x008e	290	64	8
20630					64
20631	4	0x008e	16418	64	8
20632					64
20633	4	0x008e	32546	64	8
20634					64
20635	4	0x008e	48674	64	8
20636					64
20637	4	0x008e	64802	4	8
20638					4
20639	4	0x008e	16674	2	8
20640					2
20641	4	0x008e	290	64	8
20642					64
20643	4	0x008e	16418	64	8
20644					64
20645	4	0x008e	32546	64	8
20646					64
20647	4	0x008e	48674	64	8
20648					64
20649	4	0x008e	64802	4	8
20650					4
20651	4	0x008e	16674	2	8
20652					2
20653	4	0x008e	290	64	8
20654					64
20655	4	0x008e	16418	64	8
20656					64
20657	4	0x008e	32546	64	8
20658					64
20659	4	0x008e	48674	64	8
20660					64
20661	4	0x008e	64802	4	8
20662					4
20663	4	0x008e	16674	2	8
20664					2
20665	4	0x008e	290	64	8
20666					64
20667	4	0x008e	16418	64	8
20668					64
20669	4	0x008e	32546	64	8
20670					64
20671	4	0x008e	48674	64	8
20672					64
20673	4	0x008e	64802	4	8
20674					4
20675	4	0x008e	16674	2	8
20676					2
20677	4	0x008e	290	64	8
20678					64
20679	4	0x008e	16418	64	8
20680					64
20681	4	0x008e	32546	64	8
20682					64
20683	4	0x008e	48674	64	8
20684					64
20685	4	0x008e	64802	4	8
20686					4
20687	4	0x008e	16674	2	8
20688					2
20689	4	0x008e	290	64	8
20690					64
20691	4	0x008e	16418	64	8
20692					64
20693	4	0x008e	32546	64	8
20694					64
20695	4	0x008e	48674	64	8
20696					64
20697	4	0x008e	64802	4	8
20698					4
20699	4	0x008e	16674	2	8
20700					2
20701	4	0x008e	290	64	8
20702					64
20703	4	0x008e	16418	64	8
20704					64
20705	4	0x008e	32546	64	8
20706					64
20707	4	0x008e	48674	64	8
20708					64
20709	4	0x008e	64802	4	8
20710					4
20711	4	0x008e	16674	2	8
20712					2
20713	4	0x008e	290	64	8
20714					64
20715	4	0x008e	16418	64	8
20716					64
20717	4	0x008e	32546	64	8
20718					64
20719	4	0x008e	48674	64	8
20720					64
20721	4	0x008e	64802	4	8
20722					4
20723	4	0x008e	16674	2	8
20724					2
20725	4	0x008e	290	64	8
20726					64
20727	4	0x008e	16418	64	8
20728					64
20729	4	0x008e	32546	64	8
20730					64
20731	4	0x008e	48674	64	8
20732					64
20733	4	0x008e	64802	4	8
20734					4
20735	4	0x008e	16674	2	8
20736					2
20737	4	0x008e	290	64	8
20738					64
20739	4	0x008e	16418	64	8
20740					64
20741	4	0x008e	32546	64	8
20742					64
20743	4	0x008e	48674	64	8
20744					64
20745	4	0x008e	64802	4	8
20746					4
20747	4	0x008e	16674	2	8
20748					2
20749	4	0x008e	290	64	8
20750					64
20751	4	0x008e	16418	64	8
20752					64
20753	4	0x008e	32546	64	8
20754					64
20755	4	0x008e	48674	64	8
20756					64
20757	4	0x008e	64802	4	8
20758					4
20759	4	0x008e	16674	2	8
20760					2
20761	4	0x008e	290	64	8
20762					64
20763	4	0x008e	16418	64	8
20764					64
20765	4	0x008e	32546	64	8
20766					64
20767	4	0x008e	48674	64	8
20768					64
20769	4	0x008e	64802	4	8
20770					4
20771	4	0x008e	16674	2	8
20772					2
20773	4	0x008e	290	64	8
20774					64
20775	4	0x008e	16418	64	8
20776					64
20777	4	0x008e	32546	64	8
20778					64
20779	4	0x008e	48674	64	8
20780					64
20781	4	0x008e	64802	4	8
20782					4
20783	4	0x008e	16674	2	8
20784					2
20785	4	0x008e	290	64	8
20786					64
20787	4	0x008e	16418	64	8
20788					64
20789	4	0x008e	32546	64	8
20790					64
20791	4	0x008e	48674	64	8
20792					64
20793	4	0x008e	64802	4	8
20794					4
20795	4	0x008e	16674	2	8
20796					2
20797	4	0x008e	290	64	8
20798					64
20799	4	0x008e	16418	64	8
20800					64
20801	4	0x008e	32546	64	8
20802					64
20803	4	0x008e	48674	64	8
20804					64
20805	4	0x008e	64802	4	8
20806					4
20807	4	0x008e	16674	2	8
20808					2
20809	4	0x008e	290	64	8
20810					64
20811	4	0x008e	16418	64	8
20812					64
20813	4	0x008e	32546	64	8
20814					64
20815	4	0x008e	48674	64	8
20816					64
20817	4	0x008e	64802	4	8
20818					4
20819	4	0x008e	16674	2	8
20820					2
20821	4	0x008e	290	64	8
20822					64
20823	4	0x008e	16418	64	8
20824					64
20825	4	0x008e	32546	64	8
20826					64
20827	4	0x008e	48674	64	8
20828					64
20829	4	0x008e	64802	4	8
20830					4
20831	4	0x008e	16674	2	8
20832					2
20833	4	0x008e	290	64	8
20834					64
20835	4	0x008e	16418	64	8
20836					64
20837	4	0x008e	32546	64	8
20838					64
20839	4	0x008e	48674	64	8
20840					64
20841	4	0x008e	64802	4	8
20842					4
20843	4	0x008e	16674	2	8
20844					2
20845	4	0x008e	290	64	8
20846					64
20847	4	0x008e	16418	64	8
20848					64
20849	4	0x008e	32546	64	8
20850					64
20851	4	0x008e	48674	64	8
20852					64
20853	4	0x008e	64802	4	8
20854					4
20855	4	0x008e	16674	2	8
20856					2
20857	4	0x008e	290	64	8
20858					64
20859	4	0x008e	16418	64	8
20860					64
20861	4	0x008e	32546	64	8
20862					64
20863	4	0x008e	48674	64	8
20864					64
20865	4	0x008e	64802	4	8
20866					4
20867	4	0x008e	16674	2	8
20868					2
20869	4	0x008e	290	64	8
20870					64
20871	4	0x008e	16418	64	8
20872					64
20873	4	0x008e	32546	64	8
20874					64
20875	4	0x008e	48674	64	8
20876					64
20877	4	0x008e	64802	4	8
20878					4
20879	4	0x008e	16674	2	8
20880					2
20881	4	0x008e	290	64	8
20882					64
20883	4	0x008e	16418	64	8
20884					64
20885	4	0x008e	32546	64	8
20886					64
20887	4	0x008e	48674	64	8
20888					64
20889	4	0x008e	64802	4	8
20890					4
20891	4	0x008e	16674	2	8
20892					2
20893	4	0x008e	290	64	8
20894					64
20895	4	0x008e	16418	64	8
20896					64
20897	4	0x008e	32546	64	8
20898					64
20899	4	0x008e	48674	64	8
20900					64
20901	4	0x008e	64802	4	8
20902					4
20903	4	0x008e	16674	2	8
20904					2
20905	4	0x008e	290	64	8
20906					64
20907	4	0x008e	16418	64	8
20908					64
20909	4	0x008e	32546	64	8
20910					64
20911	4	0x008e	48674	64	8
20912					64
20913	4	0x008e	64802	4	8
20914					4
20915	4	0x008e	16674	2	8
20916					2
20917	4	0x008e	290	64	8
20918					64
20919	4	0x008e	16418	64	8
20920					64
20921	4	0x008e	32546	64	8
20922					64
20923	4	0x008e	48674	64	8
20924					64
20925	4	0x008e	64802	4	8
20926					4
20927	4	0x008e	16674	2	8
20928					2
20929	4	0x008e	290	64	8
20930					64
20931	4	0x008e	16418	64	8
20932					64
20933	4	0x008e	32546	64	8
20934					64
20935	4	0x008e	48674	64	8
20936					64
20937	4	0x008e	64802	4	8
20938					4
20939	4	0x008e	16674	2	8
20940					2
20941	4	0x008e	290	64	8
20942					64
20943	4	0x008e	16418	64	8
20944					64
20945	4	0x008e	32546	64	8
20946					64
20947	4	0x008e	48674	64	8
20948					64
20949	4	0x008e	64802	4	8
20950					4
20951	4	0x008e	16674	2	8
20952					2
20953	4	0x008e	290	64	8
20954					64
20955	4	0x008e	16418	64	8
20956					64
20957	4	0x008e	32546	64	8
20958					64
20959	4	0x008e	48674	64	8
20960					64
20961	4	0x008e	64802	4	8
20962					4
20963	4	0x008e	16674	2	8
20964					2
20965	4	0x008e	290	64	8
20966					64
20967	4	0x008e	16418	64	8
20968					64
20969	4	0x008e	32546	64	8
20970					64
20971	4	0x008e	48674	64	8
20972					64
20973	4	0x008e	64802	4	8
20974					4
20975	4	0x008e	16674	2	8
20976					2
20977	4	0x008e	290	64	8
20978					64
20979	4	0x008e	16418	64	8
20980					64
20981	4	0x008e	32546	64	8
20982					64
20983	4	0x008e	48674	64	8
20984					64
20985	4	0x008e	64802	4	8
20986					4
20987	4	0x008e	16674	2	8
20988					2
20989	4	0x008e	290	64	8
20990					64
20991	4	0x008e	16418	64	8
20992					64
20993	4	0x008e	32546	64	8
20994					64
20995	4	0x008e	48674	64	8
20996					64
20997	4	0x008e	64802	4	8
20998					4
20999	4	0x008e	16674	2	8
21000					2
21001	4	0x008e	290	64	8
21002					64
21003	4	0x008e	16418	64	8
21004					64
21005	4	0x008e	32546	64	8
21006					64
21007	4	0x008e	48674	64	8
21008					64
21009	4	0x008e	64802	4	8
21010					4
21011	4	0x008e	16674	2	8
21012					2
21013	4	0x008e	290	64	8
21014					64
21015	4	0x008e	16418	64	8
21016					64
21017	4	0x008e	32546	64	8
21018					64
21019	4	0x008e	48674	64	8
21020					64
21021	4	0x008e	64802	4	8
21022					4
21023	4	0x008e	16674	2	8
21024					2
21025	4	0x008e	290	64	8
21026					64
21027	4	0x008e	16418	64	8
21028					64
21029	4	0x008e	32546	64	8
21030					64
21031	4	0x008e	48674	64	8
21032					64
21033	4	0x008e	64802	4	8
21034					4
21035	4	0x008e	16674	2	8
21036					2
21037	4	0x008e	290	64	8
21038					64
21039	4	0x008e	16418	64	8
21040					64
21041	4	0x008e	32546	64	8
21042					64
21043	4	0x008e	48674	64	8
21044					64
21045	4	0x008e	64802	4	8
21046					4
21047	4	0x008e	16674	2	8
21048					2
21049	4	0x008e	290	64	8
21050					64
21051	4	0x008e	16418	64	8
21052					64
21053	4	0x008e	32546	64	8
21054					64
21055	4	0x008e	48674	64	8
21056					64
21057	4	0x008e	64802	4	8
21058					4
21059	4	0x008e	16674	2	8
21060					2
21061	4	0x008e	290	64	8
21062					64
21063	4	0x008e	16418	64	8
21064					64
21065	4	0x008e	32546	64	8
21066					64
21067	4	0x008e	48674	64	8
21068					64
21069	4	0x008e	64802	4	8
21070					4
21071	4	0x008e	16674	2	8
21072					2
21073	4	0x008e	290	64	8
21074					64
21075	4	0x008e	16418	64	8
21076					64
21077	4	0x008e	32546	64	8
21078					64
21079	4	0x008e	48674	64	8
21080					64
21081	4	0x008e	64802	4	8
21082					4
21083	4	0x008e	16674	2	8
21084					2
21085	4	0x008e	290	64	8
21086					64
21087	4	0x008e	16418	64	8
21088					64
21089	4	0x008e	32546	64	8
21090					64
21091	4	0x008e	48674	64	8
21092					64
21093	4	0x008e	64802	4	8
21094					4
21095	4	0x008e	16674	2	8
21096					2
21097	4	0x008e	290	64	8
21098					64
21099	4	0x008e	16418	64	8
21100					64
21101	4	0x008e	32546	64	8
21102					64
21103	4	0x008e	48674	64	8
21104					64
21105	4	0x008e	64802	4	8
21106					4
21107	4	0x008e	16674	2	8
21108					2
21109	4	0x008e	290	64	8
21110					64
21111	4	0x008e	16418	64	8
21112					64
21113	4	0x008e	32546	64	8
21114					64
21115	4	0x008e	48674	64	8
21116					64
21117	4	0x008e	64802	4	8
21118					4
21119	4	0x008e	16674	2	8
21120					2
21121	4	0x008e	290	64	8
21122					64
21123	4	0x008e	16418	64	8
21124					64
21125	4	0x008e	32546	64	8
21126					64
21127	4	0x008e	48674	64	8
21128					64
21129	4	0x008e	64802	4	8
21130					4
21131	4	0x008e	16674	2	8
21132					2
21133	4	0x008e	290	64	8
21134					64
21135	4	0x008e	16418	64	8
21136					64
21137	4	0x008e	32546	64	8
21138					64
21139	4	0x008e	48674	64	8
21140					64
21141	4	0x008e	64802	4	8
21142					4
21143	4	0x008e	16674	2	8
21144					2
21145	4	0x008e	290	64	8
21146					64
21147	4	0x008e	16418	64	8
21148					64
21149	4	0x008e	32546	64	8
21150					64
21151	4	0x008e	48674	64	8
21152					64
21153	4	0x008e	64802	4	8
21154					4
21155	4	0x008e	16674	2	8
21156					2
21157	4	0x008e	290	64	8
21158					64
21159	4	0x008e	16418	64	8
21160					64
21161	4	0x008e	32546	64	8
21162					64
21163	4	0x008e	48674	64	8
21164					64
21165	4	0x008e	64802	4	8
21166					4
21167	4	0x008e	16674	2	8
21168					2
21169	4	0x008e	290	64	8
21170					64
21171	4	0x008e	16418	64	8
21172					64
21173	4	0x008e	32546	64	8
21174					64
21175	4	0x008e	48674	64	8
21176					64
21177	4	0x008e	64802	4	8
21178					4
21179	4	0x008e	16674	2	8
21180					2
21181	4	0x008e	290	64	8
21182					64
21183	4	0x008e	16418	64	8
21184					64
21185	4	0x008e	32546	64	8
21186					64
21187	4	0x008e	48674	64	8
21188					64
21189	4	0x008e	64802	4	8
21190					4
21191	4	0x008e	16674	2	8
21192					2
21193	4	0x008e	290	64	8
21194					64
21195	4	0x008e	16418	64	8
21196					64
21197	4	0x008e	32546	64	8
21198					64
21199	4	0x008e	48674	64	8
21200					64
21201	4	0x008e	64802	4	8
21202					4
21203	4	0x008e	16674	2	8
21204					2
21205	4	0x008e	290	64	8
21206					64
21207	4	0x008e	16418	64	8
21208					64
21209	4	0x008e	32546	64	8
21210					64
21211	4	0x008e	48674	64	8
21212					64
21213	4	0x008e	64802	4	8
21214					4
21215	4	0x008e	16674	2	8
21216					2
21217	4	0x008e	290	64	8
21218					64
21219	4	0x008e	16418	64	8
21220					64
21221	4	0x008e	32546	64	8
21222					64
21223	4	0x008e	48674	64	8
21224					64
21225	4	0x008e	64802	4	8
21226					4
21227	4	0x008e	16674	2	8
21228					2
21229	4	0x008e	290	64	8
21230					64
21231	4	0x008e	16418	64	8
21232					64
21233	4	0x008e	32546	64	8
21234					64
21235	4	0x008e	48674	64	8
21236					64
21237	4	0x008e	64802	4	8
21238					4
21239	4	0x008e	16674	2	8
21240					2
21241	4	0x008e	290	64	8
21242					64
21243	4	0x008e	16418	64	8
21244					64
21245	4	0x008e	32546	64	8
21246					64
21247	4	0x008e	48674	64	8
21248					64
21249	4	0x008e	64802	4	8
21250					4
21251	4	0x008e	16674	2	8
21252					2
21253	4	0x008e	290	64	8
21254					64
21255	4	0x008e	16418	64	8
21256					64
21257	4	0x008e	32546	64	8
21258					64
21259	4	0x008e	48674	64	8
21260					64
21261	4	0x008e	64802	4	8
21262					4
21263	4	0x008e	16674	2	8
21264					2
21265	4	0x008e	290	64	8
21266					64
21267	4	0x008e	16418	64	8
21268					64
21269	4	0x008e	32546	64	8
21270					64
21271	4	0x008e	48674	64	8
21272					64
21273	4	0x008e	64802	4	8
21274					4
21275	4	0x008e	16674	2	8
21276					2
21277	4	0x008e	290	64	8
21278					64
21279	4	0x008e	16418	64	8
21280					64
21281	4	0x008e	32546	64	8
21282					64
21283	4	0x008e	48674	64	8
21284					64
21285	4	0x008e	64802	4	8
21286					4
21287	4	0x008e	16674	2	8
21288					2
21289	4	0x008e	290	64	8
21290					64
21291	4	0x008e	16418	64	8
21292					64
21293	4	0x008e	32546	64	8
21294					64
21295	4	0x008e	48674	64	8
21296					64
21297	4	0x008e	64802	4	8
21298					4
21299	4	0x008e	16674	2	8
21300					2
21301	4	0x008e	290	64	8
21302					64
21303	4	0x008e	16418	64	8
21304					64
21305	4	0x008e	32546	64	8
21306					64
21307	4	0x008e	48674	64	8
21308					64
21309	4	0x008e	64802	4	8
21310					4
21311	4	0x008e	16674	2	8
21312					2
21313	4	0x008e	290	64	8
21314					64
21315	4	0x008e	16418	64	8
21316					64
21317	4	0x008e	32546	64	8
21318					64
21319	4	0x008e	48674	64	8
21320					64
21321	4	0x008e	64802	4	8
21322					4
21323	4	0x008e	16674	2	8
21324					2
21325	4	0x008e	290	64	8
21326					64
21327	4	0x008e	16418	64	8
21328					64
21329	4	0x008e	32546	64	8
21330					64
21331	4	0x008e	48674	64	8
21332					64
21333	4	0x008e	64802	4	8
21334					4
21335	4	0x008e	16674	2	8
21336					2
21337	4	0x008e	290	64	8
21338					64
21339	4	0x008e	16418	64	8
21340					64
21341	4	0x008e	32546	64	8
21342					64
21343	4	0x008e	48674	64	8
21344					64
21345	4	0x008e	64802	4	8
21346					4
21347	4	0x008e	16674	2	8
21348					2
21349	4	0x008e	290	64	8
21350					64
21351	4	0x008e	16418	64	8
21352					64
21353	4	0x008e	32546	64	8
21354					64
21355	4	0x008e	48674	64	8
21356					64
21357	4	0x008e	64802	4	8
21358					4
21359	4	0x008e	16674	2	8
21360					2
21361	4	0x008e	290	64	8
21362					64
21363	4	0x008e	16418	64	8
21364					64
21365	4	0x008e	32546	64	8
21366					64
21367	4	0x008e	48674	64	8
21368					64
21369	4	0x008e	64802	4	8
21370					4
21371	4	0x008e	16674	2	8
21372					2
21373	4	0x008e	290	64	8
21374					64
21375	4	0x008e	16418	64	8
21376					64
21377	4	0x008e	32546	64	8
21378					64
21379	4	0x008e	48674	64	8
21380					64
21381	4	0x008e	64802	4	8
21382					4
21383	4	0x008e	16674	2	8
21384					2
21385	4	0x008e	290	64	8
21386					64
21387	4	0x008e	16418	64	8
21388					64
21389	4	0x008e	32546	64	8
21390					64
21391	4	0x008e	48674	64	8
21392					64
21393	4	0x008e	64802	4	8
21394					4
21395	4	0x008e	16674	2	8
21396					2
21397	4	0x008e	290	64	8
21398					64
21399	4	0x008e	16418	64	8
21400					64
21401	4	0x008e	32546	64	8
21402					64
21403	4	0x008e	48674	64	8
21404					64
21405	4	0x008e	64802	4	8
21406					4
21407	4	0x008e	16674	2	8
21408					2
21409	4	0x008e	290	64	8
21410					64
21411	4	0x008e	16418	64	8
21412					64
21413	4	0x008e	32546	64	8
21414					64
21415	4	0x008e	48674	64	8
21416					64
21417	4	0x008e	64802	4	8
21418					4
21419	4	0x008e	16674	2	8
21420					2
21421	4	0x008e	290	64	8
21422					64
21423	4	0x008e	16418	64	8
21424					64
21425	4	0x008e	32546	64	8
21426					64
21427	4	0x008e	48674	64	8
21428					64
21429	4	0x008e	64802	4	8
21430					4
21431	4	0x008e	16674	2	8
21432					2
21433	4	0x008e	290	64	8
21434					64
21435	4	0x008e	16418	64	8
21436					64
21437	4	0x008e	32546	64	8
21438					64
21439	4	0x008e	48674	64	8
21440					64
21441	4	0x008e	64802	4	8
21442					4
21443	4	0x008e	16674	2	8
21444					2
21445	4	0x008e	290	64	8
21446					64
21447	4	0x008e	16418	64	8
21448					64
21449	4	0x008e	32546	64	8
21450					64
21451	4	0x008e	48674	64	8
21452					64
21453	4	0x008e	64802	4	8
21454					4
21455	4	0x008e	16674	2	8
21456					2
21457	4	0x008e	290	64	8
21458					64
21459	4	0x008e	16418	64	8
21460					64
21461	4	0x008e	32546	64	8
21462					64
21463	4	0x008e	48674	64	8
21464					64
21465	4	0x008e	64802	4	8
21466					4
21467	4	0x008e	16674	2	8
21468					2
21469	4	0x008e	290	64	8
21470					64
21471	4	0x008e	16418	64	8
21472					64
21473	4	0x008e	32546	64	8
21474					64
21475	4	0x008e	48674	64	8
21476					64
21477	4	0x008e	64802	4	8
21478					4
21479	4	0x008e	16674	2	8
21480					2
21481	4	0x008e	290	64	8
21482					64
21483	4	0x008e	16418	64	8
21484					64
21485	4	0x008e	32546	64	8
21486					64
21487	4	0x008e	48674	64	8
21488					64
21489	4	0x008e	64802	4	8
21490					4
21491	4	0x008e	16674	2	8
21492					2
21493	4	0x008e	290	64	8
21494					64
21495	4	0x008e	16418	64	8
21496					64
21497	4	0x008e	32546	64	8
21498					64
21499	4	0x008e	48674	64	8
21500					64
21501	4	0x008e	64802	4	8
21502					4
21503	4	0x008e	16674	2	8
21504					2
21505	4	0x008e	290	64	8
21506					64
21507	4	0x008e	16418	64	8
21508					64
21509	4	0x008e	32546	64	8
21510					64
21511	4	0x008e	48674	64	8
21512					64
21513	4	0x008e	64802	4	8
21514					4
21515	4	0x008e	16674	2	8
21516					2
21517	4	0x008e	290	64	8
21518					64
21519	4	0x008e	16418	64	8
21520					64
21521	4	0x008e	32546	64	8
21522					64
21523	4	0x008e	48674	64	8
21524					64
21525	4	0x008e	64802	4	8
21526					4
21527	4	0x008e	16674	2	8
21528					2
21529	4	0x008e	290	64	8
21530					64
21531	4	0x008e	16418	64	8
21532					64
21533	4	0x008e	32546	64	8
21534					64
21535	4	0x008e	48674	64	8
21536					64
21537	4	0x008e	64802	4	8
21538					4
21539	4	0x008e	16674	2	8
21540					2
21541	4	0x008e	290	64	8
21542					64
21543	4	0x008e	16418	64	8
21544					64
21545	4	0x008e	32546	64	8
21546					64
21547	4	0x008e	48674	64	8
21548					64
21549	4	0x008e	64802	4	8
21550					4
21551	4	0x008e	16674	2	8
21552					2
21553	4	0x008e	290	64	8
21554					64
21555	4	0x008e	16418	64	8
21556					64
21557	4	0x008e	32546	64	8
21558					64
21559	4	0x008e	48674	64	8
21560					64
21561	4	0x008e	64802	4	8
21562					4
21563	4	0x008e	16674	2	8
21564					2
21565	4	0x008e	290	64	8
21566					64
21567	4	0x008e	16418	64	8
21568					64
21569	4	0x008e	32546	64	8
21570					64
21571	4	0x008e	48674	64	8
21572					64
21573	4	0x008e	64802	4	8
21574					4
21575	4	0x008e	16674	2	8
21576					2
21577	4	0x008e	290	64	8
21578					64
21579	4	0x008e	16418	64	8
21580					64
21581	4	0x008e	32546	64	8
21582					64
21583	4	0x008e	48674	64	8
21584					64
21585	4	0x008e	64802	4	8
21586					4
21587	4	0x008e	16674	2	8
21588					2
21589	4	0x008e	290	64	8
21590					64
21591	4	0x008e	16418	64	8
21592					64
21593	4	0x008e	32546	64	8
21594					64
21595	4	0x008e	48674	64	8
21596					64
21597	4	0x008e	64802	4	8
21598					4
21599	4	0x008e	16674	2	8
21600					2
21601	4	0x008e	290	64	8
21602					64
21603	4	0x008e	16418	64	8
21604					64
21605	4	0x008e	32546	64	8
21606					64
21607	4	0x008e	48674	64	8
21608					64
21609	4	0x008e	64802	4	8
21610					4
21611	4	0x008e	16674	2	8
21612					2
21613	4	0x008e	290	64	8
21614					64
21615	4	0x008e	16418	64	8
21616					64
21617	4	0x008e	32546	64	8
21618					64
21619	4	0x008e	48674	64	8
21620					64
21621	4	0x008e	64802	4	8
21622					4
21623	4	0x008e	16674	2	8
21624					2
21625	4	0x008e	290	64	8
21626					64
21627	4	0x008e	16418	64	8
21628					64
21629	4	0x008e	32546	64	8
21630					64
21631	4	0x008e	48674	64	8
21632					64
21633	4	0x008e	64802	4	8
21634					4
21635	4	0x008e	16674	2	8
21636					2
21637	4	0x008e	290	64	8
21638					64
21639	4	0x008e	16418	64	8
21640					64
21641	4	0x008e	32546	64	8
21642					64
21643	4	0x008e	48674	64	8
21644					64
21645	4	0x008e	64802	4	8
21646					4
21647	4	0x008e	16674	2	8
21648					2
21649	4	0x008e	290	64	8
21650					64
21651	4	0x008e	16418	64	8
21652					64
21653	4	0x008e	32546	64	8
21654					64
21655	4	0x008e	48674	64	8
21656					64
21657	4	0x008e	64802	4	8
21658					4
21659	4	0x008e	16674	2	8
21660					2
21661	4	0x008e	290	64	8
21662					64
21663	4	0x008e	16418	64	8
21664					64
21665	4	0x008e	32546	64	8
21666					64
21667	4	0x008e	48674	64	8
21668					64
21669	4	0x008e	64802	4	8
21670					4
21671	4	0x008e	16674	2	8
21672					2
21673	4	0x008e	290	64	8
21674					64
21675	4	0x008e	16418	64	8
21676					64
21677	4	0x008e	32546	64	8
21678					64
21679	4	0x008e	48674	64	8
21680					64
21681	4	0x008e	64802	4	8
21682					4
21683	4	0x008e	16674	2	8
21684					2
21685	4	0x008e	290	64	8
21686					64
21687	4	0x008e	16418	64	8
21688					64
21689	4	0x008e	32546	64	8
21690					64
21691	4	0x008e	48674	64	8
21692					64
21693	4	0x008e	64802	4	8
21694					4
21695	4	0x008e	16674	2	8
21696					2
21697	4	0x008e	290	64	8
21698					64
21699	4	0x008e	16418	64	8
21700					64
21701	4	0x008e	32546	64	8
21702					64
21703	4	0x008e	48674	64	8
21704					64
21705	4	0x008e	64802	4	8
21706					4
21707	4	0x008e	16674	2	8
21708					2
21709	4	0x008e	290	64	8
21710					64
21711	4	0x008e	16418	64	8
21712					64
21713	4	0x008e	32546	64	8
21714					64
21715	4	0x008e	48674	64	8
21716					64
21717	4	0x008e	64802	4	8
21718					4
21719	4	0x008e	16674	2	8
21720					2
21721	4	0x008e	290	64	8
21722					64
21723	4	0x008e	16418	64	8
21724					64
21725	4	0x008e	32546	64	8
21726					64
21727	4	0x008e	48674	64	8
21728					64
21729	4	0x008e	64802	4	8
21730					4
21731	4	0x008e	16674	2	8
21732					2
21733	4	0x008e	290	64	8
21734					64
21735	4	0x008e	16418	64	8
21736					64
21737	4	0x008e	32546	64	8
21738					64
21739	4	0x008e	48674	64	8
21740					64
21741	4	0x008e	64802	4	8
21742					4
21743	4	0x008e	16674	2	8
21744					2
21745	4	0x008e	290	64	8
21746					64
21747	4	0x008e	16418	64	8
21748					64
21749	4	0x008e	32546	64	8
21750					64
21751	4	0x008e	48674	64	8
21752					64
21753	4	0x008e	64802	4	8
21754					4
21755	4	0x008e	16674	2	8
21756					2
21757	4	0x008e	290	64	8
21758					64
21759	4	0x008e	16418	64	8
21760					64
21761	4	0x008e	32546	64	8
21762					64
21763	4	0x008e	48674	64	8
21764					64
21765	4	0x008e	64802	4	8
21766					4
21767	4	0x008e	16674	2	8
21768					2
21769	4	0x008e	290	64	8
21770					64
21771	4	0x008e	16418	64	8
21772					64
21773	4	0x008e	32546	64	8
21774					64
21775	4	0x008e	48674	64	8
21776					64
21777	4	0x008e	64802	4	8
21778					4
21779	4	0x008e	16674	2	8
21780					2
21781	4	0x008e	290	64	8
21782					64
21783	4	0x008e	16418	64	8
21784					64
21785	4	0x008e	32546	64	8
21786					64
21787	4	0x008e	48674	64	8
21788					64
21789	4	0x008e	64802	4	8
21790					4
21791	4	0x008e	16674	2	8
21792					2
21793	4	0x008e	290	64	8
21794					64
21795	4	0x008e	16418	64	8
21796					64
21797	4	0x008e	32546	64	8
21798					64
21799	4	0x008e	48674	64	8
21800					64
21801	4	0x008e	64802	4	8
21802					4
21803	4	0x008e	16674	2	8
21804					2
21805	4	0x008e	290	64	8
21806					64
21807	4	0x008e	16418	64	8
21808					64
21809	4	0x008e	32546	64	8
21810					64
21811	4	0x008e	48674	64	8
21812					64
21813	4	0x008e	64802	4	8
21814					4
21815	4	0x008e	16674	2	8
21816					2
21817	4	0x008e	290	64	8
21818					64
21819	4	0x008e	16418	64	8
21820					64
21821	4	0x008e	32546	64	8
21822					64
21823	4	0x008e	48674	64	8
21824					64
21825	4	0x008e	64802	4	8
21826					4
21827	4	0x008e	16674	2	8
21828					2
21829	4	0x008e	290	64	8
21830					64
21831	4	0x008e	16418	64	8
21832					64
21833	4	0x008e	32546	64	8
21834					64
21835	4	0x008e	48674	64	8
21836					64
21837	4	0x008e	64802	4	8
21838					4
21839	4	0x008e	16674	2	8
21840					2
21841	4	0x008e	290	64	8
21842					64
21843	4	0x008e	16418	64	8
21844					64
21845	4	0x008e	32546	64	8
21846					64
21847	4	0x008e	48674	64	8
21848					64
21849	4	0x008e	64802	4	8
21850					4
21851	4	0x008e	16674	2	8
21852					2
21853	4	0x008e	290	64	8
21854					64
21855	4	0x008e	16418	64	8
21856					64
21857	4	0x008e	32546	64	8
21858					64
21859	4	0x008e	48674	64	8
21860					64
21861	4	0x008e	64802	4	8
21862					4
21863	4	0x008e	16674	2	8
21864					2
21865	4	0x008e	290	64	8
21866					64
21867	4	0x008e	16418	64	8
21868					64
21869	4	0x008e	32546	64	8
21870					64
21871	4	0x008e	48674	64	8
21872					64
21873	4	0x008e	64802	4	8
21874					4
21875	4	0x008e	16674	2	8
21876					2
21877	4	0x008e	290	64	8
21878					64
21879	4	0x008e	16418	64	8
21880					64
21881	4	0x008e	32546	64	8
21882					64
21883	4	0x008e	48674	64	8
21884					64
21885	4	0x008e	64802	4	8
21886					4
21887	4	0x008e	16674	2	8
21888					2
21889	4	0x008e	290	64	8
21890					64
21891	4	0x008e	16418	64	8
21892					64
21893	4	0x008e	32546	64	8
21894					64
21895	4	0x008e	48674	64	8
21896					64
21897	4	0x008e	64802	4	8
21898					4
21899	4	0x008e	16674	2	8
21900					2
21901	4	0x008e	290	64	8
21902					64
21903	4	0x008e	16418	64	8
21904					64
21905	4	0x008e	32546	64	8
21906					64
21907	4	0x008e	48674	64	8
21908					64
21909	4	0x008e	64802	4	8
21910					4
21911	4	0x008e	16674	2	8
21912					2
21913	4	0x008e	290	64	8
21914					64
21915	4	0x008e	16418	64	8
21916					64
21917	4	0x008e	32546	64	8
21918					64
21919	4	0x008e	48674	64	8
21920					64
21921	4	0x008e	64802	4	8
21922					4
21923	4	0x008e	16674	2	8
21924					2
21925	4	0x008e	290	64	8
21926					64
21927	4	0x008e	16418	64	8
21928					64
21929	4	0x008e	32546	64	8
21930					64
21931	4	0x008e	48674	64	8
21932					64
21933	4	0x008e	64802	4	8
21934					4
21935	4	0x008e	16674	2	8
21936					2
21937	4	0x008e	290	64	8
21938					64
21939	4	0x008e	16418	64	8
21940					64
21941	4	0x008e	32546	64	8
21942					64
21943	4	0x008e	48674	64	8
21944					64
21945	4	0x008e	64802	4	8
21946					4
21947	4	0x008e	16674	2	8
21948					2
21949	4	0x008e	290	64	8
21950					64
21951	4	0x008e	16418	64	8
21952					64
21953	4	0x008e	32546	64	8
21954					64
21955	4	0x008e	48674	64	8
21956					64
21957	4	0x008e	64802	4	8
21958					4
21959	4	0x008e	16674	2	8
21960					2
21961	4	0x008e	290	64	8
21962					64
21963	4	0x008e	16418	64	8
21964					64
21965	4	0x008e	32546	64	8
21966					64
21967	4	0x008e	48674	64	8
21968					64
21969	4	0x008e	64802	4	8
21970					4
21971	4	0x008e	16674	2	8
21972					2
21973	4	0x008e	290	64	8
21974					64
21975	4	0x008e	16418	64	8
21976					64
21977	4	0x008e	32546	64	8
21978					64
21979	4	0x008e	48674	64	8
21980					64
21981	4	0x008e	64802	4	8
21982					4
21983	4	0x008e	16674	2	8
21984					2
21985	4	0x008e	290	64	8
21986					64
21987	4	0x008e	16418	64	8
21988					64
21989	4	0x008e	32546	64	8
21990					64
21991	4	0x008e	48674	64	8
21992					64
21993	4	0x008e	64802	4	8
21994					4
21995	4	0x008e	16674	2	8
21996					2
21997	4	0x008e	290	64	8
21998					64
21999	4	0x008e	16418	64	8
22000					64
22001	4	0x008e	32546	64	8
22002					64
22003	4	0x008e	48674	64	8
22004					64
22005	4	0x008e	64802	4	8
22006					4
22007	4	0x008e	16674	2	8
22008					2
22009	4	0x008e	290	64	8
22010					64
22011	4	0x008e	16418	64	8
22012					64
22013	4	0x008e	32546	64	8
22014					64
22015	4	0x008e	48674	64	8
22016					64
22017	4	0x008e	64802	4	8
22018					4
22019	4	0x008e	16674	2	8
22020					2
22021	4	0x008e	290	64	8
22022					64
22023	4	0x008e	16418	64	8
22024					64
22025	4	0x008e	32546	64	8
22026					64
22027	4	0x008e	48674	64	8
22028					64
22029	4	0x008e	64802	4	8
22030					4
22031	4	0x008e	16674	2	8
22032					2
22033	4	0x008e	290	64	8
22034					64
22035	4	0x008e	16418	64	8
22036					64
22037	4	0x008e	32546	64	8
22038					64
22039	4	0x008e	48674	64	8
22040					64
22041	4	0x008e	64802	4	8
22042					4
22043	4	0x008e	16674	2	8
22044					2
22045	4	0x008e	290	64	8
22046					64
22047	4	0x008e	16418	64	8
22048					64
22049	4	0x008e	32546	64	8
22050					64
22051	4	0x008e	48674	64	8
22052					64
22053	4	0x008e	64802	4	8
22054					4
22055	4	0x008e	16674	2	8
22056					2
22057	4	0x008e	290	64	8
22058					64
22059	4	0x008e	16418	64	8
22060					64
22061	4	0x008e	32546	64	8
22062					64
22063	4	0x008e	48674	64	8
22064					64
22065	4	0x008e	64802	4	8
22066					4
22067	4	0x008e	16674	2	8
22068					2
22069	4	0x008e	290	64	8
22070					64
22071	4	0x008e	16418	64	8
22072					64
22073	4	0x008e	32546	64	8
22074					64
22075	4	0x008e	48674	64	8
22076					64
22077	4	0x008e	64802	4	8
22078					4
22079	4	0x008e	16674	2	8
22080					2
22081	4	0x008e	290	64	8
22082					64
22083	4	0x008e	16418	64	8
22084					64
22085	4	0x008e	32546	64	8
22086					64
22087	4	0x008e	48674	64	8
22088					64
22089	4	0x008e	64802	4	8
22090					4
22091	4	0x008e	16674	2	8
22092					2
22093	4	0x008e	290	64	8
22094					64
22095	4	0x008e	16418	64	8
22096					64
22097	4	0x008e	32546	64	8
22098					64
22099	4	0x008e	48674	64	8
22100					64
22101	4	0x008e	64802	4	8
22102					4
22103	4	0x008e	16674	2	8
22104					2
22105	4	0x008e	290	64	8
22106					64
22107	4	0x008e	16418	64	8
22108					64
22109	4	0x008e	32546	64	8
22110					64
22111	4	0x008e	48674	64	8
22112					64
22113	4	0x008e	64802	4	8
22114					4
22115	4	0x008e	16674	2	8
22116					2
22117	4	0x008e	290	64	8
22118					64
22119	4	0x008e	16418	64	8
22120					64
22121	4	0x008e	32546	64	8
22122					64
22123	4	0x008e	48674	64	8
22124					64
22125	4	0x008e	64802	4	8
22126					4
22127	4	0x008e	16674	2	8
22128					2
22129	4	0x008e	290	64	8
22130					64
22131	4	0x008e	16418	64	8
22132					64
22133	4	0x008e	32546	64	8
22134					64
22135	4	0x008e	48674	64	8
22136					64
22137	4	0x008e	64802	4	8
22138					4
22139	4	0x008e	16674	2	8
22140					2
22141	4	0x008e	290	64	8
22142					64
22143	4	0x008e	16418	64	8
22144					64
22145	4	0x008e	32546	64	8
22146					64
22147	4	0x008e	48674	64	8
22148					64
22149	4	0x008e	64802	4	8
22150					4
22151	4	0x008e	16674	2	8
22152					2
22153	4	0x008e	290	64	8
22154					64
22155	4	0x008e	16418	64	8
22156					64
22157	4	0x008e	32546	64	8
22158					64
22159	4	0x008e	48674	64	8
22160					64
22161	4	0x008e	64802	4	8
22162					4
22163	4	0x008e	16674	2	8
22164					2
22165	4	0x008e	290	64	8
22166					64
22167	4	0x008e	16418	64	8
22168					64
22169	4	0x008e	32546	64	8
22170					64
22171	4	0x008e	48674	64	8
22172					64
22173	4	0x008e	64802	4	8
22174					4
22175	4	0x008e	16674	2	8
22176					2
22177	4	0x008e	290	64	8
22178					64
22179	4	0x008e	16418	64	8
22180					64
22181	4	0x008e	32546	64	8
22182					64
22183	4	0x008e	48674	64	8
22184					64
22185	4	0x008e	64802	4	8
22186					4
22187	4	0x008e	16674	2	8
22188					2
22189	4	0x008e	290	64	8
22190					64
22191	4	0x008e	16418	64	8
22192					64
22193	4	0x008e	32546	64	8
22194					64
22195	4	0x008e	48674	64	8
22196					64
22197	4	0x008e	64802	4	8
22198					4
22199	4	0x008e	16674	2	8
22200					2
22201	4	0x008e	290	64	8
22202					64
22203	4	0x008e	16418	64	8
22204					64
22205	4	0x008e	32546	64	8
22206					64
22207	4	0x008e	48674	64	8
22208					64
22209	4	0x008e	64802	4	8
22210					4
22211	4	0x008e	16674	2	8
22212					2
22213	4	0x008e	290	64	8
22214					64
22215	4	0x008e	16418	64	8
22216					64
22217	4	0x008e	32546	64	8
22218					64
22219	4	0x008e	48674	64	8
22220					64
22221	4	0x008e	64802	4	8
22222					4
22223	4	0x008e	16674	2	8
22224					2
22225	4	0x008e	290	64	8
22226					64
22227	4	0x008e	16418	64	8
22228					64
22229	4	0x008e	32546	64	8
22230					64
22231	4	0x008e	48674	64	8
22232					64
22233	4	0x008e	64802	4	8
22234					4
22235	4	0x008e	16674	2	8
22236					2
22237	4	0x008e	290	64	8
22238					64
22239	4	0x008e	16418	64	8
22240					64
22241	4	0x008e	32546	64	8
22242					64
22243	4	0x008e	48674	64	8
22244					64
22245	4	0x008e	64802	4	8
22246					4
22247	4	0x008e	16674	2	8
22248					2
22249	4	0x008e	290	64	8
22250					64
22251	4	0x008e	16418	64	8
22252					64
22253	4	0x008e	32546	64	8
22254					64
22255	4	0x008e	48674	64	8
22256					64
22257	4	0x008e	64802	4	8
22258					4
22259	4	0x008e	16674	2	8
22260					2
22261	4	0x008e	290	64	8
22262					64
22263	4	0x008e	16418	64	8
22264					64
22265	4	0x008e	32546	64	8
22266					64
22267	4	0x008e	48674	64	8
22268					64
22269	4	0x008e	64802	4	8
22270					4
22271	4	0x008e	16674	2	8
22272					2
22273	4	0x008e	290	64	8
22274					64
22275	4	0x008e	16418	64	8
22276					64
22277	4	0x008e	32546	64	8
22278					64
22279	4	0x008e	48674	64	8
22280					64
22281	4	0x008e	64802	4	8
22282					4
22283	4	0x008e	16674	2	8
22284					2
22285	4	0x008e	290	64	8
22286					64
22287	4	0x008e	16418	64	8
22288					64
22289	4	0x008e	32546	64	8
22290					64
22291	4	0x008e	48674	64	8
22292					64
22293	4	0x008e	64802	4	8
22294					4
22295	4	0x008e	16674	2	8
22296					2
22297	4	0x008e	290	64	8
22298					64
22299	4	0x008e	16418	64	8
22300					64
22301	4	0x008e	32546	64	8
22302					64
22303	4	0x008e	48674	64	8
22304					64
22305	4	0x008e	64802	4	8
22306					4
22307	4	0x008e	16674	2	8
22308					2
22309	4	0x008e	290	64	8
22310					64
22311	4	0x008e	16418	64	8
22312					64
22313	4	0x008e	32546	64	8
22314					64
22315	4	0x008e	48674	64	8
22316					64
22317	4	0x008e	64802	4	8
22318					4
22319	4	0x008e	16674	2	8
22320					2
22321	4	0x008e	290	64	8
22322					64
22323	4	0x008e	16418	64	8
22324					64
22325	4	0x008e	32546	64	8
22326					64
22327	4	0x008e	48674	64	8
22328					64
22329	4	0x008e	64802	4	8
22330					4
22331	4	0x008e	16674	2	8
22332					2
22333	4	0x008e	290	64	8
22334					64
22335	4	0x008e	16418	64	8
22336					64
22337	4	0x008e	32546	64	8
22338					64
22339	4	0x008e	48674	64	8
22340					64
22341	4	0x008e	64802	4	8
22342					4
22343	4	0x008e	16674	2	8
22344					2
22345	4	0x008e	290	64	8
22346					64
22347	4	0x008e	16418	64	8
22348					64
22349	4	0x008e	32546	64	8
22350					64
22351	4	0x008e	48674	64	8
22352					64
22353	4	0x008e	64802	4	8
22354					4
22355	4	0x008e	16674	2	8
22356					2
22357	4	0x008e	290	64	8
22358					64
22359	4	0x008e	16418	64	8
22360					64
22361	4	0x008e	32546	64	8
22362					64
22363	4	0x008e	48674	64	8
22364					64
22365	4	0x008e	64802	4	8
22366					4
22367	4	0x008e	16674	2	8
22368					2
22369	4	0x008e	290	64	8
22370					64
22371	4	0x008e	16418	64	8
22372					64
22373	4	0x008e	32546	64	8
22374					64
22375	4	0x008e	48674	64	8
22376					64
22377	4	0x008e	64802	4	8
22378					4
22379	4	0x008e	16674	2	8
22380					2
22381	4	0x008e	290	64	8
22382					64
22383	4	0x008e	16418	64	8
22384					64
22385	4	0x008e	32546	64	8
22386					64
22387	4	0x008e	48674	64	8
22388					64
22389	4	0x008e	64802	4	8
22390					4
22391	4	0x008e	16674	2	8
22392					2
22393	4	0x008e	290	64	8
22394					64
22395	4	0x008e	16418	64	8
22396					64
22397	4	0x008e	32546	64	8
22398					64
22399	4	0x008e	48674	64	8
22400					64
22401	4	0x008e	64802	4	8
22402					4
22403	4	0x008e	16674	2	8
22404					2
22405	4	0x008e	290	64	8
22406					64
22407	4	0x008e	16418	64	8
22408					64
22409	4	0x008e	32546	64	8
22410					64
22411	4	0x008e	48674	64	8
22412					64
22413	4	0x008e	64802	4	8
22414					4
22415	4	0x008e	16674	2	8
22416					2
22417	4	0x008e	290	64	8
22418					64
22419	4	0x008e	16418	64	8
22420					64
22421	4	0x008e	32546	64	8
22422					64
22423	4	0x008e	48674	64	8
22424					64
22425	4	0x008e	64802	4	8
22426					4
22427	4	0x008e	16674	2	8
22428					2
22429	4	0x008e	290	64	8
22430					64
22431	4	0x008e	16418	64	8
22432					64
22433	4	0x008e	32546	64	8
22434					64
22435	4	0x008e	48674	64	8
22436					64
22437	4	0x008e	64802	4	8
22438					4
22439	4	0x008e	16674	2	8
22440					2
22441	4	0x008e	290	64	8
22442					64
22443	4	0x008e	16418	64	8
22444					64
22445	4	0x008e	32546	64	8
22446					64
22447	4	0x008e	48674	64	8
22448					64
22449	4	0x008e	64802	4	8
22450					4
22451	4	0x008e	16674	2	8
22452					2
22453	4	0x008e	290	64	8
22454					64
22455	4	0x008e	16418	64	8
22456					64
22457	4	0x008e	32546	64	8
22458					64
22459	4	0x008e	48674	64	8
22460					64
22461	4	0x008e	64802	4	8
22462					4
22463	4	0x008e	16674	2	8
22464					2
22465	4	0x008e	290	64	8
22466					64
22467	4	0x008e	16418	64	8
22468					64
22469	4	0x008e	32546	64	8
22470					64
22471	4	0x008e	48674	64	8
22472					64
22473	4	0x008e	64802	4	8
22474					4
22475	4	0x008e	16674	2	8
22476					2
22477	4	0x008e	290	64	8
22478					64
22479	4	0x008e	16418	64	8
22480					64
22481	4	0x008e	32546	64	8
22482					64
22483	4	0x008e	48674	64	8
22484					64
22485	4	0x008e	64802	4	8
22486					4
22487	4	0x008e	16674	2	8
22488					2
22489	4	0x008e	290	64	8
22490					64
22491	4	0x008e	16418	64	8
22492					64
22493	4	0x008e	32546	64	8
22494					64
22495	4	0x008e	48674	64	8
22496					64
22497	4	0x008e	64802	4	8
22498					4
22499	4	0x008e	16674	2	8
22500					2
22501	4	0x008e	290	64	8
22502					64
22503	4	0x008e	16418	64	8
22504					64
22505	4	0x008e	32546	64	8
22506					64
22507	4	0x008e	48674	64	8
22508					64
22509	4	0x008e	64802	4	8
22510					4
22511	4	0x008e	16674	2	8
22512					2
22513	4	0x008e	290	64	8
22514					64
22515	4	0x008e	16418	64	8
22516					64
22517	4	0x008e	32546	64	8
22518					64
22519	4	0x008e	48674	64	8
22520					64
22521	4	0x008e	64802	4	8
22522					4
22523	4	0x008e	16674	2	8
22524					2
22525	4	0x008e	290	64	8
22526					64
22527	4	0x008e	16418	64	8
22528					64
22529	4	0x008e	32546	64	8
22530					64
22531	4	0x008e	48674	64	8
22532					64
22533	4	0x008e	64802	4	8
22534					4
22535	4	0x008e	16674	2	8
22536					2
22537	4	0x008e	290	64	8
22538					64
22539	4	0x008e	16418	64	8
22540					64
22541	4	0x008e	32546	64	8
22542					64
22543	4	0x008e	48674	64	8
22544					64
22545	4	0x008e	64802	4	8
22546					4
22547	4	0x008e	16674	2	8
22548					2
22549	4	0x008e	290	64	8
22550					64
22551	4	0x008e	16418	64	8
22552					64
22553	4	0x008e	32546	64	8
22554					64
22555	4	0x008e	48674	64	8
22556					64
22557	4	0x008e	64802	4	8
22558					4
22559	4	0x008e	16674	2	8
22560					2
22561	4	0x008e	290	64	8
22562					64
22563	4	0x008e	16418	64	8
22564					64
22565	4	0x008e	32546	64	8
22566					64
22567	4	0x008e	48674	64	8
22568					64
22569	4	0x008e	64802	4	8
22570					4
22571	4	0x008e	16674	2	8
22572					2
22573	4	0x008e	290	64	8
22574					64
22575	4	0x008e	16418	64	8
22576					64
22577	4	0x008e	32546	64	8
22578					64
22579	4	0x008e	48674	64	8
22580					64
22581	4	0x008e	64802	4	8
22582					4
22583	4	0x008e	16674	2	8
22584					2
22585	4	0x008e	290	64	8
22586					64
22587	4	0x008e	16418	64	8
22588					64
22589	4	0x008e	32546	64	8
22590					64
22591	4	0x008e	48674	64	8
22592					64
22593	4	0x008e	64802	4	8
22594					4
22595	4	0x008e	16674	2	8
22596					2
22597	4	0x008e	290	64	8
22598					64
22599	4	0x008e	16418	64	8
22600					64
22601	4	0x008e	32546	64	8
22602					64
22603	4	0x008e	48674	64	8
22604					64
22605	4	0x008e	64802	4	8
22606					4
22607	4	0x008e	16674	2	8
22608					2
22609	4	0x008e	290	64	8
22610					64
22611	4	0x008e	16418	64	8
22612					64
22613	4	0x008e	32546	64	8
22614					64
22615	4	0x008e	48674	64	8
22616					64
22617	4	0x008e	64802	4	8
22618					4
22619	4	0x008e	16674	2	8
22620					2
22621	4	0x008e	290	64	8
22622					64
22623	4	0x008e	16418	64	8
22624					64
22625	4	0x008e	32546	64	8
22626					64
22627	4	0x008e	48674	64	8
22628					64
22629	4	0x008e	64802	4	8
22630					4
22631	4	0x008e	16674	2	8
22632					2
22633	4	0x008e	290	64	8
22634					64
22635	4	0x008e	16418	64	8
22636					64
22637	4	0x008e	32546	64	8
22638					64
22639	4	0x008e	48674	64	8
22640					64
22641	4	0x008e	64802	4	8
22642					4
22643	4	0x008e	16674	2	8
22644					2
22645	4	0x008e	290	64	8
22646					64
22647	4	0x008e	16418	64	8
22648					64
22649	4	0x008e	32546	64	8
22650					64
22651	4	0x008e	48674	64	8
22652					64
22653	4	0x008e	64802	4	8
22654					4
22655	4	0x008e	16674	2	8
22656					2
22657	4	0x008e	290	64	8
22658					64
22659	4	0x008e	16418	64	8
22660					64
22661	4	0x008e	32546	64	8
22662					64
22663	4	0x008e	48674	64	8
22664					64
22665	4	0x008e	64802	4	8
22666					4
22667	4	0x008e	16674	2	8
22668					2
22669	4	0x008e	290	64	8
22670					64
22671	4	0x008e	16418	64	8
22672					64
22673	4	0x008e	32546	64	8
22674					64
22675	4	0x008e	48674	64	8
22676					64
22677	4	0x008e	64802	4	8
22678					4
22679	4	0x008e	16674	2	8
22680					2
22681	4	0x008e	290	64	8
22682					64
22683	4	0x008e	16418	64	8
22684					64
22685	4	0x008e	32546	64	8
22686					64
22687	4	0x008e	48674	64	8
22688					64
22689	4	0x008e	64802	4	8
22690					4
22691	4	0x008e	16674	2	8
22692					2
22693	4	0x008e	290	64	8
22694					64
22695	4	0x008e	16418	64	8
22696					64
22697	4	0x008e	32546	64	8
22698					64
22699	4	0x008e	48674	64	8
22700					64
22701	4	0x008e	64802	4	8
22702					4
22703	4	0x008e	16674	2	8
22704					2
22705	4	0x008e	290	64	8
22706					64
22707	4	0x008e	16418	64	8
22708					64
22709	4	0x008e	32546	64	8
22710					64
22711	4	0x008e	48674	64	8
22712					64
22713	4	0x008e	64802	4	8
22714					4
22715	4	0x008e	16674	2	8
22716					2
22717	4	0x008e	290	64	8
22718					64
22719	4	0x008e	16418	64	8
22720					64
22721	4	0x008e	32546	64	8
22722					64
22723	4	0x008e	48674	64	8
22724					64
22725	4	0x008e	64802	4	8
22726					4
22727	4	0x008e	16674	2	8
22728					2
22729	4	0x008e	290	64	8
22730					64
22731	4	0x008e	16418	64	8
22732					64
22733	4	0x008e	32546	64	8
22734					64
22735	4	0x008e	48674	64	8
22736					64
22737	4	0x008e	64802	4	8
22738					4
22739	4	0x008e	16674	2	8
22740					2
22741	4	0x008e	290	64	8
22742					64
22743	4	0x008e	16418	64	8
22744					64
22745	4	0x008e	32546	64	8
22746					64
22747	4	0x008e	48674	64	8
22748					64
22749	4	0x008e	64802	4	8
22750					4
22751	4	0x008e	16674	2	8
22752					2
22753	4	0x008e	290	64	8
22754					64
22755	4	0x008e	16418	64	8
22756					64
22757	4	0x008e	32546	64	8
22758					64
22759	4	0x008e	48674	64	8
22760					64
22761	4	0x008e	64802	4	8
22762					4
22763	4	0x008e	16674	2	8
22764					2
22765	4	0x008e	290	64	8
22766					64
22767	4	0x008e	16418	64	8
22768					64
22769	4	0x008e	32546	64	8
22770					64
22771	4	0x008e	48674	64	8
22772					64
22773	4	0x008e	64802	4	8
22774					4
22775	4	0x008e	16674	2	8
22776					2
22777	4	0x008e	290	64	8
22778					64
22779	4	0x008e	16418	64	8
22780					64
22781	4	0x008e	32546	64	8
22782					64
22783	4	0x008e	48674	64	8
22784					64
22785	4	0x008e	64802	4	8
22786					4
22787	4	0x008e	16674	2	8
22788					2
22789	4	0x008e	290	64	8
22790					64
22791	4	0x008e	16418	64	8
22792					64
22793	4	0x008e	32546	64	8
22794					64
22795	4	0x008e	48674	64	8
22796					64
22797	4	0x008e	64802	4	8
22798					4
22799	4	0x008e	16674	2	8
22800					2
22801	4	0x008e	290	64	8
22802					64
22803	4	0x008e	16418	64	8
22804					64
22805	4	0x008e	32546	64	8
22806					64
22807	4	0x008e	48674	64	8
22808					64
22809	4	0x008e	64802	4	8
22810					4
22811	4	0x008e	16674	2	8
22812					2
22813	4	0x008e	290	64	8
22814					64
22815	4	0x008e	16418	64	8
22816					64
22817	4	0x008e	32546	64	8
22818					64
22819	4	0x008e	48674	64	8
22820					64
22821	4	0x008e	64802	4	8
22822					4
22823	4	0x008e	16674	2	8
22824					2
22825	4	0x008e	290	64	8
22826					64
22827	4	0x008e	16418	64	8
22828					64
22829	4	0x008e	32546	64	8
22830					64
22831	4	0x008e	48674	64	8
22832					64
22833	4	0x008e	64802	4	8
22834					4
22835	4	0x008e	16674	2	8
22836					2
22837	4	0x008e	290	64	8
22838					64
22839	4	0x008e	16418	64	8
22840					64
22841	4	0x008e	32546	64	8
22842					64
22843	4	0x008e	48674	64	8
22844					64
22845	4	0x008e	64802	4	8
22846					4
22847	4	0x008e	16674	2	8
22848					2
22849	4	0x008e	290	64	8
22850					64
22851	4	0x008e	16418	64	8
22852					64
22853	4	0x008e	32546	64	8
22854					64
22855	4	0x008e	48674	64	8
22856					64
22857	4	0x008e	64802	4	8
22858					4
22859	4	0x008e	16674	2	8
22860					2
22861	4	0x008e	290	64	8
22862					64
22863	4	0x008e	16418	64	8
22864					64
22865	4	0x008e	32546	64	8
22866					64
22867	4	0x008e	48674	64	8
22868					64
22869	4	0x008e	64802	4	8
22870					4
22871	4	0x008e	16674	2	8
22872					2
22873	4	0x008e	290	64	8
22874					64
22875	4	0x008e	16418	64	8
22876					64
22877	4	0x008e	32546	64	8
22878					64
22879	4	0x008e	48674	64	8
22880					64
22881	4	0x008e	64802	4	8
22882					4
22883	4	0x008e	16674	2	8
22884					2
22885	4	0x008e	290	64	8
22886					64
22887	4	0x008e	16418	64	8
22888					64
22889	4	0x008e	32546	64	8
22890					64
22891	4	0x008e	48674	64	8
22892					64
22893	4	0x008e	64802	4	8
22894					4
22895	4	0x008e	16674	2	8
22896					2
22897	4	0x008e	290	64	8
22898					64
22899	4	0x008e	16418	64	8
22900					64
22901	4	0x008e	32546	64	8
22902					64
22903	4	0x008e	48674	64	8
22904					64
22905	4	0x008e	64802	4	8
22906					4
22907	4	0x008e	16674	2	8
22908					2
22909	4	0x008e	290	64	8
22910					64
22911	4	0x008e	16418	64	8
22912					64
22913	4	0x008e	32546	64	8
22914					64
22915	4	0x008e	48674	64	8
22916					64
22917	4	0x008e	64802	4	8
22918					4
22919	4	0x008e	16674	2	8
22920					2
22921	4	0x008e	290	64	8
22922					64
22923	4	0x008e	16418	64	8
22924					64
22925	4	0x008e	32546	64	8
22926					64
22927	4	0x008e	48674	64	8
22928					64
22929	4	0x008e	64802	4	8
22930					4
22931	4	0x008e	16674	2	8
22932					2
22933	4	0x008e	290	64	8
22934					64
22935	4	0x008e	16418	64	8
22936					64
22937	4	0x008e	32546	64	8
22938					64
22939	4	0x008e	48674	64	8
22940					64
22941	4	0x008e	64802	4	8
22942					4
22943	4	0x008e	16674	2	8
22944					2
22945	4	0x008e	290	64	8
22946					64
22947	4	0x008e	16418	64	8
22948					64
22949	4	0x008e	32546	64	8
22950					64
22951	4	0x008e	48674	64	8
22952					64
22953	4	0x008e	64802	4	8
22954					4
22955	4	0x008e	16674	2	8
22956					2
22957	4	0x008e	290	64	8
22958					64
22959	4	0x008e	16418	64	8
22960					64
22961	4	0x008e	32546	64	8
22962					64
22963	4	0x008e	48674	64	8
22964					64
22965	4	0x008e	64802	4	8
22966					4
22967	4	0x008e	16674	2	8
22968					2
22969	4	0x008e	290	64	8
22970					64
22971	4	0x008e	16418	64	8
22972					64
22973	4	0x008e	32546	64	8
22974					64
22975	4	0x008e	48674	64	8
22976					64
22977	4	0x008e	64802	4	8
22978					4
22979	4	0x008e	16674	2	8
22980					2
22981	4	0x008e	290	64	8
22982					64
22983	4	0x008e	16418	64	8
22984					64
22985	4	0x008e	32546	64	8
22986					64
22987	4	0x008e	48674	64	8
22988					64
22989	4	0x008e	64802	4	8
22990					4
22991	4	0x008e	16674	2	8
22992					2
22993	4	0x008e	290	64	8
22994					64
22995	4	0x008e	16418	64	8
22996					64
22997	4	0x008e	32546	64	8
22998					64
22999	4	0x008e	48674	64	8
23000					64
23001	4	0x008e	64802	4	8
23002					4
23003	4	0x008e	16674	2	8
23004					2
23005	4	0x008e	290	64	8
23006					64
23007	4	0x008e	16418	64	8
23008					64
23009	4	0x008e	32546	64	8
23010					64
23011	4	0x008e	48674	64	8
23012					64
23013	4	0x008e	64802	4	8
23014					4
23015	4	0x008e	16674	2	8
23016					2
23017	4	0x008e	290	64	8
23018					64
23019	4	0x008e	16418	64	8
23020					64
23021	4	0x008e	32546	64	8
23022					64
23023	4	0x008e	48674	64	8
23024					64
23025	4	0x008e	64802	4	8
23026					4
23027	4	0x008e	16674	2	8
23028					2
23029	4	0x008e	290	64	8
23030					64
23031	4	0x008e	16418	64	8
23032					64
23033	4	0x008e	32546	64	8
23034					64
23035	4	0x008e	48674	64	8
23036					64
23037	4	0x008e	64802	4	8
23038					4
23039	4	0x008e	16674	2	8
23040					2
23041	4	0x008e	290	64	8
23042					64
23043	4	0x008e	16418	64	8
23044					64
23045	4	0x008e	32546	64	8
23046					64
23047	4	0x008e	48674	64	8
23048					64
23049	4	0x008e	64802	4	8
23050					4
23051	4	0x008e	16674	2	8
23052					2
23053	4	0x008e	290	64	8
23054					64
23055	4	0x008e	16418	64	8
23056					64
23057	4	0x008e	32546	64	8
23058					64
23059	4	0x008e	48674	64	8
23060					64
23061	4	0x008e	64802	4	8
23062					4
23063	4	0x008e	16674	2	8
23064					2
23065	4	0x008e	290	64	8
23066					64
23067	4	0x008e	16418	64	8
23068					64
23069	4	0x008e	32546	64	8
23070					64
23071	4	0x008e	48674	64	8
23072					64
23073	4	0x008e	64802	4	8
23074					4
23075	4	0x008e	16674	2	8
23076					2
23077	4	0x008e	290	64	8
23078					64
23079	4	0x008e	16418	64	8
23080					64
23081	4	0x008e	32546	64	8
23082					64
23083	4	0x008e	48674	64	8
23084					64
23085	4	0x008e	64802	4	8
23086					4
23087	4	0x008e	16674	2	8
23088					2
23089	4	0x008e	290	64	8
23090					64
23091	4	0x008e	16418	64	8
23092					64
23093	4	0x008e	32546	64	8
23094					64
23095	4	0x008e	48674	64	8
23096					64
23097	4	0x008e	64802	4	8
23098					4
23099	4	0x008e	16674	2	8
23100					2
23101	4	0x008e	290	64	8
23102					64
23103	4	0x008e	16418	64	8
23104					64
23105	4	0x008e	32546	64	8
23106					64
23107	4	0x008e	48674	64	8
23108					64
23109	4	0x008e	64802	4	8
23110					4
23111	4	0x008e	16674	2	8
23112					2
23113	4	0x008e	290	64	8
23114					64
23115	4	0x008e	16418	64	8
23116					64
23117	4	0x008e	32546	64	8
23118					64
23119	4	0x008e	48674	64	8
23120					64
23121	4	0x008e	64802	4	8
23122					4
23123	4	0x008e	16674	2	8
23124					2
23125	4	0x008e	290	64	8
23126					64
23127	4	0x008e	16418	64	8
23128					64
23129	4	0x008e	32546	64	8
23130					64
23131	4	0x008e	48674	64	8
23132					64
23133	4	0x008e	64802	4	8
23134					4
23135	4	0x008e	16674	2	8
23136					2
23137	4	0x008e	290	64	8
23138					64
23139	4	0x008e	16418	64	8
23140					64
23141	4	0x008e	32546	64	8
23142					64
23143	4	0x008e	48674	64	8
23144					64
23145	4	0x008e	64802	4	8
23146					4
23147	4	0x008e	16674	2	8
23148					2
23149	4	0x008e	290	64	8
23150					64
23151	4	0x008e	16418	64	8
23152					64
23153	4	0x008e	32546	64	8
23154					64
23155	4	0x008e	48674	64	8
23156					64
23157	4	0x008e	64802	4	8
23158					4
23159	4	0x008e	16674	2	8
23160					2
23161	4	0x008e	290	64	8
23162					64
23163	4	0x008e	16418	64	8
23164					64
23165	4	0x008e	32546	64	8
23166					64
23167	4	0x008e	48674	64	8
23168					64
23169	4	0x008e	64802	4	8
23170					4
23171	4	0x008e	16674	2	8
23172					2
23173	4	0x008e	290	64	8
23174					64
23175	4	0x008e	16418	64	8
23176					64
23177	4	0x008e	32546	64	8
23178					64
23179	4	0x008e	48674	64	8
23180					64
23181	4	0x008e	64802	4	8
23182					4
23183	4	0x008e	16674	2	8
23184					2
23185	4	0x008e	290	64	8
23186					64
23187	4	0x008e	16418	64	8
23188					64
23189	4	0x008e	32546	64	8
23190					64
23191	4	0x008e	48674	64	8
23192					64
23193	4	0x008e	64802	4	8
23194					4
23195	4	0x008e	16674	2	8
23196					2
23197	4	0x008e	290	64	8
23198					64
23199	4	0x008e	16418	64	8
23200					64
23201	4	0x008e	32546	64	8
23202					64
23203	4	0x008e	48674	64	8
23204					64
23205	4	0x008e	64802	4	8
23206					4
23207	4	0x008e	16674	2	8
23208					2
23209	4	0x008e	290	64	8
23210					64
23211	4	0x008e	16418	64	8
23212					64
23213	4	0x008e	32546	64	8
23214					64
23215	4	0x008e	48674	64	8
23216					64
23217	4	0x008e	64802	4	8
23218					4
23219	4	0x008e	16674	2	8
23220					2
23221	4	0x008e	290	64	8
23222					64
23223	4	0x008e	16418	64	8
23224					64
23225	4	0x008e	32546	64	8
23226					64
23227	4	0x008e	48674	64	8
23228					64
23229	4	0x008e	64802	4	8
23230					4
23231	4	0x008e	16674	2	8
23232					2
23233	4	0x008e	290	64	8
23234					64
23235	4	0x008e	16418	64	8
23236					64
23237	4	0x008e	32546	64	8
23238					64
23239	4	0x008e	48674	64	8
23240					64
23241	4	0x008e	64802	4	8
23242					4
23243	4	0x008e	16674	2	8
23244					2
23245	4	0x008e	290	64	8
23246					64
23247	4	0x008e	16418	64	8
23248					64
23249	4	0x008e	32546	64	8
23250					64
23251	4	0x008e	48674	64	8
23252					64
23253	4	0x008e	64802	4	8
23254					4
23255	4	0x008e	16674	2	8
23256					2
23257	4	0x008e	290	64	8
23258					64
23259	4	0x008e	16418	64	8
23260					64
23261	4	0x008e	32546	64	8
23262					64
23263	4	0x008e	48674	64	8
23264					64
23265	4	0x008e	64802	4	8
23266					4
23267	4	0x008e	16674	2	8
23268					2
23269	4	0x008e	290	64	8
23270					64
23271	4	0x008e	16418	64	8
23272					64
23273	4	0x008e	32546	64	8
23274					64
23275	4	0x008e	48674	64	8
23276					64
23277	4	0x008e	64802	4	8
23278					4
23279	4	0x008e	16674	2	8
23280					2
23281	4	0x008e	290	64	8
23282					64
23283	4	0x008e	16418	64	8
23284					64
23285	4	0x008e	32546	64	8
23286					64
23287	4	0x008e	48674	64	8
23288					64
23289	4	0x008e	64802	4	8
23290					4
23291	4	0x008e	16674	2	8
23292					2
23293	4	0x008e	290	64	8
23294					64
23295	4	0x008e	16418	64	8
23296					64
23297	4	0x008e	32546	64	8
23298					64
23299	4	0x008e	48674	64	8
23300					64
23301	4	0x008e	64802	4	8
23302					4
23303	4	0x008e	16674	2	8
23304					2
23305	4	0x008e	290	64	8
23306					64
23307	4	0x008e	16418	64	8
23308					64
23309	4	0x008e	32546	64	8
23310					64
23311	4	0x008e	48674	64	8
23312					64
23313	4	0x008e	64802	4	8
23314					4
23315	4	0x008e	16674	2	8
23316					2
23317	4	0x008e	290	64	8
23318					64
23319	4	0x008e	16418	64	8
23320					64
23321	4	0x008e	32546	64	8
23322					64
23323	4	0x008e	48674	64	8
23324					64
23325	4	0x008e	64802	4	8
23326					4
23327	4	0x008e	16674	2	8
23328					2
23329	4	0x008e	290	64	8
23330					64
23331	4	0x008e	16418	64	8
23332					64
23333	4	0x008e	32546	64	8
23334					64
23335	4	0x008e	48674	64	8
23336					64
23337	4	0x008e	64802	4	8
23338					4
23339	4	0x008e	16674	2	8
23340					2
23341	4	0x008e	290	64	8
23342					64
23343	4	0x008e	16418	64	8
23344					64
23345	4	0x008e	32546	64	8
23346					64
23347	4	0x008e	48674	64	8
23348					64
23349	4	0x008e	64802	4	8
23350					4
23351	4	0x008e	16674	2	8
23352					2
23353	4	0x008e	290	64	8
23354					64
23355	4	0x008e	16418	64	8
23356					64
23357	4	0x008e	32546	64	8
23358					64
23359	4	0x008e	48674	64	8
23360					64
23361	4	0x008e	64802	4	8
23362					4
23363	4	0x008e	16674	2	8
23364					2
23365	4	0x008e	290	64	8
23366					64
23367	4	0x008e	16418	64	8
23368					64
23369	4	0x008e	32546	64	8
23370					64
23371	4	0x008e	48674	64	8
23372					64
23373	4	0x008e	64802	4	8
23374					4
23375	4	0x008e	16674	2	8
23376					2
23377	4	0x008e	290	64	8
23378					64
23379	4	0x008e	16418	64	8
23380					64
23381	4	0x008e	32546	64	8
23382					64
23383	4	0x008e	48674	64	8
23384					64
23385	4	0x008e	64802	4	8
23386					4
23387	4	0x008e	16674	2	8
23388					2
23389	4	0x008e	290	64	8
23390					64
23391	4	0x008e	16418	64	8
23392					64
23393	4	0x008e	32546	64	8
23394					64
23395	4	0x008e	48674	64	8
23396					64
23397	4	0x008e	64802	4	8
23398					4
23399	4	0x008e	16674	2	8
23400					2
23401	4	0x008e	290	64	8
23402					64
23403	4	0x008e	16418	64	8
23404					64
23405	4	0x008e	32546	64	8
23406					64
23407	4	0x008e	48674	64	8
23408					64
23409	4	0x008e	64802	4	8
23410					4
23411	4	0x008e	16674	2	8
23412					2
23413	4	0x008e	290	64	8
23414					64
23415	4	0x008e	16418	64	8
23416					64
23417	4	0x008e	32546	64	8
23418					64
23419	4	0x008e	48674	64	8
23420					64
23421	4	0x008e	64802	4	8
23422					4
23423	4	0x008e	16674	2	8
23424					2
23425	4	0x008e	290	64	8
23426					64
23427	4	0x008e	16418	64	8
23428					64
23429	4	0x008e	32546	64	8
23430					64
23431	4	0x008e	48674	64	8
23432					64
23433	4	0x008e	64802	4	8
23434					4
23435	4	0x008e	16674	2	8
23436					2
23437	4	0x008e	290	64	8
23438					64
23439	4	0x008e	16418	64	8
23440					64
23441	4	0x008e	32546	64	8
23442					64
23443	4	0x008e	48674	64	8
23444					64
23445	4	0x008e	64802	4	8
23446					4
23447	4	0x008e	16674	2	8
23448					2
23449	4	0x008e	290	64	8
23450					64
23451	4	0x008e	16418	64	8
23452					64
23453	4	0x008e	32546	64	8
23454					64
23455	4	0x008e	48674	64	8
23456					64
23457	4	0x008e	64802	4	8
23458					4
23459	4	0x008e	16674	2	8
23460					2
23461	4	0x008e	290	64	8
23462					64
23463	4	0x008e	16418	64	8
23464					64
23465	4	0x008e	32546	64	8
23466					64
23467	4	0x008e	48674	64	8
23468					64
23469	4	0x008e	64802	4	8
23470					4
23471	4	0x008e	16674	2	8
23472					2
23473	4	0x008e	290	64	8
23474					64
23475	4	0x008e	16418	64	8
23476					64
23477	4	0x008e	32546	64	8
23478					64
23479	4	0x008e	48674	64	8
23480					64
23481	4	0x008e	64802	4	8
23482					4
23483	4	0x008e	16674	2	8
23484					2
23485	4	0x008e	290	64	8
23486					64
23487	4	0x008e	16418	64	8
23488					64
23489	4	0x008e	32546	64	8
23490					64
23491	4	0x008e	48674	64	8
23492					64
23493	4	0x008e	64802	4	8
23494					4
23495	4	0x008e	16674	2	8
23496					2
23497	4	0x008e	290	64	8
23498					64
23499	4	0x008e	16418	64	8
23500					64
23501	4	0x008e	32546	64	8
23502					64
23503	4	0x008e	48674	64	8
23504					64
23505	4	0x008e	64802	4	8
23506					4
23507	4	0x008e	16674	2	8
23508					2
23509	4	0x008e	290	64	8
23510					64
23511	4	0x008e	16418	64	8
23512					64
23513	4	0x008e	32546	64	8
23514					64
23515	4	0x008e	48674	64	8
23516					64
23517	4	0x008e	64802	4	8
23518					4
23519	4	0x008e	16674	2	8
23520					2
23521	4	0x008e	290	64	8
23522					64
23523	4	0x008e	16418	64	8
23524					64
23525	4	0x008e	32546	64	8
23526					64
23527	4	0x008e	48674	64	8
23528					64
23529	4	0x008e	64802	4	8
23530					4
23531	4	0x008e	16674	2	8
23532					2
23533	4	0x008e	290	64	8
23534					64
23535	4	0x008e	16418	64	8
23536					64
23537	4	0x008e	32546	64	8
23538					64
23539	4	0x008e	48674	64	8
23540					64
23541	4	0x008e	64802	4	8
23542					4
23543	4	0x008e	16674	2	8
23544					2
23545	4	0x008e	290	64	8
23546					64
23547	4	0x008e	16418	64	8
23548					64
23549	4	0x008e	32546	64	8
23550					64
23551	4	0x008e	48674	64	8
23552					64
23553	4	0x008e	64802	4	8
23554					4
23555	4	0x008e	16674	2	8
23556					2
23557	4	0x008e	290	64	8
23558					64
23559	4	0x008e	16418	64	8
23560					64
23561	4	0x008e	32546	64	8
23562					64
23563	4	0x008e	48674	64	8
23564					64
23565	4	0x008e	64802	4	8
23566					4
23567	4	0x008e	16674	2	8
23568					2
23569	4	0x008e	290	64	8
23570					64
23571	4	0x008e	16418	64	8
23572					64
23573	4	0x008e	32546	64	8
23574					64
23575	4	0x008e	48674	64	8
23576					64
23577	4	0x008e	64802	4	8
23578					4
23579	4	0x008e	16674	2	8
23580					2
23581	4	0x008e	290	64	8
23582					64
23583	4	0x008e	16418	64	8
23584					64
23585	4	0x008e	32546	64	8
23586					64
23587	4	0x008e	48674	64	8
23588					64
23589	4	0x008e	64802	4	8
23590					4
23591	4	0x008e	16674	2	8
23592					2
23593	4	0x008e	290	64	8
23594					64
23595	4	0x008e	16418	64	8
23596					64
23597	4	0x008e	32546	64	8
23598					64
23599	4	0x008e	48674	64	8
23600					64
23601	4	0x008e	64802	4	8
23602					4
23603	4	0x008e	16674	2	8
23604					2
23605	4	0x008e	290	64	8
23606					64
23607	4	0x008e	16418	64	8
23608					64
23609	4	0x008e	32546	64	8
23610					64
23611	4	0x008e	48674	64	8
23612					64
23613	4	0x008e	64802	4	8
23614					4
23615	4	0x008e	16674	2	8
23616					2
23617	4	0x008e	290	64	8
23618					64
23619	4	0x008e	16418	64	8
23620					64
23621	4	0x008e	32546	64	8
23622					64
23623	4	0x008e	48674	64	8
23624					64
23625	4	0x008e	64802	4	8
23626					4
23627	4	0x008e	16674	2	8
23628					2
23629	4	0x008e	290	64	8
23630					64
23631	4	0x008e	16418	64	8
23632					64
23633	4	0x008e	32546	64	8
23634					64
23635	4	0x008e	48674	64	8
23636					64
23637	4	0x008e	64802	4	8
23638					4
23639	4	0x008e	16674	2	8
23640					2
23641	4	0x008e	290	64	8
23642					64
23643	4	0x008e	16418	64	8
23644					64
23645	4	0x008e	32546	64	8
23646					64
23647	4	0x008e	48674	64	8
23648					64
23649	4	0x008e	64802	4	8
23650					4
23651	4	0x008e	16674	2	8
23652					2
23653	4	0x008e	290	64	8
23654					64
23655	4	0x008e	16418	64	8
23656					64
23657	4	0x008e	32546	64	8
23658					64
23659	4	0x008e	48674	64	8
23660					64
23661	4	0x008e	64802	4	8
23662					4
23663	4	0x008e	16674	2	8
23664					2
23665	4	0x008e	290	64	8
23666					64
23667	4	0x008e	16418	64	8
23668					64
23669	4	0x008e	32546	64	8
23670					64
23671	4	0x008e	48674	64	8
23672					64
23673	4	0x008e	64802	4	8
23674					4
23675	4	0x008e	16674	2	8
23676					2
23677	4	0x008e	290	64	8
23678					64
23679	4	0x008e	16418	64	8
23680					64
23681	4	0x008e	32546	64	8
23682					64
23683	4	0x008e	48674	64	8
23684					64
23685	4	0x008e	64802	4	8
23686					4
23687	4	0x008e	16674	2	8
23688					2
23689	4	0x008e	290	64	8
23690					64
23691	4	0x008e	16418	64	8
23692					64
23693	4	0x008e	32546	64	8
23694					64
23695	4	0x008e	48674	64	8
23696					64
23697	4	0x008e	64802	4	8
23698					4
23699	4	0x008e	16674	2	8
23700					2
23701	4	0x008e	290	64	8
23702					64
23703	4	0x008e	16418	64	8
23704					64
23705	4	0x008e	32546	64	8
23706					64
23707	4	0x008e	48674	64	8
23708					64
23709	4	0x008e	64802	4	8
23710					4
23711	4	0x008e	16674	2	8
23712					2
23713	4	0x008e	290	64	8
23714					64
23715	4	0x008e	16418	64	8
23716					64
23717	4	0x008e	32546	64	8
23718					64
23719	4	0x008e	48674	64	8
23720					64
23721	4	0x008e	64802	4	8
23722					4
23723	4	0x008e	16674	2	8
23724					2
23725	4	0x008e	290	64	8
23726					64
23727	4	0x008e	16418	64	8
23728					64
23729	4	0x008e	32546	64	8
23730					64
23731	4	0x008e	48674	64	8
23732					64
23733	4	0x008e	64802	4	8
23734					4
23735	4	0x008e	16674	2	8
23736					2
23737	4	0x008e	290	64	8
23738					64
23739	4	0x008e	16418	64	8
23740					64
23741	4	0x008e	32546	64	8
23742					64
23743	4	0x008e	48674	64	8
23744					64
23745	4	0x008e	64802	4	8
23746					4
23747	4	0x008e	16674	2	8
23748					2
23749	4	0x008e	290	64	8
23750					64
23751	4	0x008e	16418	64	8
23752					64
23753	4	0x008e	32546	64	8
23754					64
23755	4	0x008e	48674	64	8
23756					64
23757	4	0x008e	64802	4	8
23758					4
23759	4	0x008e	16674	2	8
23760					2
23761	4	0x008e	290	64	8
23762					64
23763	4	0x008e	16418	64	8
23764					64
23765	4	0x008e	32546	64	8
23766					64
23767	4	0x008e	48674	64	8
23768					64
23769	4	0x008e	64802	4	8
23770					4
23771	4	0x008e	16674	2	8
23772					2
23773	4	0x008e	290	64	8
23774					64
23775	4	0x008e	16418	64	8
23776					64
23777	4	0x008e	32546	64	8
23778					64
23779	4	0x008e	48674	64	8
23780					64
23781	4	0x008e	64802	4	8
23782					4
23783	4	0x008e	16674	2	8
23784					2
23785	4	0x008e	290	64	8
23786					64
23787	4	0x008e	16418	64	8
23788					64
23789	4	0x008e	32546	64	8
23790					64
23791	4	0x008e	48674	64	8
23792					64
23793	4	0x008e	64802	4	8
23794					4
23795	4	0x008e	16674	2	8
23796					2
23797	4	0x008e	290	64	8
23798					64
23799	4	0x008e	16418	64	8
23800					64
23801	4	0x008e	32546	64	8
23802					64
23803	4	0x008e	48674	64	8
23804					64
23805	4	0x008e	64802	4	8
23806					4
23807	4	0x008e	16674	2	8
23808					2
23809	4	0x008e	290	64	8
23810					64
23811	4	0x008e	16418	64	8
23812					64
23813	4	0x008e	32546	64	8
23814					64
23815	4	0x008e	48674	64	8
23816					64
23817	4	0x008e	64802	4	8
23818					4
23819	4	0x008e	16674	2	8
23820					2
23821	4	0x008e	290	64	8
23822					64
23823	4	0x008e	16418	64	8
23824					64
23825	4	0x008e	32546	64	8
23826					64
23827	4	0x008e	48674	64	8
23828					64
23829	4	0x008e	64802	4	8
23830					4
23831	4	0x008e	16674	2	8
23832					2
23833	4	0x008e	290	64	8
23834					64
23835	4	0x008e	16418	64	8
23836					64
23837	4	0x008e	32546	64	8
23838					64
23839	4	0x008e	48674	64	8
23840					64
23841	4	0x008e	64802	4	8
23842					4
23843	4	0x008e	16674	2	8
23844					2
23845	4	0x008e	290	64	8
23846					64
23847	4	0x008e	16418	64	8
23848					64
23849	4	0x008e	32546	64	8
23850					64
23851	4	0x008e	48674	64	8
23852					64
23853	4	0x008e	64802	4	8
23854					4
23855	4	0x008e	16674	2	8
23856					2
23857	4	0x008e	290	64	8
23858					64
23859	4	0x008e	16418	64	8
23860					64
23861	4	0x008e	32546	64	8
23862					64
23863	4	0x008e	48674	64	8
23864					64
23865	4	0x008e	64802	4	8
23866					4
23867	4	0x008e	16674	2	8
23868					2
23869	4	0x008e	290	64	8
23870					64
23871	4	0x008e	16418	64	8
23872					64
23873	4	0x008e	32546	64	8
23874					64
23875	4	0x008e	48674	64	8
23876					64
23877	4	0x008e	64802	4	8
23878					4
23879	4	0x008e	16674	2	8
23880					2
23881	4	0x008e	290	64	8
23882					64
23883	4	0x008e	16418	64	8
23884					64
23885	4	0x008e	32546	64	8
23886					64
23887	4	0x008e	48674	64	8
23888					64
23889	4	0x008e	64802	4	8
23890					4
23891	4	0x008e	16674	2	8
23892					2
23893	4	0x008e	290	64	8
23894					64
23895	4	0x008e	16418	64	8
23896					64
23897	4	0x008e	32546	64	8
23898					64
23899	4	0x008e	48674	64	8
23900					64
23901	4	0x008e	64802	4	8
23902					4
23903	4	0x008e	16674	2	8
23904					2
23905	4	0x008e	290	64	8
23906					64
23907	4	0x008e	16418	64	8
23908					64
23909	4	0x008e	32546	64	8
23910					64
23911	4	0x008e	48674	64	8
23912					64
23913	4	0x008e	64802	4	8
23914					4
23915	4	0x008e	16674	2	8
23916					2
23917	4	0x008e	290	64	8
23918					64
23919	4	0x008e	16418	64	8
23920					64
23921	4	0x008e	32546	64	8
23922					64
23923	4	0x008e	48674	64	8
23924					64
23925	4	0x008e	64802	4	8
23926					4
23927	4	0x008e	16674	2	8
23928					2
23929	4	0x008e	290	64	8
23930					64
23931	4	0x008e	16418	64	8
23932					64
23933	4	0x008e	32546	64	8
23934					64
23935	4	0x008e	48674	64	8
23936					64
23937	4	0x008e	64802	4	8
23938					4
23939	4	0x008e	16674	2	8
23940					2
23941	4	0x008e	290	64	8
23942					64
23943	4	0x008e	16418	64	8
23944					64
23945	4	0x008e	32546	64	8
23946					64
23947	4	0x008e	48674	64	8
23948					64
23949	4	0x008e	64802	4	8
23950					4
23951	4	0x008e	16674	2	8
23952					2
23953	4	0x008e	290	64	8
23954					64
23955	4	0x008e	16418	64	8
23956					64
23957	4	0x008e	32546	64	8
23958					64
23959	4	0x008e	48674	64	8
23960					64
23961	4	0x008e	64802	4	8
23962					4
23963	4	0x008e	16674	2	8
23964					2
23965	4	0x008e	290	64	8
23966					64
23967	4	0x008e	16418	64	8
23968					64
23969	4	0x008e	32546	64	8
23970					64
23971	4	0x008e	48674	64	8
23972					64
23973	4	0x008e	64802	4	8
23974					4
23975	4	0x008e	16674	2	8
23976					2
23977	4	0x008e	290	64	8
23978					64
23979	4	0x008e	16418	64	8
23980					64
23981	4	0x008e	32546	64	8
23982					64
23983	4	0x008e	48674	64	8
23984					64
23985	4	0x008e	64802	4	8
23986					4
23987	4	0x008e	16674	2	8
23988					2
23989	4	0x008e	290	64	8
23990					64
23991	4	0x008e	16418	64	8
23992					64
23993	4	0x008e	32546	64	8
23994					64
23995	4	0x008e	48674	64	8
23996					64
23997	4	0x008e	64802	4	8
23998					4
23999	4	0x008e	16674	2	8
24000					2
24001	4	0x008e	290	64	8
24002					64
24003	4	0x008e	16418	64	8
24004					64
24005	4	0x008e	32546	64	8
24006					64
24007	4	0x008e	48674	64	8
24008					64
24009	4	0x008e	64802	4	8
24010					4
24011	4	0x008e	16674	2	8
24012					2
24013	4	0x008e	290	64	8
24014					64
24015	4	0x008e	16418	64	8
24016					64
24017	4	0x008e	32546	64	8
24018					64
24019	4	0x008e	48674	64	8
24020					64
24021	4	0x008e	64802	4	8
24022					4
24023	4	0x008e	16674	2	8
24024					2
24025	4	0x008e	290	64	8
24026					64
24027	4	0x008e	16418	64	8
24028					64
24029	4	0x008e	32546	64	8
24030					64
24031	4	0x008e	48674	64	8
24032					64
24033	4	0x008e	64802	4	8
24034					4
24035	4	0x008e	16674	2	8
24036					2
24037	4	0x008e	290	64	8
24038					64
24039	4	0x008e	16418	64	8
24040					64
24041	4	0x008e	32546	64	8
24042					64
24043	4	0x008e	48674	64	8
24044					64
24045	4	0x008e	64802	4	8
24046					4
24047	4	0x008e	16674	2	8
24048					2
24049	4	0x008e	290	64	8
24050					64
24051	4	0x008e	16418	64	8
24052					64
24053	4	0x008e	32546	64	8
24054					64
24055	4	0x008e	48674	64	8
24056					64
24057	4	0x008e	64802	4	8
24058					4
24059	4	0x008e	16674	2	8
24060					2
24061	4	0x008e	290	64	8
24062					64
24063	4	0x008e	16418	64	8
24064					64
24065	4	0x008e	32546	64	8
24066					64
24067	4	0x008e	48674	64	8
24068					64
24069	4	0x008e	64802	4	8
24070					4
24071	4	0x008e	16674	2	8
24072					2
24073	4	0x008e	290	64	8
24074					64
24075	4	0x008e	16418	64	8
24076					64
24077	4	0x008e	32546	64	8
24078					64
24079	4	0x008e	48674	64	8
24080					64
24081	4	0x008e	64802	4	8
24082					4
24083	4	0x008e	16674	2	8
24084					2
24085	4	0x008e	290	64	8
24086					64
24087	4	0x008e	16418	64	8
24088					64
24089	4	0x008e	32546	64	8
24090					64
24091	4	0x008e	48674	64	8
24092					64
24093	4	0x008e	64802	4	8
24094					4
24095	4	0x008e	16674	2	8
24096					2
24097	4	0x008e	290	64	8
24098					64
24099	4	0x008e	16418	64	8
24100					64
24101	4	0x008e	32546	64	8
24102					64
24103	4	0x008e	48674	64	8
24104					64
24105	4	0x008e	64802	4	8
24106					4
24107	4	0x008e	16674	2	8
24108					2
24109	4	0x008e	290	64	8
24110					64
24111	4	0x008e	16418	64	8
24112					64
24113	4	0x008e	32546	64	8
24114					64
24115	4	0x008e	48674	64	8
24116					64
24117	4	0x008e	64802	4	8
24118					4
24119	4	0x008e	16674	2	8
24120					2
24121	4	0x008e	290	64	8
24122					64
24123	4	0x008e	16418	64	8
24124					64
24125	4	0x008e	32546	64	8
24126					64
24127	4	0x008e	48674	64	8
24128					64
24129	4	0x008e	64802	4	8
24130					4
24131	4	0x008e	16674	2	8
24132					2
24133	4	0x008e	290	64	8
24134					64
24135	4	0x008e	16418	64	8
24136					64
24137	4	0x008e	32546	64	8
24138					64
24139	4	0x008e	48674	64	8
24140					64
24141	4	0x008e	64802	4	8
24142					4
24143	4	0x008e	16674	2	8
24144					2
24145	4	0x008e	290	64	8
24146					64
24147	4	0x008e	16418	64	8
24148					64
24149	4	0x008e	32546	64	8
24150					64
24151	4	0x008e	48674	64	8
24152					64
24153	4	0x008e	64802	4	8
24154					4
24155	4	0x008e	16674	2	8
24156					2
24157	4	0x008e	290	64	8
24158					64
24159	4	0x008e	16418	64	8
24160					64
24161	4	0x008e	32546	64	8
24162					64
24163	4	0x008e	48674	64	8
24164					64
24165	4	0x008e	64802	4	8
24166					4
24167	4	0x008e	16674	2	8
24168					2
24169	4	0x008e	290	64	8
24170					64
24171	4	0x008e	16418	64	8
24172					64
24173	4	0x008e	32546	64	8
24174					64
24175	4	0x008e	48674	64	8
24176					64
24177	4	0x008e	64802	4	8
24178					4
24179	4	0x008e	16674	2	8
24180					2
24181	4	0x008e	290	64	8
24182					64
24183	4	0x008e	16418	64	8
24184					64
24185	4	0x008e	32546	64	8
24186					64
24187	4	0x008e	48674	64	8
24188					64
24189	4	0x008e	64802	4	8
24190					4
24191	4	0x008e	16674	2	8
24192					2
24193	4	0x008e	290	64	8
24194					64
24195	4	0x008e	16418	64	8
24196					64
24197	4	0x008e	32546	64	8
24198					64
24199	4	0x008e	48674	64	8
24200					64
24201	4	0x008e	64802	4	8
24202					4
24203	4	0x008e	16674	2	8
24204					2
24205	4	0x008e	290	64	8
24206					64
24207	4	0x008e	16418	64	8
24208					64
24209	4	0x008e	32546	64	8
24210					64
24211	4	0x008e	48674	64	8
24212					64
24213	4	0x008e	64802	4	8
24214					4
24215	4	0x008e	16674	2	8
24216					2
24217	4	0x008e	290	64	8
24218					64
24219	4	0x008e	16418	64	8
24220					64
24221	4	0x008e	32546	64	8
24222					64
24223	4	0x008e	48674	64	8
24224					64
24225	4	0x008e	64802	4	8
24226					4
24227	4	0x008e	16674	2	8
24228					2
24229	4	0x008e	290	64	8
24230					64
24231	4	0x008e	16418	64	8
24232					64
24233	4	0x008e	32546	64	8
24234					64
24235	4	0x008e	48674	64	8
24236					64
24237	4	0x008e	64802	4	8
24238					4
24239	4	0x008e	16674	2	8
24240					2
24241	4	0x008e	290	64	8
24242					64
24243	4	0x008e	16418	64	8
24244					64
24245	4	0x008e	32546	64	8
24246					64
24247	4	0x008e	48674	64	8
24248					64
24249	4	0x008e	64802	4	8
24250					4
24251	4	0x008e	16674	2	8
24252					2
24253	4	0x008e	290	64	8
24254					64
24255	4	0x008e	16418	64	8
24256					64
24257	4	0x008e	32546	64	8
24258					64
24259	4	0x008e	48674	64	8
24260					64
24261	4	0x008e	64802	4	8
24262					4
24263	4	0x008e	16674	2	8
24264					2
24265	4	0x008e	290	64	8
24266					64
24267	4	0x008e	16418	64	8
24268					64
24269	4	0x008e	32546	64	8
24270					64
24271	4	0x008e	48674	64	8
24272					64
24273	4	0x008e	64802	4	8
24274					4
24275	4	0x008e	16674	2	8
24276					2
24277	4	0x008e	290	64	8
24278					64
24279	4	0x008e	16418	64	8
24280					64
24281	4	0x008e	32546	64	8
24282					64
24283	4	0x008e	48674	64	8
24284					64
24285	4	0x008e	64802	4	8
24286					4
24287	4	0x008e	16674	2	8
24288					2
24289	4	0x008e	290	64	8
24290					64
24291	4	0x008e	16418	64	8
24292					64
24293	4	0x008e	32546	64	8
24294					64
24295	4	0x008e	48674	64	8
24296					64
24297	4	0x008e	64802	4	8
24298					4
24299	4	0x008e	16674	2	8
24300					2
24301	4	0x008e	290	64	8
24302					64
24303	4	0x008e	16418	64	8
24304					64
24305	4	0x008e	32546	64	8
24306					64
24307	4	0x008e	48674	64	8
24308					64
24309	4	0x008e	64802	4	8
24310					4
24311	4	0x008e	16674	2	8
24312					2
24313	4	0x008e	290	64	8
24314					64
24315	4	0x008e	16418	64	8
24316					64
24317	4	0x008e	32546	64	8
24318					64
24319	4	0x008e	48674	64	8
24320					64
24321	4	0x008e	64802	4	8
24322					4
24323	4	0x008e	16674	2	8
24324					2
24325	4	0x008e	290	64	8
24326					64
24327	4	0x008e	16418	64	8
24328					64
24329	4	0x008e	32546	64	8
24330					64
24331	4	0x008e	48674	64	8
24332					64
24333	4	0x008e	64802	4	8
24334					4
24335	4	0x008e	16674	2	8
24336					2
24337	4	0x008e	290	64	8
24338					64
24339	4	0x008e	16418	64	8
24340					64
24341	4	0x008e	32546	64	8
24342					64
24343	4	0x008e	48674	64	8
24344					64
24345	4	0x008e	64802	4	8
24346					4
24347	4	0x008e	16674	2	8
24348					2
24349	4	0x008e	290	64	8
24350					64
24351	4	0x008e	16418	64	8
24352					64
24353	4	0x008e	32546	64	8
24354					64
24355	4	0x008e	48674	64	8
24356					64
24357	4	0x008e	64802	4	8
24358					4
24359	4	0x008e	16674	2	8
24360					2
24361	4	0x008e	290	64	8
24362					64
24363	4	0x008e	16418	64	8
24364					64
24365	4	0x008e	32546	64	8
24366					64
24367	4	0x008e	48674	64	8
24368					64
24369	4	0x008e	64802	4	8
24370					4
24371	4	0x008e	16674	2	8
24372					2
24373	4	0x008e	290	64	8
24374					64
24375	4	0x008e	16418	64	8
24376					64
24377	4	0x008e	32546	64	8
24378					64
24379	4	0x008e	48674	64	8
24380					64
24381	4	0x008e	64802	4	8
24382					4
24383	4	0x008e	16674	2	8
24384					2
24385	4	0x008e	290	64	8
24386					64
24387	4	0x008e	16418	64	8
24388					64
24389	4	0x008e	32546	64	8
24390					64
24391	4	0x008e	48674	64	8
24392					64
24393	4	0x008e	64802	4	8
24394					4
24395	4	0x008e	16674	2	8
24396					2
24397	4	0x008e	290	64	8
24398					64
24399	4	0x008e	16418	64	8
24400					64
24401	4	0x008e	32546	64	8
24402					64
24403	4	0x008e	48674	64	8
24404					64
24405	4	0x008e	64802	4	8
24406					4
24407	4	0x008e	16674	2	8
24408					2
24409	4	0x008e	290	64	8
24410					64
24411	4	0x008e	16418	64	8
24412					64
24413	4	0x008e	32546	64	8
24414					64
24415	4	0x008e	48674	64	8
24416					64
24417	4	0x008e	64802	4	8
24418					4
24419	4	0x008e	16674	2	8
24420					2
24421	4	0x008e	290	64	8
24422					64
24423	4	0x008e	16418	64	8
24424					64
24425	4	0x008e	32546	64	8
24426					64
24427	4	0x008e	48674	64	8
24428					64
24429	4	0x008e	64802	4	8
24430					4
24431	4	0x008e	16674	2	8
24432					2
24433	4	0x008e	290	64	8
24434					64
24435	4	0x008e	16418	64	8
24436					64
24437	4	0x008e	32546	64	8
24438					64
24439	4	0x008e	48674	64	8
24440					64
24441	4	0x008e	64802	4	8
24442					4
24443	4	0x008e	16674	2	8
24444					2
24445	4	0x008e	290	64	8
24446					64
24447	4	0x008e	16418	64	8
24448					64
24449	4	0x008e	32546	64	8
24450					64
24451	4	0x008e	48674	64	8
24452					64
24453	4	0x008e	64802	4	8
24454					4
24455	4	0x008e	16674	2	8
24456					2
24457	4	0x008e	290	64	8
24458					64
24459	4	0x008e	16418	64	8
24460					64
24461	4	0x008e	32546	64	8
24462					64
24463	4	0x008e	48674	64	8
24464					64
24465	4	0x008e	64802	4	8
24466					4
24467	4	0x008e	16674	2	8
24468					2
24469	4	0x008e	290	64	8
24470					64
24471	4	0x008e	16418	64	8
24472					64
24473	4	0x008e	32546	64	8
24474					64
24475	4	0x008e	48674	64	8
24476					64
24477	4	0x008e	64802	4	8
24478					4
24479	4	0x008e	16674	2	8
24480					2
24481	4	0x008e	290	64	8
24482					64
24483	4	0x008e	16418	64	8
24484					64
24485	4	0x008e	32546	64	8
24486					64
24487	4	0x008e	48674	64	8
24488					64
24489	4	0x008e	64802	4	8
24490					4
24491	4	0x008e	16674	2	8
24492					2
24493	4	0x008e	290	64	8
24494					64
24495	4	0x008e	16418	64	8
24496					64
24497	4	0x008e	32546	64	8
24498					64
24499	4	0x008e	48674	64	8
24500					64
24501	4	0x008e	64802	4	8
24502					4
24503	4	0x008e	16674	2	8
24504					2
24505	4	0x008e	290	64	8
24506					64
24507	4	0x008e	16418	64	8
24508					64
24509	4	0x008e	32546	64	8
24510					64
24511	4	0x008e	48674	64	8
24512					64
24513	4	0x008e	64802	4	8
24514					4
24515	4	0x008e	16674	2	8
24516					2
24517	4	0x008e	290	64	8
24518					64
24519	4	0x008e	16418	64	8
24520					64
24521	4	0x008e	32546	64	8
24522					64
24523	4	0x008e	48674	64	8
24524					64
24525	4	0x008e	64802	4	8
24526					4
24527	4	0x008e	16674	2	8
24528					2
24529	4	0x008e	290	64	8
24530					64
24531	4	0x008e	16418	64	8
24532					64
24533	4	0x008e	32546	64	8
24534					64
24535	4	0x008e	48674	64	8
24536					64
24537	4	0x008e	64802	4	8
24538					4
24539	4	0x008e	16674	2	8
24540					2
24541	4	0x008e	290	64	8
24542					64
24543	4	0x008e	16418	64	8
24544					64
24545	4	0x008e	32546	64	8
24546					64
24547	4	0x008e	48674	64	8
24548					64
24549	4	0x008e	64802	4	8
24550					4
24551	4	0x008e	16674	2	8
24552					2
24553	4	0x008e	290	64	8
24554					64
24555	4	0x008e	16418	64	8
24556					64
24557	4	0x008e	32546	64	8
24558					64
24559	4	0x008e	48674	64	8
24560					64
24561	4	0x008e	64802	4	8
24562					4
24563	4	0x008e	16674	2	8
24564					2
24565	4	0x008e	290	64	8
24566					64
24567	4	0x008e	16418	64	8
24568					64
24569	4	0x008e	32546	64	8
24570					64
24571	4	0x008e	48674	64	8
24572					64
24573	4	0x008e	64802	4	8
24574					4
24575	4	0x008e	16674	2	8
24576					2
24577	4	0x008e	290	64	8
24578					64
24579	4	0x008e	16418	64	8
24580					64
24581	4	0x008e	32546	64	8
24582					64
24583	4	0x008e	48674	64	8
24584					64
24585	4	0x008e	64802	4	8
24586					4
24587	4	0x008e	16674	2	8
24588					2
24589	4	0x008e	290	64	8
24590					64
24591	4	0x008e	16418	64	8
24592					64
24593	4	0x008e	32546	64	8
24594					64
24595	4	0x008e	48674	64	8
24596					64
24597	4	0x008e	64802	4	8
24598					4
24599	4	0x008e	16674	2	8
24600					2
24601	4	0x008e	290	64	8
24602					64
24603	4	0x008e	16418	64	8
24604					64
24605	4	0x008e	32546	64	8
24606					64
24607	4	0x008e	48674	64	8
24608					64
24609	4	0x008e	64802	4	8
24610					4
24611	4	0x008e	16674	2	8
24612					2
24613	4	0x008e	290	64	8
24614					64
24615	4	0x008e	16418	64	8
24616					64
24617	4	0x008e	32546	64	8
24618					64
24619	4	0x008e	48674	64	8
24620					64
24621	4	0x008e	64802	4	8
24622					4
24623	4	0x008e	16674	2	8
24624					2
24625	4	0x008e	290	64	8
24626					64
24627	4	0x008e	16418	64	8
24628					64
24629	4	0x008e	32546	64	8
24630					64
24631	4	0x008e	48674	64	8
24632					64
24633	4	0x008e	64802	4	8
24634					4
24635	4	0x008e	16674	2	8
24636					2
24637	4	0x008e	290	64	8
24638					64
24639	4	0x008e	16418	64	8
24640					64
24641	4	0x008e	32546	64	8
24642					64
24643	4	0x008e	48674	64	8
24644					64
24645	4	0x008e	64802	4	8
24646					4
24647	4	0x008e	16674	2	8
24648					2
24649	4	0x008e	290	64	8
24650					64
24651	4	0x008e	16418	64	8
24652					64
24653	4	0x008e	32546	64	8
24654					64
24655	4	0x008e	48674	64	8
24656					64
24657	4	0x008e	64802	4	8
24658					4
24659	4	0x008e	16674	2	8
24660					2
24661	4	0x008e	290	64	8
24662					64
24663	4	0x008e	16418	64	8
24664					64
24665	4	0x008e	32546	64	8
24666					64
24667	4	0x008e	48674	64	8
24668					64
24669	4	0x008e	64802	4	8
24670					4
24671	4	0x008e	16674	2	8
24672					2
24673	4	0x008e	290	64	8
24674					64
24675	4	0x008e	16418	64	8
24676					64
24677	4	0x008e	32546	64	8
24678					64
24679	4	0x008e	48674	64	8
24680					64
24681	4	0x008e	64802	4	8
24682					4
24683	4	0x008e	16674	2	8
24684					2
24685	4	0x008e	290	64	8
24686					64
24687	4	0x008e	16418	64	8
24688					64
24689	4	0x008e	32546	64	8
24690					64
24691	4	0x008e	48674	64	8
24692					64
24693	4	0x008e	64802	4	8
24694					4
24695	4	0x008e	16674	2	8
24696					2
24697	4	0x008e	290	64	8
24698					64
24699	4	0x008e	16418	64	8
24700					64
24701	4	0x008e	32546	64	8
24702					64
24703	4	0x008e	48674	64	8
24704					64
24705	4	0x008e	64802	4	8
24706					4
24707	4	0x008e	16674	2	8
24708					2
24709	4	0x008e	290	64	8
24710					64
24711	4	0x008e	16418	64	8
24712					64
24713	4	0x008e	32546	64	8
24714					64
24715	4	0x008e	48674	64	8
24716					64
24717	4	0x008e	64802	4	8
24718					4
24719	4	0x008e	16674	2	8
24720					2
24721	4	0x008e	290	64	8
24722					64
24723	4	0x008e	16418	64	8
24724					64
24725	4	0x008e	32546	64	8
24726					64
24727	4	0x008e	48674	64	8
24728					64
24729	4	0x008e	64802	4	8
24730					4
24731	4	0x008e	16674	2	8
24732					2
24733	4	0x008e	290	64	8
24734					64
24735	4	0x008e	16418	64	8
24736					64
24737	4	0x008e	32546	64	8
24738					64
24739	4	0x008e	48674	64	8
24740					64
24741	4	0x008e	64802	4	8
24742					4
24743	4	0x008e	16674	2	8
24744					2
24745	4	0x008e	290	64	8
24746					64
24747	4	0x008e	16418	64	8
24748					64
24749	4	0x008e	32546	64	8
24750					64
24751	4	0x008e	48674	64	8
24752					64
24753	4	0x008e	64802	4	8
24754					4
24755	4	0x008e	16674	2	8
24756					2
24757	4	0x008e	290	64	8
24758					64
24759	4	0x008e	16418	64	8
24760					64
24761	4	0x008e	32546	64	8
24762					64
24763	4	0x008e	48674	64	8
24764					64
24765	4	0x008e	64802	4	8
24766					4
24767	4	0x008e	16674	2	8
24768					2
24769	4	0x008e	290	64	8
24770					64
24771	4	0x008e	16418	64	8
24772					64
24773	4	0x008e	32546	64	8
24774					64
24775	4	0x008e	48674	64	8
24776					64
24777	4	0x008e	64802	4	8
24778					4
24779	4	0x008e	16674	2	8
24780					2
24781	4	0x008e	290	64	8
24782					64
24783	4	0x008e	16418	64	8
24784					64
24785	4	0x008e	32546	64	8
24786					64
24787	4	0x008e	48674	64	8
24788					64
24789	4	0x008e	64802	4	8
24790					4
24791	4	0x008e	16674	2	8
24792					2
24793	4	0x008e	290	64	8
24794					64
24795	4	0x008e	16418	64	8
24796					64
24797	4	0x008e	32546	64	8
24798					64
24799	4	0x008e	48674	64	8
24800					64
24801	4	0x008e	64802	4	8
24802					4
24803	4	0x008e	16674	2	8
24804					2
24805	4	0x008e	290	64	8
24806					64
24807	4	0x008e	16418	64	8
24808					64
24809	4	0x008e	32546	64	8
24810					64
24811	4	0x008e	48674	64	8
24812					64
24813	4	0x008e	64802	4	8
24814					4
24815	4	0x008e	16674	2	8
24816					2
24817	4	0x008e	290	64	8
24818					64
24819	4	0x008e	16418	64	8
24820					64
24821	4	0x008e	32546	64	8
24822					64
24823	4	0x008e	48674	64	8
24824					64
24825	4	0x008e	64802	4	8
24826					4
24827	4	0x008e	16674	2	8
24828					2
24829	4	0x008e	290	64	8
24830					64
24831	4	0x008e	16418	64	8
24832					64
24833	4	0x008e	32546	64	8
24834					64
24835	4	0x008e	48674	64	8
24836					64
24837	4	0x008e	64802	4	8
24838					4
24839	4	0x008e	16674	2	8
24840					2
24841	4	0x008e	290	64	8
24842					64
24843	4	0x008e	16418	64	8
24844					64
24845	4	0x008e	32546	64	8
24846					64
24847	4	0x008e	48674	64	8
24848					64
24849	4	0x008e	64802	4	8
24850					4
24851	4	0x008e	16674	2	8
24852					2
24853	4	0x008e	290	64	8
24854					64
24855	4	0x008e	16418	64	8
24856					64
24857	4	0x008e	32546	64	8
24858					64
24859	4	0x008e	48674	64	8
24860					64
24861	4	0x008e	64802	4	8
24862					4
24863	4	0x008e	16674	2	8
24864					2
24865	4	0x008e	290	64	8
24866					64
24867	4	0x008e	16418	64	8
24868					64
24869	4	0x008e	32546	64	8
24870					64
24871	4	0x008e	48674	64	8
24872					64
24873	4	0x008e	64802	4	8
24874					4
24875	4	0x008e	16674	2	8
24876					2
24877	4	0x008e	290	64	8
24878					64
24879	4	0x008e	16418	64	8
24880					64
24881	4	0x008e	32546	64	8
24882					64
24883	4	0x008e	48674	64	8
24884					64
24885	4	0x008e	64802	4	8
24886					4
24887	4	0x008e	16674	2	8
24888					2
24889	4	0x008e	290	64	8
24890					64
24891	4	0x008e	16418	64	8
24892					64
24893	4	0x008e	32546	64	8
24894					64
24895	4	0x008e	48674	64	8
24896					64
24897	4	0x008e	64802	4	8
24898					4
24899	4	0x008e	16674	2	8
24900					2
24901	4	0x008e	290	64	8
24902					64
24903	4	0x008e	16418	64	8
24904					64
24905	4	0x008e	32546	64	8
24906					64
24907	4	0x008e	48674	64	8
24908					64
24909	4	0x008e	64802	4	8
24910					4
24911	4	0x008e	16674	2	8
24912					2
24913	4	0x008e	290	64	8
24914					64
24915	4	0x008e	16418	64	8
24916					64
24917	4	0x008e	32546	64	8
24918					64
24919	4	0x008e	48674	64	8
24920					64
24921	4	0x008e	64802	4	8
24922					4
24923	4	0x008e	16674	2	8
24924					2
24925	4	0x008e	290	64	8
24926					64
24927	4	0x008e	16418	64	8
24928					64
24929	4	0x008e	32546	64	8
24930					64
24931	4	0x008e	48674	64	8
24932					64
24933	4	0x008e	64802	4	8
24934					4
24935	4	0x008e	16674	2	8
24936					2
24937	4	0x008e	290	64	8
24938					64
24939	4	0x008e	16418	64	8
24940					64
24941	4	0x008e	32546	64	8
24942					64
24943	4	0x008e	48674	64	8
24944					64
24945	4	0x008e	64802	4	8
24946					4
24947	4	0x008e	16674	2	8
24948					2
24949	4	0x008e	290	64	8
24950					64
24951	4	0x008e	16418	64	8
24952					64
24953	4	0x008e	32546	64	8
24954					64
24955	4	0x008e	48674	64	8
24956					64
24957	4	0x008e	64802	4	8
24958					4
24959	4	0x008e	16674	2	8
24960					2
24961	4	0x008e	290	64	8
24962					64
24963	4	0x008e	16418	64	8
24964					64
24965	4	0x008e	32546	64	8
24966					64
24967	4	0x008e	48674	64	8
24968					64
24969	4	0x008e	64802	4	8
24970					4
24971	4	0x008e	16674	2	8
24972					2
24973	4	0x008e	290	64	8
24974					64
24975	4	0x008e	16418	64	8
24976					64
24977	4	0x008e	32546	64	8
24978					64
24979	4	0x008e	48674	64	8
24980					64
24981	4	0x008e	64802	4	8
24982					4
24983	4	0x008e	16674	2	8
24984					2
24985	4	0x008e	290	64	8
24986					64
24987	4	0x008e	16418	64	8
24988					64
24989	4	0x008e	32546	64	8
24990					64
24991	4	0x008e	48674	64	8
24992					64
24993	4	0x008e	64802	4	8
24994					4
24995	4	0x008e	16674	2	8
24996					2
24997	4	0x008e	290	64	8
24998					64
24999	4	0x008e	16418	64	8
25000					64
25001	4	0x008e	32546	64	8
25002					64
25003	4	0x008e	48674	64	8
25004					64
25005	4	0x008e	64802	4	8
25006					4
25007	4	0x008e	16674	2	8
25008					2
25009	4	0x008e	290	64	8
25010					64
25011	4	0x008e	16418	64	8
25012					64
25013	4	0x008e	32546	64	8
25014					64
25015	4	0x008e	48674	64	8
25016					64
25017	4	0x008e	64802	4	8
25018					4
25019	4	0x008e	16674	2	8
25020					2
25021	4	0x008e	290	64	8
25022					64
25023	4	0x008e	16418	64	8
25024					64
25025	4	0x008e	32546	64	8
25026					64
25027	4	0x008e	48674	64	8
25028					64
25029	4	0x008e	64802	4	8
25030					4
25031	4	0x008e	16674	2	8
25032					2
25033	4	0x008e	290	64	8
25034					64
25035	4	0x008e	16418	64	8
25036					64
25037	4	0x008e	32546	64	8
25038					64
25039	4	0x008e	48674	64	8
25040					64
25041	4	0x008e	64802	4	8
25042					4
25043	4	0x008e	16674	2	8
25044					2
25045	4	0x008e	290	64	8
25046					64
25047	4	0x008e	16418	64	8
25048					64
25049	4	0x008e	32546	64	8
25050					64
25051	4	0x008e	48674	64	8
25052					64
25053	4	0x008e	64802	4	8
25054					4
25055	4	0x008e	16674	2	8
25056					2
25057	4	0x008e	290	64	8
25058					64
25059	4	0x008e	16418	64	8
25060					64
25061	4	0x008e	32546	64	8
25062					64
25063	4	0x008e	48674	64	8
25064					64
25065	4	0x008e	64802	4	8
25066					4
25067	4	0x008e	16674	2	8
25068					2
25069	4	0x008e	290	64	8
25070					64
25071	4	0x008e	16418	64	8
25072					64
25073	4	0x008e	32546	64	8
25074					64
25075	4	0x008e	48674	64	8
25076					64
25077	4	0x008e	64802	4	8
25078					4
25079	4	0x008e	16674	2	8
25080					2
25081	4	0x008e	290	64	8
25082					64
25083	4	0x008e	16418	64	8
25084					64
25085	4	0x008e	32546	64	8
25086					64
25087	4	0x008e	48674	64	8
25088					64
25089	4	0x008e	64802	4	8
25090					4
25091	4	0x008e	16674	2	8
25092					2
25093	4	0x008e	290	64	8
25094					64
25095	4	0x008e	16418	64	8
25096					64
25097	4	0x008e	32546	64	8
25098					64
25099	4	0x008e	48674	64	8
25100					64
25101	4	0x008e	64802	4	8
25102					4
25103	4	0x008e	16674	2	8
25104					2
25105	4	0x008e	290	64	8
25106					64
25107	4	0x008e	16418	64	8
25108					64
25109	4	0x008e	32546	64	8
25110					64
25111	4	0x008e	48674	64	8
25112					64
25113	4	0x008e	64802	4	8
25114					4
25115	4	0x008e	16674	2	8
25116					2
25117	4	0x008e	290	64	8
25118					64
25119	4	0x008e	16418	64	8
25120					64
25121	4	0x008e	32546	64	8
25122					64
25123	4	0x008e	48674	64	8
25124					64
25125	4	0x008e	64802	4	8
25126					4
25127	4	0x008e	16674	2	8
25128					2
25129	4	0x008e	290	64	8
25130					64
25131	4	0x008e	16418	64	8
25132					64
25133	4	0x008e	32546	64	8
25134					64
25135	4	0x008e	48674	64	8
25136					64
25137	4	0x008e	64802	4	8
25138					4
25139	4	0x008e	16674	2	8
25140					2
25141	4	0x008e	290	64	8
25142					64
25143	4	0x008e	16418	64	8
25144					64
25145	4	0x008e	32546	64	8
25146					64
25147	4	0x008e	48674	64	8
25148					64
25149	4	0x008e	64802	4	8
25150					4
25151	4	0x008e	16674	2	8
25152					2
25153	4	0x008e	290	64	8
25154					64
25155	4	0x008e	16418	64	8
25156					64
25157	4	0x008e	32546	64	8
25158					64
25159	4	0x008e	48674	64	8
25160					64
25161	4	0x008e	64802	4	8
25162					4
25163	4	0x008e	16674	2	8
25164					2
25165	4	0x008e	290	64	8
25166					64
25167	4	0x008e	16418	64	8
25168					64
25169	4	0x008e	32546	64	8
25170					64
25171	4	0x008e	48674	64	8
25172					64
25173	4	0x008e	64802	4	8
25174					4
25175	4	0x008e	16674	2	8
25176					2
25177	4	0x008e	290	64	8
25178					64
25179	4	0x008e	16418	64	8
25180					64
25181	4	0x008e	32546	64	8
25182					64
25183	4	0x008e	48674	64	8
25184					64
25185	4	0x008e	64802	4	8
25186					4
25187	4	0x008e	16674	2	8
25188					2
25189	4	0x008e	290	64	8
25190					64
25191	4	0x008e	16418	64	8
25192					64
25193	4	0x008e	32546	64	8
25194					64
25195	4	0x008e	48674	64	8
25196					64
25197	4	0x008e	64802	4	8
25198					4
25199	4	0x008e	16674	2	8
25200					2
25201	4	0x008e	290	64	8
25202					64
25203	4	0x008e	16418	64	8
25204					64
25205	4	0x008e	32546	64	8
25206					64
25207	4	0x008e	48674	64	8
25208					64
25209	4	0x008e	64802	4	8
25210					4
25211	4	0x008e	16674	2	8
25212					2
25213	4	0x008e	290	64	8
25214					64
25215	4	0x008e	16418	64	8
25216					64
25217	4	0x008e	32546	64	8
25218					64
25219	4	0x008e	48674	64	8
25220					64
25221	4	0x008e	64802	4	8
25222					4
25223	4	0x008e	16674	2	8
25224					2
25225	4	0x008e	290	64	8
25226					64
25227	4	0x008e	16418	64	8
25228					64
25229	4	0x008e	32546	64	8
25230					64
25231	4	0x008e	48674	64	8
25232					64
25233	4	0x008e	64802	4	8
25234					4
25235	4	0x008e	16674	2	8
25236					2
25237	4	0x008e	290	64	8
25238					64
25239	4	0x008e	16418	64	8
25240					64
25241	4	0x008e	32546	64	8
25242					64
25243	4	0x008e	48674	64	8
25244					64
25245	4	0x008e	64802	4	8
25246					4
25247	4	0x008e	16674	2	8
25248					2
25249	4	0x008e	290	64	8
25250					64
25251	4	0x008e	16418	64	8
25252					64
25253	4	0x008e	32546	64	8
25254					64
25255	4	0x008e	48674	64	8
25256					64
25257	4	0x008e	64802	4	8
25258					4
25259	4	0x008e	16674	2	8
25260					2
25261	4	0x008e	290	64	8
25262					64
25263	4	0x008e	16418	64	8
25264					64
25265	4	0x008e	32546	64	8
25266					64
25267	4	0x008e	48674	64	8
25268					64
25269	4	0x008e	64802	4	8
25270					4
25271	4	0x008e	16674	2	8
25272					2
25273	4	0x008e	290	64	8
25274					64
25275	4	0x008e	16418	64	8
25276					64
25277	4	0x008e	32546	64	8
25278					64
25279	4	0x008e	48674	64	8
25280					64
25281	4	0x008e	64802	4	8
25282					4
25283	4	0x008e	16674	2	8
25284					2
25285	4	0x008e	290	64	8
25286					64
25287	4	0x008e	16418	64	8
25288					64
25289	4	0x008e	32546	64	8
25290					64
25291	4	0x008e	48674	64	8
25292					64
25293	4	0x008e	64802	4	8
25294					4
25295	4	0x008e	16674	2	8
25296					2
25297	4	0x008e	290	64	8
25298					64
25299	4	0x008e	16418	64	8
25300					64
25301	4	0x008e	32546	64	8
25302					64
25303	4	0x008e	48674	64	8
25304					64
25305	4	0x008e	64802	4	8
25306					4
25307	4	0x008e	16674	2	8
25308					2
25309	4	0x008e	290	64	8
25310					64
25311	4	0x008e	16418	64	8
25312					64
25313	4	0x008e	32546	64	8
25314					64
25315	4	0x008e	48674	64	8
25316					64
25317	4	0x008e	64802	4	8
25318					4
25319	4	0x008e	16674	2	8
25320					2
25321	4	0x008e	290	64	8
25322					64
25323	4	0x008e	16418	64	8
25324					64
25325	4	0x008e	32546	64	8
25326					64
25327	4	0x008e	48674	64	8
25328					64
25329	4	0x008e	64802	4	8
25330					4
25331	4	0x008e	16674	2	8
25332					2
25333	4	0x008e	290	64	8
25334					64
25335	4	0x008e	16418	64	8
25336					64
25337	4	0x008e	32546	64	8
25338					64
25339	4	0x008e	48674	64	8
25340					64
25341	4	0x008e	64802	4	8
25342					4
25343	4	0x008e	16674	2	8
25344					2
25345	4	0x008e	290	64	8
25346					64
25347	4	0x008e	16418	64	8
25348					64
25349	4	0x008e	32546	64	8
25350					64
25351	4	0x008e	48674	64	8
25352					64
25353	4	0x008e	64802	4	8
25354					4
25355	4	0x008e	16674	2	8
25356					2
25357	4	0x008e	290	64	8
25358					64
25359	4	0x008e	16418	64	8
25360					64
25361	4	0x008e	32546	64	8
25362					64
25363	4	0x008e	48674	64	8
25364					64
25365	4	0x008e	64802	4	8
25366					4
25367	4	0x008e	16674	2	8
25368					2
25369	4	0x008e	290	64	8
25370					64
25371	4	0x008e	16418	64	8
25372					64
25373	4	0x008e	32546	64	8
25374					64
25375	4	0x008e	48674	64	8
25376					64
25377	4	0x008e	64802	4	8
25378					4
25379	4	0x008e	16674	2	8
25380					2
25381	4	0x008e	290	64	8
25382					64
25383	4	0x008e	16418	64	8
25384					64
25385	4	0x008e	32546	64	8
25386					64
25387	4	0x008e	48674	64	8
25388					64
25389	4	0x008e	64802	4	8
25390					4
25391	4	0x008e	16674	2	8
25392					2
25393	4	0x008e	290	64	8
25394					64
25395	4	0x008e	16418	64	8
25396					64
25397	4	0x008e	32546	64	8
25398					64
25399	4	0x008e	48674	64	8
25400					64
25401	4	0x008e	64802	4	8
25402					4
25403	4	0x008e	16674	2	8
25404					2
25405	4	0x008e	290	64	8
25406					64
25407	4	0x008e	16418	64	8
25408					64
25409	4	0x008e	32546	64	8
25410					64
25411	4	0x008e	48674	64	8
25412					64
25413	4	0x008e	64802	4	8
25414					4
25415	4	0x008e	16674	2	8
25416					2
25417	4	0x008e	290	64	8
25418					64
25419	4	0x008e	16418	64	8
25420					64
25421	4	0x008e	32546	64	8
25422					64
25423	4	0x008e	48674	64	8
25424					64
25425	4	0x008e	64802	4	8
25426					4
25427	4	0x008e	16674	2	8
25428					2
25429	4	0x008e	290	64	8
25430					64
25431	4	0x008e	16418	64	8
25432					64
25433	4	0x008e	32546	64	8
25434					64
25435	4	0x008e	48674	64	8
25436					64
25437	4	0x008e	64802	4	8
25438					4
25439	4	0x008e	16674	2	8
25440					2
25441	4	0x008e	290	64	8
25442					64
25443	4	0x008e	16418	64	8
25444					64
25445	4	0x008e	32546	64	8
25446					64
25447	4	0x008e	48674	64	8
25448					64
25449	4	0x008e	64802	4	8
25450					4
25451	4	0x008e	16674	2	8
25452					2
25453	4	0x008e	290	64	8
25454					64
25455	4	0x008e	16418	64	8
25456					64
25457	4	0x008e	32546	64	8
25458					64
25459	4	0x008e	48674	64	8
25460					64
25461	4	0x008e	64802	4	8
25462					4
25463	4	0x008e	16674	2	8
25464					2
25465	4	0x008e	290	64	8
25466					64
25467	4	0x008e	16418	64	8
25468					64
25469	4	0x008e	32546	64	8
25470					64
25471	4	0x008e	48674	64	8
25472					64
25473	4	0x008e	64802	4	8
25474					4
25475	4	0x008e	16674	2	8
25476					2
25477	4	0x008e	290	64	8
25478					64
25479	4	0x008e	16418	64	8
25480					64
25481	4	0x008e	32546	64	8
25482					64
25483	4	0x008e	48674	64	8
25484					64
25485	4	0x008e	64802	4	8
25486					4
25487	4	0x008e	16674	2	8
25488					2
25489	4	0x008e	290	64	8
25490					64
25491	4	0x008e	16418	64	8
25492					64
25493	4	0x008e	32546	64	8
25494					64
25495	4	0x008e	48674	64	8
25496					64
25497	4	0x008e	64802	4	8
25498					4
25499	4	0x008e	16674	2	8
25500					2
25501	4	0x008e	290	64	8
25502					64
25503	4	0x008e	16418	64	8
25504					64
25505	4	0x008e	32546	64	8
25506					64
25507	4	0x008e	48674	64	8
25508					64
25509	4	0x008e	64802	4	8
25510					4
25511	4	0x008e	16674	2	8
25512					2
25513	4	0x0083	0	2	10
25514					0
25515	4	0x0083	0	2	10
25516					0
25517	4	0x0083	0	6	14
25518					0
25519	4	0x0083	0	2	10
25520					0
25521	4	0x008e	16674	2	8
25522					2
25523	4	0x008e	18466	4	8
25524					4
25525	4	0x0083	0	2	10
25526					0
25527	4	0x0083	0	2	10
25528					0
25529	4	0x008e	290	64	8
25530					64
25531	4	0x008e	16418	64	8
25532					64
25533	4	0x008e	32546	64	8
25534					64
25535	4	0x008e	48674	64	8
25536					64
25537	4	0x008e	64802	4	8
25538					4
25539	4	0x008e	16674	2	8
25540					2
25541	4	0x008e	19234	4	8
25542					4
25543	4	0x008e	290	64	8
25544					64
25545	4	0x008e	16418	64	8
25546					64
25547	4	0x008e	32546	64	8
25548					64
25549	4	0x008e	48674	64	8
25550					64
25551	4	0x008e	64802	4	8
25552					4
25553	4	0x008e	16674	2	8
25554					2
25555	4	0x0083	0	2	10
25556					0
25557	4	0x0083	0	2	10
25558					0
25559	4	0x0083	0	2	10
25560					0
25561	4	0x0083	0	2	10
25562					0
25563	4	0x0083	0	2	10
25564					0
25565	4	0x0083	0	2	10
25566					0
25567	4	0x0083	0	2	10
25568					0
25569	4	0x008e	290	64	8
25570					64
25571	4	0x008e	16418	64	8
25572					64
25573	4	0x008e	32546	64	8
25574					64
25575	4	0x008e	48674	64	8
25576					64
25577	4	0x008e	64802	4	8
25578					4
25579	4	0x0083	0	2	10
25580					0
25581	12	0x008c	16	1	9
25582					0
25583	12	0x008c	19	1	9
25584					0
25585	4	0x0083	0	64	72
25586					0
25587	4	0x0083	0	64	72
25588					0
25589	4	0x0083	0	64	72
25590					0
25591	4	0x0083	0	8	16
25592					0
25593	4	0x0083	0	54	62
25594					0
25595	4	0x0084	57862	4	8
25596					4
25597	4	0x008e	290	64	8
25598					64
25599	4	0x008e	16418	64	8
25600					64
25601	4	0x008e	32546	64	8
25602					64
25603	4	0x008e	48674	64	8
25604					64
25605	4	0x008e	64802	4	8
25606					4
25607	4	0x008e	16674	2	8
25608					2
25609	4	0x008e	2594	2	8
25610					2
25611	4	0x0083	0	2	10
25612					0
25613	4	0x008e	16418	2	8
25614					2
25615	4	0x0083	0	2	10
25616					0
25617	4	0x0083	0	2	10
25618					0
25619	4	0x0083	0	2	10
25620					0
25621	4	0x0083	0	2	10
25622					0
25623	4	0x0083	0	2	10
25624					0
